transport_mode,origin_region,destination_region,route_distance_km,planned_duration_hours,elapsed_transit_hours,transit_progress_pct,priority_level,carrier_reliability_score,origin_port_congestion_index,dest_port_congestion_index,weather_severity_index,customs_inspection_risk,seasonal_disruption_factor,disrupted,split
Road,East_Asia,Europe,1004.2,27.9,8.2,0.2939,High,0.9451,29.2,62.6,4.1,0.5761,0.806,1,train
Road,East_Asia,East_Asia,885.7,19.0,13.4,0.7053,Standard,0.6186,14.1,24.4,47.0,0.0648,0.2885,1,train
Ocean,Southeast_Asia,Middle_East,10723.5,412.4,203.9,0.4944,Standard,0.8123,52.3,52.0,7.6,0.3936,0.8242,1,train
Ocean,East_Asia,North_America,12931.8,478.6,359.1,0.7503,Standard,0.5702,14.5,33.7,18.6,0.4192,0.3873,1,train
Air,East_Asia,Latin_America,5622.6,31.4,17.7,0.5637,Standard,0.759,39.4,13.4,23.6,0.4542,0.7053,1,train
Ocean,South_Asia,Latin_America,12426.1,481.2,378.4,0.7864,Urgent,0.9031,47.4,20.6,12.7,0.3846,0.7278,1,train
Road,East_Asia,East_Asia,1560.4,37.1,2.4,0.0647,High,0.6895,14.2,45.6,20.6,0.1439,0.2883,1,train
Ocean,South_Asia,Oceania,8921.6,348.1,79.5,0.2284,High,0.99,28.9,17.9,22.7,0.3789,0.7808,1,train
Rail,South_Asia,Europe,3184.7,91.0,6.7,0.0736,Standard,0.6351,28.8,64.6,24.6,0.4819,0.1238,1,train
Ocean,South_Asia,Middle_East,12920.1,452.2,51.9,0.1148,Standard,0.766,47.2,94.1,38.3,0.7576,0.9767,1,train
Road,Europe,Europe,1935.5,36.3,34.7,0.9559,Urgent,0.7181,10.7,8.4,24.5,0.11,0.2119,0,train
Air,East_Asia,Oceania,6311.5,27.9,13.5,0.4839,Standard,0.8139,52.2,50.6,22.2,0.2827,0.2618,1,train
Ocean,South_Asia,North_America,18636.9,657.3,286.9,0.4365,High,0.8283,12.5,42.7,10.0,0.05,0.7251,1,train
Ocean,Southeast_Asia,Middle_East,7927.1,317.0,78.7,0.2483,High,0.833,27.0,23.5,9.9,0.6343,0.7205,1,train
Road,East_Asia,East_Asia,882.4,16.9,16.2,0.9586,High,0.6719,48.4,35.9,46.5,0.0571,0.2303,1,train
Road,East_Asia,East_Asia,150.0,9.6,0.5,0.0521,Standard,0.9755,46.1,45.4,41.2,0.0811,0.258,1,train
Road,Europe,Europe,1458.9,29.0,23.8,0.8207,High,0.7967,67.1,33.8,57.3,0.157,0.0603,1,train
Road,Europe,Latin_America,818.1,18.5,17.8,0.9622,High,0.7638,17.9,14.9,44.3,0.2458,0.6531,1,train
Ocean,South_Asia,Europe,8552.8,314.6,50.6,0.1608,Standard,0.99,44.2,21.0,15.5,0.4014,0.6122,1,train
Road,East_Asia,Latin_America,187.1,14.3,1.3,0.0909,High,0.6432,30.1,75.8,12.6,0.2331,0.1536,1,train
Road,North_America,North_America,1518.6,34.2,22.2,0.6491,Urgent,0.7654,15.9,100.0,43.9,0.0887,0.5668,1,train
Air,North_America,Europe,7969.2,26.8,15.9,0.5933,Standard,0.9792,27.8,21.8,23.6,0.4088,0.8357,1,train
Rail,North_America,North_America,2569.6,94.1,58.5,0.6217,Urgent,0.9082,11.1,87.2,19.5,0.083,0.4432,1,train
Air,Europe,Middle_East,10425.3,28.8,19.0,0.6597,High,0.8831,18.3,17.8,40.9,0.495,0.804,1,train
Ocean,South_Asia,North_America,9737.3,370.5,192.5,0.5196,Urgent,0.8632,29.8,79.8,22.1,0.357,0.7915,1,train
Rail,Europe,Europe,3033.9,108.4,79.4,0.7325,Standard,0.8678,31.5,68.8,9.1,0.207,0.6946,1,train
Air,East_Asia,Oceania,7501.2,27.4,12.8,0.4672,Standard,0.9534,82.1,3.9,30.2,0.3839,0.3773,1,train
Rail,East_Asia,East_Asia,4299.5,126.9,71.5,0.5634,Standard,0.799,31.4,23.6,4.8,0.0277,0.7384,1,train
Road,North_America,North_America,1318.4,29.5,14.6,0.4949,High,0.6579,26.4,5.6,15.6,0.1576,0.5634,1,train
Ocean,Southeast_Asia,Oceania,8023.1,301.2,213.7,0.7095,Urgent,0.9704,82.7,64.9,34.4,0.218,0.4867,1,train
Rail,North_America,North_America,4550.9,132.7,17.1,0.1289,High,0.8959,22.1,17.1,29.6,0.0668,0.3229,1,train
Ocean,Southeast_Asia,North_America,9024.9,370.0,107.6,0.2908,Standard,0.7829,23.8,15.2,9.6,0.4162,0.7993,1,train
Ocean,South_Asia,Oceania,13121.6,447.8,273.7,0.6112,High,0.917,36.8,18.5,55.8,0.5047,0.5803,1,train
Ocean,South_Asia,Europe,9423.7,343.8,43.0,0.1251,Urgent,0.8887,52.4,54.7,10.0,0.6378,0.4883,1,train
Ocean,Europe,Middle_East,10015.7,376.5,324.7,0.8624,High,0.9357,45.1,31.1,11.5,0.4424,0.9102,1,train
Road,East_Asia,East_Asia,150.0,11.3,9.6,0.8496,Urgent,0.99,67.4,28.2,39.6,0.062,0.6792,1,train
Ocean,East_Asia,Oceania,11914.5,434.6,326.7,0.7517,Urgent,0.8257,25.1,20.5,10.0,0.6463,0.8464,1,train
Road,North_America,North_America,1218.5,31.8,23.9,0.7516,High,0.736,51.3,45.8,15.7,0.1825,0.6346,1,train
Air,South_Asia,Europe,8498.2,24.3,4.6,0.1893,Urgent,0.875,65.2,22.0,29.5,0.2789,0.3933,1,train
Ocean,Southeast_Asia,Middle_East,13129.3,478.4,39.1,0.0817,Standard,0.99,19.4,30.5,15.6,0.5948,0.5346,1,train
Ocean,East_Asia,Europe,7045.0,307.1,247.6,0.8063,High,0.6208,10.4,44.8,46.5,0.4802,0.9382,1,train
Rail,East_Asia,East_Asia,4905.9,135.3,13.2,0.0976,Standard,0.6938,26.6,100.0,20.0,0.0889,0.4593,1,train
Ocean,Southeast_Asia,Middle_East,10615.7,388.7,148.5,0.382,Standard,0.9748,13.3,6.5,12.5,0.397,0.2321,0,train
Air,Southeast_Asia,Europe,5362.0,21.6,20.2,0.9352,High,0.7865,24.6,18.3,19.0,0.1984,0.7196,1,train
Rail,North_America,North_America,3289.3,94.1,6.7,0.0712,Standard,0.896,11.7,70.5,31.4,0.1629,0.9146,1,train
Air,Latin_America,Europe,2439.7,15.3,5.4,0.3529,High,0.9772,18.4,48.8,41.8,0.3225,0.6106,1,train
Road,Latin_America,Latin_America,1324.4,33.1,3.4,0.1027,High,0.8156,64.9,46.8,3.1,0.1703,0.1954,1,train
Ocean,East_Asia,Latin_America,12507.2,470.4,116.1,0.2468,Urgent,0.99,18.5,22.2,39.3,0.7028,0.9708,1,train
Ocean,South_Asia,Middle_East,14641.3,500.8,195.4,0.3902,High,0.9416,29.8,16.2,33.0,0.3106,0.251,1,train
Ocean,Europe,Latin_America,10964.3,408.4,27.4,0.0671,High,0.7867,32.0,28.2,25.0,0.4086,0.9111,1,train
Ocean,Europe,North_America,7159.0,300.4,257.0,0.8555,Standard,0.6838,67.9,63.4,17.4,0.4307,0.4123,1,train
Road,Europe,Europe,1251.6,31.8,20.0,0.6289,High,0.7569,88.3,9.4,19.9,0.1672,0.4428,1,train
Rail,Europe,Europe,1777.8,48.9,44.0,0.8998,High,0.823,46.7,33.6,13.6,0.142,0.6938,1,train
Air,South_Asia,Europe,5682.9,43.6,2.8,0.0642,High,0.9189,17.3,40.9,11.0,0.5649,0.6329,1,train
Ocean,Europe,North_America,14113.6,505.2,232.2,0.4596,Standard,0.7376,9.8,34.6,22.5,0.3789,0.1888,1,train
Rail,South_Asia,South_Asia,5064.5,132.2,124.8,0.944,Standard,0.9043,33.5,66.4,12.4,0.207,0.3866,1,train
Air,South_Asia,Oceania,6830.1,29.6,26.9,0.9088,Urgent,0.7928,40.1,8.5,36.2,0.4493,0.6292,1,train
Air,Latin_America,North_America,6901.6,28.7,25.4,0.885,Standard,0.8129,40.2,79.1,22.7,0.8758,0.8648,1,train
Ocean,South_Asia,Middle_East,11779.1,450.4,273.9,0.6081,Standard,0.7694,30.6,45.5,24.2,0.7322,0.863,1,train
Rail,East_Asia,Europe,2596.5,68.1,24.8,0.3642,Urgent,0.8845,21.4,50.5,22.9,0.4814,0.5736,1,train
Air,Southeast_Asia,Europe,7492.2,25.8,23.6,0.9147,Standard,0.6707,37.8,62.5,31.8,0.5747,0.9305,1,train
Air,Europe,North_America,5963.6,43.2,18.4,0.4259,Standard,0.9475,38.9,18.7,48.5,0.4276,0.5608,1,train
Rail,Europe,Europe,3304.9,91.8,42.2,0.4597,High,0.7607,43.0,28.4,50.9,0.1989,0.3446,1,train
Road,North_America,North_America,1352.7,25.4,9.7,0.3819,Standard,0.9569,35.0,40.8,75.0,0.0723,0.8632,1,train
Road,Latin_America,Europe,1218.3,31.3,11.7,0.3738,Standard,0.9135,35.1,25.6,10.5,0.6388,0.3915,1,train
Air,Southeast_Asia,Middle_East,5010.3,40.4,37.9,0.9381,High,0.9643,26.4,20.0,33.0,0.4261,0.9726,1,train
Ocean,South_Asia,Latin_America,8787.8,364.5,94.8,0.2601,Standard,0.99,36.3,40.1,14.1,0.439,0.2008,1,train
Road,North_America,North_America,1504.1,35.6,17.7,0.4972,Standard,0.7518,41.5,43.0,54.1,0.1293,0.7349,1,train
Ocean,South_Asia,Europe,11927.9,445.1,224.3,0.5039,Standard,0.7036,43.8,42.1,24.1,0.4758,0.8225,1,train
Road,Latin_America,Latin_America,955.2,21.3,12.5,0.5869,Standard,0.8976,31.3,43.4,19.0,0.1552,0.0871,1,train
Air,Southeast_Asia,Oceania,4453.6,26.1,4.8,0.1839,Standard,0.979,54.1,61.8,46.0,0.3164,0.8085,1,train
Road,North_America,North_America,1509.0,36.8,27.6,0.75,High,0.8835,29.6,56.3,19.3,0.0471,0.2265,1,train
Ocean,Southeast_Asia,Latin_America,11897.5,441.2,305.4,0.6922,Standard,0.8082,38.7,31.7,42.4,0.05,0.9489,1,train
Road,Latin_America,Latin_America,1399.8,27.9,19.8,0.7097,High,0.7919,37.8,17.3,14.6,0.2175,0.7196,1,train
Ocean,South_Asia,Middle_East,16060.7,557.9,349.7,0.6268,Standard,0.9526,44.4,25.8,19.7,0.7516,0.9531,1,train
Rail,South_Asia,North_America,2996.3,79.3,60.8,0.7667,Standard,0.99,29.7,52.0,14.9,0.05,0.5841,1,train
Air,East_Asia,Oceania,13054.5,49.6,28.4,0.5726,Standard,0.8489,23.7,34.8,17.0,0.3758,0.9355,1,train
Air,East_Asia,Europe,4356.6,38.0,23.5,0.6184,Standard,0.99,28.9,46.6,21.6,0.2136,0.9448,1,train
Rail,Europe,Europe,4437.2,110.8,25.5,0.2301,High,0.6815,35.3,48.3,41.2,0.0208,0.8258,1,train
Ocean,East_Asia,North_America,12529.1,434.1,77.0,0.1774,Urgent,0.9083,63.9,58.6,16.7,0.3152,0.1667,1,train
Road,East_Asia,Europe,921.6,23.4,2.4,0.1026,Standard,0.99,12.2,46.1,7.4,0.5731,0.6454,0,train
Road,North_America,North_America,1562.2,28.0,23.9,0.8536,High,0.8675,44.3,63.0,4.8,0.1699,0.277,1,train
Air,South_Asia,Oceania,7303.0,39.8,34.1,0.8568,High,0.9313,70.2,28.1,32.2,0.083,0.5851,1,train
Road,East_Asia,Europe,803.4,19.6,10.4,0.5306,Standard,0.6976,28.1,20.8,9.7,0.3163,0.3355,1,train
Rail,East_Asia,East_Asia,2754.3,101.0,22.7,0.2248,Standard,0.862,29.8,50.6,8.8,0.1922,0.707,1,train
Road,East_Asia,East_Asia,1283.0,31.7,22.6,0.7129,Urgent,0.8736,12.3,18.0,34.6,0.15,0.9779,1,train
Air,South_Asia,East_Asia,7193.6,44.6,37.3,0.8363,Standard,0.7914,21.5,53.2,47.0,0.5274,0.9732,1,train
Ocean,South_Asia,Middle_East,9477.6,371.6,143.3,0.3856,Urgent,0.6973,33.7,38.7,27.8,0.6027,0.9297,1,train
Ocean,South_Asia,Europe,12295.0,467.6,243.7,0.5212,High,0.8605,36.1,52.8,29.6,0.3934,0.5255,1,train
Air,Southeast_Asia,Oceania,2586.1,19.8,5.8,0.2929,Standard,0.8841,18.4,9.4,55.1,0.5708,0.8538,1,train
Ocean,East_Asia,North_America,10949.1,385.5,156.0,0.4047,Standard,0.9074,35.7,10.9,30.7,0.3381,0.3656,1,train
Ocean,South_Asia,Latin_America,9396.9,350.2,181.6,0.5186,High,0.8377,64.1,24.0,6.9,0.7104,0.5893,1,train
Air,Latin_America,Middle_East,10034.5,45.2,7.2,0.1593,Standard,0.8245,77.6,24.5,13.6,0.3725,0.9686,1,train
Air,Latin_America,East_Asia,9096.7,32.0,29.8,0.9313,High,0.6499,36.5,26.7,36.8,0.4086,0.552,1,train
Air,Southeast_Asia,Europe,6164.6,42.9,33.8,0.7879,Standard,0.8084,23.3,41.1,53.0,0.3188,0.8233,1,train
Ocean,Europe,North_America,3500.0,178.8,31.2,0.1745,Standard,0.7298,19.5,100.0,8.8,0.472,0.6765,1,train
Air,Middle_East,Europe,5232.3,20.4,4.4,0.2157,Urgent,0.8725,16.4,60.5,60.8,0.1746,0.9509,1,train
Road,East_Asia,East_Asia,907.0,21.6,19.8,0.9167,Standard,0.7697,26.8,32.6,46.7,0.0911,0.2878,1,train
Rail,South_Asia,South_Asia,1249.5,52.6,20.1,0.3821,Standard,0.6587,80.2,71.4,40.9,0.1207,0.8818,1,train
Road,Europe,Europe,1023.7,25.8,24.8,0.9612,Standard,0.9235,82.6,26.2,20.0,0.1172,0.8967,1,train
Ocean,South_Asia,Latin_America,10569.8,370.3,360.7,0.9741,Standard,0.8455,17.1,23.0,22.3,0.5104,0.7009,1,train
Road,East_Asia,Europe,2148.9,45.6,31.6,0.693,Standard,0.7543,48.2,25.8,23.3,0.3719,0.42,1,train
Road,Europe,Latin_America,915.9,24.0,6.0,0.25,Urgent,0.6211,57.8,44.3,24.1,0.267,0.3888,1,train
Ocean,East_Asia,North_America,10547.6,394.8,182.0,0.461,Standard,0.99,31.7,50.3,22.2,0.5723,0.2464,1,train
Air,North_America,East_Asia,4906.5,25.3,7.7,0.3043,Standard,0.9687,39.0,36.2,11.1,0.2872,0.7268,1,train
Ocean,Europe,Oceania,14910.6,542.7,183.7,0.3385,Standard,0.9384,34.4,9.1,4.2,0.5046,0.3881,1,train
Air,Southeast_Asia,North_America,6832.3,29.7,23.1,0.7778,High,0.7719,26.3,28.3,46.8,0.0524,0.5115,1,train
Ocean,Southeast_Asia,Europe,11971.9,453.6,434.7,0.9583,Standard,0.985,23.8,19.0,29.4,0.6456,0.6986,1,train
Rail,North_America,Europe,3000.7,103.3,61.3,0.5934,Standard,0.99,45.2,22.3,38.3,0.5878,0.3104,1,train
Road,Europe,Europe,1440.8,25.6,7.9,0.3086,Urgent,0.8359,47.9,100.0,32.1,0.0929,0.7342,1,train
Road,Latin_America,Latin_America,932.4,25.9,14.1,0.5444,Standard,0.693,4.9,87.2,25.7,0.1491,0.7309,1,train
Air,Middle_East,Oceania,9715.9,35.3,32.4,0.9178,High,0.9373,45.4,34.2,40.2,0.443,0.4605,1,train
Air,North_America,Europe,9644.3,41.0,18.7,0.4561,Standard,0.8557,18.1,41.8,23.7,0.2548,0.2465,1,train
Road,Latin_America,Europe,933.9,27.0,15.1,0.5593,Standard,0.7562,25.8,25.6,31.8,0.3474,0.0512,1,train
Road,Latin_America,Latin_America,1497.7,30.4,3.2,0.1053,Standard,0.8838,36.3,54.1,7.4,0.02,0.925,1,train
Road,Europe,Europe,594.8,18.8,17.7,0.9415,Standard,0.7273,13.5,39.6,31.4,0.1504,0.0868,1,train
Ocean,South_Asia,North_America,12152.8,470.4,113.5,0.2413,Urgent,0.926,26.1,33.7,40.1,0.5104,0.7819,1,train
Road,North_America,North_America,752.3,16.0,4.6,0.2875,High,0.7371,24.9,22.6,29.3,0.162,0.0858,1,train
Air,Middle_East,North_America,4033.4,39.7,5.1,0.1285,Standard,0.9748,29.7,24.8,49.4,0.3119,0.4513,1,train
Road,Europe,Europe,1154.0,25.2,16.9,0.6706,High,0.9869,55.4,100.0,29.4,0.0459,0.1281,1,train
Air,North_America,East_Asia,3951.3,21.3,4.2,0.1972,High,0.4643,46.1,20.8,43.7,0.6016,0.238,1,train
Air,East_Asia,Oceania,4577.5,18.7,11.5,0.615,Standard,0.7972,45.3,43.3,22.0,0.5594,0.4757,1,train
Ocean,Southeast_Asia,Oceania,12596.8,433.7,219.5,0.5061,High,0.9189,19.6,19.4,26.6,0.3612,0.7698,1,train
Ocean,Europe,Latin_America,10462.4,381.1,357.0,0.9368,Standard,0.8716,40.8,39.2,7.3,0.3999,0.1115,1,train
Ocean,Southeast_Asia,Oceania,15091.3,524.0,413.5,0.7891,High,0.8548,18.7,10.5,38.9,0.2571,0.4262,1,train
Road,East_Asia,East_Asia,897.5,25.8,3.8,0.1473,High,0.9489,33.1,1.3,27.7,0.1343,0.9336,1,train
Rail,South_Asia,East_Asia,2217.4,63.0,4.8,0.0762,Standard,0.9218,16.1,25.3,15.4,0.125,0.1809,0,train
Ocean,Europe,Latin_America,6780.5,292.7,238.3,0.8141,Standard,0.99,17.0,71.3,10.7,0.5668,0.3044,1,train
Ocean,Southeast_Asia,Middle_East,14505.2,517.9,502.7,0.9707,Standard,0.99,17.4,30.8,22.8,0.5725,0.417,1,train
Ocean,South_Asia,Latin_America,11977.3,448.3,348.1,0.7765,Urgent,0.8744,30.1,24.4,25.7,0.4228,0.2413,1,train
Ocean,Southeast_Asia,Europe,12477.8,465.5,62.0,0.1332,Standard,0.99,54.4,100.0,49.8,0.4102,0.8847,1,train
Air,South_Asia,East_Asia,2241.4,22.3,4.6,0.2063,Urgent,0.7946,19.4,94.2,26.8,0.295,0.1323,1,train
Air,Latin_America,East_Asia,4214.5,23.7,23.2,0.9789,High,0.6897,29.4,32.8,24.9,0.5065,0.9307,1,train
Air,Southeast_Asia,Europe,5443.2,27.2,9.3,0.3419,Standard,0.7325,32.3,51.8,100.0,0.5926,0.6228,1,train
Rail,North_America,Europe,3670.1,110.2,85.1,0.7722,Standard,0.8429,37.7,59.0,23.2,0.5248,0.5089,1,train
Ocean,Southeast_Asia,Europe,8881.4,337.2,44.1,0.1308,High,0.99,26.9,26.9,18.8,0.2512,0.521,1,train
Ocean,South_Asia,Middle_East,12680.1,459.8,109.2,0.2375,Urgent,0.99,32.7,43.5,19.3,0.2197,0.0863,1,train
Ocean,Southeast_Asia,Middle_East,14940.0,520.3,259.8,0.4993,Standard,0.6589,2.4,29.7,99.6,0.05,0.9199,1,train
Rail,North_America,North_America,2946.1,73.8,8.8,0.1192,High,0.773,9.6,31.0,15.2,0.2589,0.1514,0,train
Air,Middle_East,Oceania,6075.8,35.8,17.0,0.4749,High,0.6602,61.4,46.4,46.4,0.2124,0.4684,1,train
Air,South_Asia,North_America,9762.0,48.9,8.5,0.1738,High,0.7111,21.4,51.0,22.4,0.3525,0.6236,1,train
Road,Latin_America,Latin_America,1208.1,22.1,6.4,0.2896,Standard,0.9405,56.5,28.9,9.2,0.1772,0.6891,1,train
Road,Latin_America,Latin_America,1224.0,27.3,18.9,0.6923,Standard,0.8701,31.8,21.7,37.4,0.0961,0.2664,1,train
Air,South_Asia,East_Asia,2918.5,35.1,11.2,0.3191,Standard,0.6639,49.0,15.5,20.7,0.6535,0.4951,1,train
Ocean,East_Asia,Middle_East,12625.7,435.3,363.2,0.8344,High,0.9223,28.3,27.5,71.7,0.2582,0.8504,1,train
Ocean,South_Asia,Middle_East,14344.5,542.4,290.5,0.5356,Standard,0.8281,26.1,19.0,39.3,0.2838,0.8443,1,train
Rail,East_Asia,East_Asia,1090.8,42.1,3.2,0.076,Standard,0.784,35.1,46.6,14.9,0.1277,0.2184,0,train
Air,South_Asia,Middle_East,7080.4,23.5,7.6,0.3234,Standard,0.7037,100.0,25.4,66.0,0.5601,0.5384,1,train
Air,East_Asia,Middle_East,8581.9,31.4,22.2,0.707,Standard,0.7178,10.5,6.1,51.4,0.3016,0.8731,1,train
Air,North_America,Oceania,6150.4,21.5,14.7,0.6837,Standard,0.718,19.0,21.6,72.8,0.3466,0.3787,1,train
Air,Europe,North_America,4885.4,25.4,19.2,0.7559,Urgent,0.7545,45.7,52.0,21.0,0.05,0.8489,1,train
Ocean,Europe,Latin_America,13020.6,448.7,362.3,0.8074,Standard,0.7165,18.6,11.4,20.5,0.371,0.4106,1,train
Rail,South_Asia,South_Asia,5075.0,144.8,71.9,0.4965,High,0.8268,23.9,40.1,41.6,0.1643,0.1568,1,train
Ocean,Southeast_Asia,Latin_America,11693.0,456.7,242.4,0.5308,High,0.9414,34.4,25.9,38.2,0.3828,0.3838,1,train
Ocean,Europe,Latin_America,8327.3,320.6,228.0,0.7112,Standard,0.866,93.6,47.3,34.6,0.4304,0.9131,1,train
Air,East_Asia,Europe,6288.4,25.4,13.1,0.5157,High,0.6808,12.2,38.6,54.1,0.6517,0.5828,1,train
Air,East_Asia,North_America,6249.4,23.6,9.6,0.4068,Standard,0.99,26.5,62.3,22.5,0.6117,0.6412,1,train
Ocean,East_Asia,Europe,9584.1,347.3,298.3,0.8589,Standard,0.8424,45.3,16.0,23.3,0.8597,0.7195,1,train
Rail,North_America,North_America,4318.6,99.0,69.4,0.701,Standard,0.8146,32.9,15.8,33.1,0.2424,0.3292,1,train
Ocean,East_Asia,Oceania,9383.9,386.0,253.4,0.6565,High,0.655,34.8,37.7,62.2,0.417,0.8818,1,train
Ocean,South_Asia,North_America,13510.3,490.5,254.9,0.5197,Standard,0.7428,74.6,37.6,40.5,0.0865,0.5946,1,train
Ocean,East_Asia,Latin_America,10873.9,416.7,208.4,0.5001,High,0.9351,52.0,34.1,42.1,0.1585,0.8446,1,train
Road,East_Asia,East_Asia,1145.4,27.9,17.4,0.6237,High,0.9505,56.4,63.8,13.2,0.2045,0.3532,1,train
Ocean,Southeast_Asia,Oceania,5482.9,221.0,213.0,0.9638,High,0.9207,23.3,25.2,79.7,0.3406,0.8986,1,train
Ocean,South_Asia,Middle_East,7290.1,275.5,207.8,0.7543,Standard,0.829,45.4,24.4,36.6,0.7063,0.9521,1,train
Rail,East_Asia,East_Asia,2716.2,80.6,48.4,0.6005,High,0.99,41.1,32.8,22.7,0.1514,0.0501,0,train
Ocean,Europe,Oceania,14832.0,534.5,336.3,0.6292,Standard,0.7736,44.0,52.9,35.7,0.5002,0.3636,1,train
Rail,North_America,Europe,4293.2,121.6,30.5,0.2508,Standard,0.7082,17.8,32.6,34.1,0.5222,0.2325,1,train
Ocean,Europe,Middle_East,14684.4,510.1,64.1,0.1257,Urgent,0.777,52.2,56.8,36.2,0.6059,0.8417,1,train
Ocean,East_Asia,Europe,9722.5,358.9,62.2,0.1733,Standard,0.7304,31.6,16.5,24.5,0.4296,0.4627,1,train
Road,East_Asia,East_Asia,1099.9,29.5,28.3,0.9593,Standard,0.8528,36.4,32.9,36.4,0.0331,0.7197,1,train
Ocean,South_Asia,North_America,10025.9,388.4,137.5,0.354,High,0.99,38.9,29.1,22.2,0.542,0.5476,1,train
Ocean,East_Asia,Europe,6440.1,293.4,143.2,0.4881,Standard,0.8748,39.8,54.5,2.3,0.7862,0.931,1,train
Air,East_Asia,North_America,7210.9,24.6,14.1,0.5732,Standard,0.7627,61.1,20.2,19.2,0.431,0.8483,1,train
Air,Latin_America,North_America,2432.8,18.6,3.3,0.1774,High,0.8337,37.3,24.8,41.7,0.4049,0.3732,1,train
Ocean,South_Asia,Latin_America,12845.1,469.7,343.1,0.7305,Standard,0.99,51.6,28.1,7.5,0.2583,0.7805,1,train
Ocean,Europe,Oceania,12953.9,451.7,77.5,0.1716,Standard,0.792,23.3,22.1,12.5,0.4758,0.7343,1,train
Ocean,Europe,Europe,6076.1,248.5,143.1,0.5759,High,0.7583,19.9,16.1,57.6,0.0855,0.82,1,train
Rail,South_Asia,South_Asia,2545.2,98.8,77.3,0.7824,Urgent,0.7271,33.4,31.2,20.4,0.1203,0.9408,1,train
Rail,North_America,North_America,4133.2,108.5,35.5,0.3272,High,0.7914,25.0,15.1,31.3,0.0805,0.6362,1,train
Ocean,East_Asia,Europe,11475.1,405.5,163.1,0.4022,Urgent,0.9236,56.5,73.7,17.3,0.3491,0.3275,1,train
Road,Latin_America,Latin_America,1303.4,23.0,6.6,0.287,Standard,0.99,100.0,30.3,19.6,0.114,0.7927,1,train
Ocean,Southeast_Asia,North_America,5951.4,253.4,88.5,0.3493,High,0.7753,61.5,41.3,26.4,0.6484,0.4588,1,train
Rail,East_Asia,Europe,2223.5,65.4,27.7,0.4235,Standard,0.9457,17.4,64.1,48.2,0.1712,0.3438,1,train
Air,North_America,Middle_East,6831.4,42.0,13.1,0.3119,Standard,0.99,8.4,86.6,18.4,0.4466,0.1813,1,train
Air,South_Asia,Europe,8219.5,25.2,15.0,0.5952,Standard,0.9296,22.2,20.9,18.2,0.4292,0.1836,1,train
Rail,East_Asia,East_Asia,1629.5,78.7,28.8,0.3659,Standard,0.9136,44.4,35.0,47.4,0.1033,0.2838,0,train
Ocean,Southeast_Asia,North_America,11699.5,460.8,287.4,0.6237,High,0.8703,44.2,21.0,8.1,0.6518,0.486,1,train
Road,Latin_America,Latin_America,1444.9,36.5,13.8,0.3781,Standard,0.9039,35.5,62.1,3.1,0.0987,0.162,1,train
Rail,East_Asia,East_Asia,2791.0,81.3,20.0,0.246,High,0.99,19.6,48.6,60.4,0.2163,0.5093,1,train
Rail,North_America,North_America,2042.1,72.4,31.5,0.4351,High,0.5889,26.5,31.1,14.3,0.2531,0.8548,1,train
Road,Europe,Europe,1348.1,34.0,4.8,0.1412,Urgent,0.8906,11.7,21.9,31.0,0.1019,0.4689,0,train
Ocean,Southeast_Asia,Oceania,15072.2,538.1,110.5,0.2054,Standard,0.9595,55.8,23.1,25.4,0.454,0.8435,1,train
Road,East_Asia,East_Asia,1730.5,33.8,26.4,0.7811,High,0.7767,9.7,18.0,10.1,0.1495,0.2767,0,train
Rail,East_Asia,East_Asia,3382.9,109.1,10.2,0.0935,High,0.8025,8.3,36.8,32.8,0.1593,0.2035,1,train
Road,North_America,Europe,228.8,17.9,4.9,0.2737,Standard,0.6639,42.7,49.6,15.7,0.212,0.7516,1,train
Ocean,Southeast_Asia,Middle_East,15280.4,515.5,157.3,0.3051,Urgent,0.8687,38.6,12.9,6.5,0.1895,0.6403,1,train
Air,South_Asia,East_Asia,6719.9,41.1,30.2,0.7348,Urgent,0.99,14.7,35.7,33.7,0.6328,0.5791,1,train
Air,Southeast_Asia,East_Asia,9224.5,37.2,20.4,0.5484,High,0.8484,39.7,90.4,44.9,0.8968,0.818,1,train
Rail,South_Asia,South_Asia,2718.7,84.8,53.4,0.6297,Standard,0.8213,31.1,46.5,14.6,0.1543,0.2673,1,train
Air,North_America,Middle_East,9540.9,35.1,4.3,0.1225,Standard,0.9523,57.8,59.4,10.1,0.301,0.1553,1,train
Rail,South_Asia,South_Asia,3433.9,93.5,64.9,0.6941,Standard,0.8135,32.1,41.7,13.9,0.0558,0.2965,1,train
Ocean,Europe,Europe,16338.1,568.4,396.4,0.6974,Standard,0.8948,39.5,51.0,15.0,0.101,0.4241,1,train
Ocean,Europe,Middle_East,12914.3,458.4,64.6,0.1409,Urgent,0.9825,16.9,28.1,15.3,0.4815,0.464,1,train
Ocean,South_Asia,Middle_East,7953.0,329.3,148.5,0.451,High,0.6245,19.8,45.1,41.0,0.2857,0.4827,1,train
Road,North_America,North_America,730.4,16.6,13.3,0.8012,High,0.8243,22.2,35.3,25.1,0.1143,0.8586,1,train
Ocean,Southeast_Asia,Latin_America,8491.9,339.5,201.7,0.5941,Standard,0.99,18.9,21.6,34.6,0.399,0.524,1,train
Ocean,Europe,Oceania,9625.0,348.9,240.6,0.6896,High,0.8629,19.3,56.9,47.8,0.5865,0.5836,1,train
Ocean,South_Asia,Oceania,8754.2,348.8,148.0,0.4243,Standard,0.9579,14.6,17.6,45.9,0.2939,0.3295,1,train
Ocean,Europe,Latin_America,13818.9,500.5,86.7,0.1732,Standard,0.9894,38.7,73.8,12.0,0.5102,0.895,1,train
Rail,South_Asia,South_Asia,2721.4,78.2,24.0,0.3069,Standard,0.7616,29.2,92.4,6.1,0.0639,0.483,1,train
Rail,South_Asia,South_Asia,4296.5,101.8,91.2,0.8959,Standard,0.99,41.2,57.4,10.6,0.0872,0.9509,1,train
Road,East_Asia,East_Asia,555.4,16.0,1.0,0.0625,Standard,0.8193,73.1,24.7,20.0,0.1308,0.0938,1,train
Ocean,Southeast_Asia,Oceania,16430.3,605.6,558.4,0.9221,Standard,0.99,10.9,41.6,6.3,0.8232,0.7186,1,train
Ocean,East_Asia,Middle_East,9618.7,379.8,146.4,0.3855,Standard,0.6475,18.1,21.6,22.1,0.3648,0.9382,1,train
Rail,East_Asia,East_Asia,983.9,65.1,45.3,0.6959,Standard,0.8743,31.0,27.1,41.3,0.0658,0.4402,1,train
Ocean,South_Asia,North_America,7912.3,340.6,176.9,0.5194,Standard,0.9309,36.3,32.5,9.9,0.3,0.5575,1,train
Ocean,South_Asia,Middle_East,8896.2,325.4,20.6,0.0633,Standard,0.7315,16.4,18.8,21.9,0.2392,0.8615,1,train
Ocean,South_Asia,Europe,9640.3,353.8,319.2,0.9022,Standard,0.9557,56.7,24.7,4.7,0.4158,0.7745,1,train
Ocean,Europe,Middle_East,10133.2,363.7,84.9,0.2334,Standard,0.865,25.0,65.6,9.4,0.4037,0.3001,1,train
Air,Southeast_Asia,Middle_East,4440.4,19.3,13.8,0.715,Standard,0.8689,59.0,53.4,11.6,0.2061,0.1594,1,train
Rail,South_Asia,South_Asia,4389.6,131.3,85.3,0.6497,High,0.8813,44.9,45.2,7.1,0.1296,0.2522,1,train
Ocean,East_Asia,Europe,11694.9,420.7,90.8,0.2158,Standard,0.99,28.1,49.3,29.0,0.6979,0.05,1,train
Air,East_Asia,North_America,3283.4,27.2,13.3,0.489,Standard,0.8018,41.0,30.2,26.8,0.4265,0.3011,1,train
Air,South_Asia,Middle_East,5452.1,41.4,27.7,0.6691,Urgent,0.99,3.3,7.4,19.5,0.4589,0.1734,0,train
Ocean,South_Asia,Oceania,13131.1,488.5,189.0,0.3869,Standard,0.6438,28.4,33.9,58.6,0.4044,0.5331,1,train
Road,Europe,Europe,150.0,15.8,4.8,0.3038,High,0.9789,39.1,36.1,54.1,0.0919,0.0976,1,train
Ocean,South_Asia,Latin_America,10904.4,382.1,142.5,0.3729,High,0.9023,35.9,16.2,70.4,0.4287,0.483,1,train
Air,Middle_East,East_Asia,7779.7,46.0,7.4,0.1609,High,0.7423,11.4,41.2,41.7,0.5651,0.5686,1,train
Ocean,East_Asia,Oceania,9120.6,347.2,133.5,0.3845,High,0.9086,36.1,36.6,43.7,0.1977,0.9689,1,train
Road,Europe,Europe,1900.2,38.4,33.9,0.8828,Urgent,0.7367,36.6,9.1,11.6,0.1068,0.7137,1,train
Ocean,Europe,Oceania,8351.9,303.5,244.7,0.8063,Standard,0.6587,22.8,27.1,57.7,0.2373,0.8231,1,train
Ocean,South_Asia,Europe,8550.0,327.7,218.0,0.6652,Standard,0.8484,31.4,27.6,18.7,0.3562,0.6176,1,train
Rail,East_Asia,East_Asia,3018.7,74.0,62.0,0.8378,Standard,0.5961,4.5,16.0,5.5,0.1446,0.3226,1,train
Air,North_America,Europe,4764.9,23.0,2.9,0.1261,Standard,0.7909,29.5,39.5,11.8,0.4625,0.5664,1,train
Road,North_America,North_America,1676.7,31.8,19.0,0.5975,Standard,0.8666,7.7,49.0,100.0,0.112,0.4209,1,train
Ocean,Southeast_Asia,Oceania,14868.1,518.6,223.6,0.4312,Standard,0.8402,16.7,27.2,16.3,0.6086,0.5839,1,train
Air,Southeast_Asia,Middle_East,9511.5,42.4,29.5,0.6958,Standard,0.8236,77.3,30.9,9.7,0.1725,0.2842,1,train
Rail,South_Asia,Europe,4558.3,114.7,74.7,0.6513,Standard,0.7172,49.8,11.1,30.2,0.05,0.0625,1,train
Ocean,East_Asia,Latin_America,11980.1,423.3,262.0,0.6189,High,0.665,15.7,17.9,39.0,0.2782,0.329,1,train
Ocean,South_Asia,Latin_America,10867.4,434.9,252.8,0.5813,High,0.6844,35.6,26.0,100.0,0.5237,0.5255,1,train
Ocean,East_Asia,Middle_East,19490.2,648.4,213.7,0.3296,Standard,0.9255,11.1,25.3,27.7,0.4075,0.2916,1,train
Ocean,South_Asia,North_America,13284.2,456.9,140.5,0.3075,Standard,0.785,19.1,35.0,19.1,0.4327,0.2258,1,train
Ocean,East_Asia,Europe,9821.3,349.1,293.6,0.841,High,0.9531,49.8,58.9,37.8,0.7953,0.4997,1,train
Ocean,East_Asia,North_America,10706.6,386.0,192.6,0.499,Urgent,0.99,10.2,26.1,32.6,0.7933,0.6937,1,train
Ocean,Europe,North_America,7134.7,299.3,167.9,0.561,Standard,0.7809,31.2,16.5,28.2,0.2698,0.4863,1,train
Rail,South_Asia,South_Asia,4190.8,118.8,41.3,0.3476,High,0.99,24.7,93.4,29.7,0.087,0.2228,1,train
Road,Latin_America,Latin_America,931.3,28.5,26.7,0.9368,Standard,0.7657,31.2,2.5,24.9,0.02,0.9138,1,train
Air,North_America,Oceania,5944.6,35.7,26.8,0.7507,Standard,0.9065,14.5,21.8,11.6,0.5842,0.9266,1,train
Road,North_America,North_America,1918.8,37.8,2.7,0.0714,High,0.8629,31.5,100.0,35.4,0.0873,0.3279,1,train
Road,Europe,Europe,1749.7,40.3,22.1,0.5484,Standard,0.99,17.4,2.0,29.0,0.1077,0.8854,0,train
Rail,South_Asia,South_Asia,500.0,37.2,28.0,0.7527,High,0.7409,24.8,36.8,30.0,0.0929,0.4152,1,train
Road,North_America,Latin_America,1989.7,42.0,11.1,0.2643,Standard,0.99,52.4,27.8,26.1,0.1915,0.4988,1,train
Road,Europe,North_America,1491.0,30.8,10.6,0.3442,Standard,0.99,20.0,36.1,32.2,0.5167,0.742,1,train
Road,Latin_America,Latin_America,1059.8,30.1,25.7,0.8538,Standard,0.8496,58.9,55.3,13.6,0.0313,0.3725,1,train
Air,Latin_America,Europe,4686.8,31.3,16.1,0.5144,High,0.825,14.7,8.7,26.0,0.7007,0.5474,1,train
Air,Europe,Oceania,7747.5,43.5,38.7,0.8897,Standard,0.8529,74.2,16.5,18.4,0.5221,0.886,1,train
Air,Middle_East,Oceania,7567.9,39.3,32.3,0.8219,Standard,0.8928,73.6,9.3,28.6,0.2164,0.4377,1,train
Air,North_America,Oceania,6177.2,21.5,10.4,0.4837,Standard,0.8275,41.4,44.7,12.8,0.7475,0.0559,1,train
Ocean,South_Asia,Europe,9500.5,388.3,366.1,0.9428,High,0.6589,54.7,15.6,47.0,0.6187,0.1156,1,train
Ocean,East_Asia,Middle_East,9084.5,325.8,281.1,0.8628,Standard,0.7907,40.9,58.1,5.6,0.4473,0.216,1,train
Ocean,South_Asia,Europe,17816.4,641.2,33.4,0.0521,High,0.7734,28.1,57.4,27.2,0.3851,0.3247,1,train
Ocean,Southeast_Asia,Europe,11594.9,458.1,446.0,0.9736,Urgent,0.8288,35.3,92.8,31.6,0.5758,0.2837,1,train
Ocean,Europe,Oceania,12124.5,436.3,217.0,0.4974,Standard,0.7354,14.3,59.5,38.5,0.2661,0.1556,1,train
Rail,Europe,Europe,4044.4,93.9,17.4,0.1853,High,0.99,23.5,27.4,51.9,0.0974,0.8122,1,train
Air,Europe,Latin_America,5520.5,37.3,6.5,0.1743,High,0.5271,43.7,17.0,5.3,0.4275,0.4199,1,train
Rail,North_America,East_Asia,3084.4,89.4,25.5,0.2852,Standard,0.99,33.3,22.6,12.6,0.3338,0.1338,0,train
Ocean,South_Asia,Middle_East,15386.6,528.9,270.3,0.5111,Standard,0.99,19.7,46.0,10.6,0.5893,0.7765,1,train
Road,Europe,Europe,1314.6,33.2,28.2,0.8494,Standard,0.7942,70.2,24.9,13.5,0.2231,0.3096,1,train
Ocean,Southeast_Asia,Latin_America,12734.7,473.0,209.9,0.4438,Standard,0.5963,67.9,21.5,45.8,0.7435,0.5102,1,train
Ocean,East_Asia,North_America,13911.7,510.9,187.4,0.3668,High,0.545,5.9,24.4,49.6,0.3595,0.7765,1,train
Ocean,Europe,Europe,6488.0,260.4,110.0,0.4224,High,0.7853,27.7,45.1,48.6,0.0496,0.6265,1,train
Ocean,East_Asia,North_America,9211.1,334.2,212.2,0.6349,High,0.6333,21.2,24.4,25.6,0.3272,0.5732,1,train
Ocean,East_Asia,Oceania,11196.0,437.1,408.8,0.9353,Standard,0.8677,31.5,17.8,43.9,0.4602,0.1018,1,train
Rail,North_America,North_America,1824.0,76.6,4.7,0.0614,Urgent,0.99,45.8,14.3,50.0,0.1446,0.7121,1,train
Road,North_America,Latin_America,1536.8,34.4,17.8,0.5174,Standard,0.77,33.1,7.0,29.2,0.3316,0.8769,1,train
Ocean,East_Asia,Oceania,9545.6,374.9,64.3,0.1715,High,0.8663,42.0,41.9,28.1,0.196,0.1343,1,train
Rail,Europe,Europe,5882.2,149.4,42.4,0.2838,Standard,0.7576,27.8,7.5,21.6,0.1005,0.5453,1,train
Rail,North_America,North_America,3040.0,105.7,40.6,0.3841,High,0.9772,35.1,19.6,40.1,0.148,0.1287,0,train
Ocean,Southeast_Asia,Latin_America,14654.2,526.3,430.5,0.818,Standard,0.8381,2.8,47.9,10.5,0.3399,0.4598,1,train
Air,North_America,Oceania,7847.1,42.8,20.6,0.4813,Urgent,0.7507,48.2,22.8,29.5,0.1214,0.3707,1,train
Ocean,South_Asia,Europe,19909.7,706.9,155.6,0.2201,Urgent,0.6199,19.0,48.2,6.6,0.095,0.3319,1,train
Road,Europe,Europe,1945.7,43.7,23.7,0.5423,Standard,0.6628,23.3,48.1,17.6,0.1514,0.0655,1,train
Air,Europe,North_America,4763.4,36.7,4.1,0.1117,Urgent,0.7422,12.4,50.4,19.3,0.5164,0.1302,1,train
Rail,Europe,Europe,6433.4,168.0,144.8,0.8619,Standard,0.8409,6.9,23.0,19.7,0.2,0.4036,1,train
Road,East_Asia,Europe,640.6,21.4,7.1,0.3318,High,0.768,13.3,13.0,27.6,0.7348,0.5772,1,train
Road,Europe,Europe,1683.7,37.7,35.2,0.9337,Standard,0.6667,64.5,29.5,46.4,0.1576,0.6752,1,train
Ocean,East_Asia,North_America,9293.5,327.2,315.1,0.963,Standard,0.9702,22.6,16.7,22.3,0.3322,0.9658,1,train
Road,Latin_America,Latin_America,1702.4,31.8,3.8,0.1195,High,0.99,14.9,40.3,20.7,0.1508,0.3833,0,train
Rail,Europe,Europe,2767.9,103.0,76.0,0.7379,Standard,0.8034,26.6,38.1,18.0,0.0592,0.9613,1,train
Air,Middle_East,North_America,8072.9,24.1,2.5,0.1037,Standard,0.7849,23.7,43.4,22.4,0.3803,0.9227,1,train
Air,North_America,East_Asia,4898.2,23.0,13.1,0.5696,Urgent,0.99,22.9,38.0,42.3,0.6933,0.3722,1,train
Rail,Europe,Europe,5009.3,133.4,114.6,0.8591,High,0.8827,32.3,33.3,22.9,0.1582,0.9514,1,train
Ocean,South_Asia,Europe,4546.3,187.5,154.1,0.8219,Urgent,0.8697,21.0,4.9,49.3,0.3412,0.6993,1,train
Rail,South_Asia,Europe,2493.4,62.2,14.0,0.2251,Urgent,0.8722,100.0,18.8,31.3,0.6051,0.8715,1,train
Ocean,Europe,North_America,13975.7,511.9,292.2,0.5708,High,0.99,11.7,23.5,8.2,0.4396,0.4828,1,train
Rail,East_Asia,East_Asia,6033.5,134.0,26.8,0.2,Standard,0.9461,64.2,17.9,14.3,0.129,0.7667,1,train
Air,North_America,Latin_America,6523.5,29.6,20.2,0.6824,Standard,0.8933,21.9,44.3,30.4,0.2355,0.6206,1,train
Rail,South_Asia,East_Asia,4746.6,119.3,41.9,0.3512,Standard,0.8708,28.2,17.5,15.8,0.5566,0.3098,1,train
Air,Europe,North_America,7984.2,24.6,13.8,0.561,Standard,0.5886,37.3,35.5,29.7,0.501,0.603,1,train
Road,East_Asia,Latin_America,1407.5,31.8,4.0,0.1258,High,0.99,41.9,38.8,40.6,0.61,0.33,1,train
Road,Latin_America,Latin_America,1142.4,28.5,14.7,0.5158,High,0.99,43.1,57.3,38.3,0.1288,0.2539,1,train
Road,Europe,Europe,574.4,14.4,10.9,0.7569,Standard,0.8069,26.4,31.8,5.9,0.1402,0.6024,0,train
Road,Latin_America,Europe,1659.8,33.0,32.1,0.9727,High,0.8899,21.6,45.3,35.3,0.2799,0.8953,1,train
Rail,North_America,North_America,5557.1,145.3,109.1,0.7509,Standard,0.7753,16.2,27.0,10.5,0.2256,0.3379,1,train
Road,East_Asia,East_Asia,479.5,16.3,10.9,0.6687,Standard,0.7851,53.4,9.8,11.0,0.1511,0.64,1,train
Air,East_Asia,Europe,8651.5,44.6,26.1,0.5852,Standard,0.8349,15.0,18.7,48.4,0.15,0.3259,1,train
Road,North_America,North_America,1148.3,26.5,25.5,0.9623,High,0.7748,65.8,88.9,17.3,0.0925,0.5952,1,train
Rail,North_America,North_America,4307.7,109.2,36.0,0.3297,Standard,0.9274,28.4,21.8,13.6,0.02,0.1009,0,train
Rail,Europe,North_America,3940.7,99.6,73.9,0.742,Standard,0.99,48.3,30.1,35.4,0.3663,0.2238,1,train
Ocean,Southeast_Asia,Middle_East,9870.5,395.6,171.1,0.4325,Standard,0.9375,33.8,25.3,41.1,0.548,0.4845,1,train
Road,North_America,Latin_America,1016.0,18.8,8.8,0.4681,Standard,0.7787,24.3,26.1,8.3,0.2349,0.6033,1,train
Road,Latin_America,Latin_America,624.2,20.5,7.7,0.3756,High,0.8864,13.3,57.5,21.6,0.0233,0.5814,1,train
Ocean,East_Asia,Europe,11776.5,462.1,84.9,0.1837,Standard,0.99,34.4,11.7,34.2,0.536,0.6776,1,train
Ocean,East_Asia,Latin_America,9183.2,354.6,40.6,0.1145,Standard,0.7299,22.7,60.7,18.6,0.4382,0.6651,1,train
Road,Latin_America,Latin_America,2043.2,38.3,8.5,0.2219,Standard,0.99,20.2,16.3,2.7,0.1114,0.5777,0,train
Ocean,South_Asia,Oceania,6685.5,293.4,113.0,0.3851,Standard,0.5664,27.9,34.7,8.2,0.05,0.2491,1,train
Road,Latin_America,Latin_America,270.7,15.7,9.5,0.6051,Standard,0.9444,43.4,34.7,22.4,0.1119,0.95,1,train
Ocean,Southeast_Asia,Oceania,11196.6,438.6,376.5,0.8584,Urgent,0.6389,64.1,33.9,17.2,0.686,0.4964,1,train
Ocean,Europe,North_America,14189.7,519.4,83.6,0.161,Standard,0.767,100.0,32.1,18.8,0.405,0.6204,1,train
Road,North_America,North_America,919.8,27.7,3.4,0.1227,Standard,0.673,28.2,24.9,7.0,0.0765,0.908,1,train
Ocean,Europe,Middle_East,11971.7,427.6,70.3,0.1644,High,0.7884,19.7,17.9,42.8,0.491,0.9787,1,train
Road,Latin_America,Latin_America,1633.3,28.8,18.4,0.6389,Standard,0.5761,8.9,12.1,13.5,0.1547,0.3856,1,train
Air,Latin_America,Oceania,6298.4,44.3,22.1,0.4989,Standard,0.7861,73.5,27.2,52.4,0.3728,0.7215,1,train
Rail,Europe,Europe,4744.7,136.5,77.3,0.5663,Standard,0.5923,30.5,53.6,32.1,0.0725,0.0807,1,train
Ocean,South_Asia,Europe,12960.0,457.8,93.6,0.2045,Standard,0.8269,18.6,38.0,28.7,0.5595,0.3527,1,train
Rail,South_Asia,Europe,3023.2,75.4,48.7,0.6459,High,0.9543,52.3,19.2,14.3,0.2839,0.7466,1,train
Ocean,East_Asia,Oceania,11193.5,442.3,77.3,0.1748,Standard,0.9378,42.1,4.6,13.9,0.2359,0.5172,1,train
Road,Latin_America,Latin_America,1841.5,41.4,5.9,0.1425,Standard,0.8823,74.1,51.8,12.6,0.0973,0.363,1,train
Ocean,East_Asia,Europe,6715.6,260.5,82.0,0.3148,Standard,0.7996,19.5,45.4,32.2,0.3821,0.1676,1,train
Ocean,Europe,Latin_America,11013.5,415.7,80.5,0.1936,High,0.99,59.9,6.2,4.5,0.4176,0.5677,1,train
Road,Latin_America,Latin_America,1490.4,33.9,9.6,0.2832,Standard,0.7787,52.1,55.4,22.3,0.1755,0.1673,1,train
Ocean,Europe,North_America,7821.2,288.2,89.8,0.3116,High,0.8709,54.1,5.5,25.5,0.2468,0.4458,1,train
Ocean,Southeast_Asia,Europe,10847.2,393.5,25.0,0.0635,Urgent,0.7227,13.5,24.1,49.0,0.4831,0.9663,1,train
Rail,South_Asia,North_America,500.0,37.9,9.2,0.2427,Standard,0.8874,21.4,26.5,35.4,0.5179,0.727,1,train
Road,Europe,Europe,1764.6,31.3,12.9,0.4121,Standard,0.7587,16.4,10.1,15.1,0.1514,0.8838,0,train
Rail,East_Asia,North_America,4985.4,144.5,22.5,0.1557,Standard,0.8169,18.9,29.9,10.8,0.401,0.9734,1,train
Air,North_America,East_Asia,7208.3,26.9,12.4,0.461,Standard,0.788,31.8,47.6,57.0,0.5538,0.1016,1,train
Ocean,East_Asia,North_America,6653.6,258.1,118.5,0.4591,Standard,0.8834,77.0,21.5,18.4,0.2188,0.3714,1,train
Ocean,East_Asia,Europe,12223.9,424.4,292.4,0.689,Standard,0.8452,43.7,27.0,25.8,0.5929,0.8928,1,train
Road,East_Asia,East_Asia,1177.1,29.3,16.1,0.5495,Standard,0.5969,34.9,12.0,16.5,0.1306,0.0679,1,train
Road,Latin_America,Europe,150.0,13.2,1.2,0.0909,High,0.9686,70.4,38.0,12.0,0.3682,0.1061,1,train
Ocean,South_Asia,Middle_East,12615.7,430.9,342.0,0.7937,Standard,0.6021,10.4,21.9,24.3,0.4097,0.7417,1,train
Ocean,Europe,North_America,9607.2,389.8,236.9,0.6077,Standard,0.6131,73.7,57.1,16.5,0.5705,0.1733,1,train
Road,Europe,Europe,736.5,24.9,2.5,0.1004,Standard,0.99,25.4,38.9,55.8,0.0456,0.0959,1,train
Air,South_Asia,North_America,7530.3,28.1,8.1,0.2883,Standard,0.8643,21.1,11.5,16.1,0.3287,0.3076,0,train
Road,Latin_America,Latin_America,1586.9,27.1,23.9,0.8819,Standard,0.8525,12.6,14.2,17.5,0.0422,0.5883,0,train
Ocean,Southeast_Asia,Oceania,10176.5,358.0,257.7,0.7198,Standard,0.7403,32.3,30.1,11.4,0.5054,0.4532,1,train
Road,Latin_America,Latin_America,1156.3,23.2,2.9,0.125,High,0.9234,29.3,6.4,34.0,0.1959,0.6081,0,train
Road,North_America,Europe,1343.6,33.0,11.0,0.3333,Standard,0.8354,35.5,13.4,10.8,0.1047,0.3006,0,train
Ocean,South_Asia,Latin_America,14861.3,510.3,281.2,0.551,Standard,0.9088,20.7,31.8,39.0,0.9362,0.589,1,train
Road,Europe,Europe,1571.4,33.7,4.3,0.1276,Urgent,0.9174,39.7,38.9,12.9,0.0636,0.3903,0,train
Ocean,Southeast_Asia,North_America,11158.4,431.6,29.8,0.069,Standard,0.7373,56.2,23.3,42.8,0.3596,0.9601,1,train
Ocean,South_Asia,Latin_America,7147.8,306.9,117.1,0.3816,Standard,0.9801,38.7,42.7,19.4,0.4291,0.2274,1,train
Rail,South_Asia,South_Asia,4093.1,103.0,99.0,0.9612,Urgent,0.7967,43.4,14.8,34.2,0.1987,0.4261,1,train
Ocean,Europe,Latin_America,9650.5,359.8,324.3,0.9013,Standard,0.904,16.1,51.3,23.1,0.4901,0.2645,1,train
Road,Latin_America,Latin_America,920.7,21.2,18.6,0.8774,High,0.892,19.7,17.8,40.1,0.0704,0.7948,1,train
Rail,North_America,North_America,4930.2,130.1,11.9,0.0915,Standard,0.6568,14.1,14.3,13.9,0.1633,0.1164,0,train
Ocean,Europe,Latin_America,5534.7,243.0,68.5,0.2819,Standard,0.7512,11.3,15.2,7.8,0.2558,0.7527,1,train
Ocean,Southeast_Asia,Middle_East,6303.0,253.7,199.7,0.7872,Urgent,0.9734,3.8,32.3,28.3,0.4818,0.6099,1,train
Road,Latin_America,Latin_America,2253.6,46.7,32.2,0.6895,Standard,0.9606,49.1,63.2,26.5,0.1002,0.6986,1,train
Road,Latin_America,Latin_America,1716.9,38.1,22.2,0.5827,Standard,0.7642,11.7,88.6,44.9,0.2118,0.617,1,train
Rail,North_America,North_America,3058.8,85.7,78.7,0.9183,High,0.7494,23.3,50.1,17.6,0.1076,0.4614,1,train
Ocean,East_Asia,Latin_America,10583.6,389.9,320.2,0.8212,High,0.8077,25.3,11.5,34.4,0.4328,0.3911,1,train
Ocean,South_Asia,Latin_America,12125.6,453.1,109.1,0.2408,Standard,0.8287,34.4,19.7,10.0,0.3523,0.6501,1,train
Rail,South_Asia,South_Asia,1867.7,53.3,23.1,0.4334,Standard,0.99,59.0,51.6,31.7,0.0917,0.6926,1,train
Ocean,South_Asia,Latin_America,13241.1,455.2,258.7,0.5683,High,0.8114,14.8,29.4,29.2,0.4979,0.3571,1,train
Air,Europe,Middle_East,5618.1,35.3,23.0,0.6516,High,0.9431,41.2,71.2,26.3,0.2515,0.6312,1,train
Ocean,Europe,Oceania,8905.1,334.7,306.2,0.9148,High,0.8813,62.8,12.1,49.0,0.414,0.5735,1,train
Air,Europe,Latin_America,11478.4,38.4,3.7,0.0964,Standard,0.9098,28.3,49.9,4.3,0.3698,0.4655,1,train
Ocean,Europe,Europe,13184.2,503.1,487.8,0.9696,High,0.7847,16.0,75.3,4.6,0.1924,0.7931,1,train
Rail,North_America,East_Asia,4962.3,137.7,75.9,0.5512,High,0.8903,38.0,11.6,76.1,0.4352,0.2508,1,train
Ocean,South_Asia,Europe,6580.8,258.1,167.9,0.6505,Standard,0.8254,33.4,46.5,22.6,0.2759,0.503,1,train
Road,East_Asia,Latin_America,1145.6,22.0,19.9,0.9045,Standard,0.8573,13.7,36.9,21.2,0.085,0.6122,1,train
Air,Europe,North_America,2946.9,32.0,6.8,0.2125,Standard,0.9653,73.5,28.0,8.0,0.142,0.9719,1,train
Road,Latin_America,Europe,1724.5,37.9,12.8,0.3377,High,0.6564,11.7,51.3,18.9,0.3368,0.919,1,train
Ocean,Europe,Latin_America,9850.5,385.0,325.8,0.8462,Standard,0.7972,8.0,22.5,20.5,0.3411,0.9599,1,train
Ocean,East_Asia,Europe,15029.9,562.4,414.8,0.7376,Standard,0.775,23.5,60.4,17.5,0.5124,0.2753,1,train
Ocean,South_Asia,North_America,12464.5,485.1,166.8,0.3438,Standard,0.7195,35.3,49.7,47.8,0.5583,0.4604,1,train
Ocean,East_Asia,North_America,13227.5,506.0,416.5,0.8231,Standard,0.871,85.8,20.1,49.5,0.5621,0.2992,1,train
Ocean,South_Asia,Middle_East,6707.0,279.2,116.8,0.4183,Urgent,0.8554,28.6,62.1,64.8,0.54,0.8457,1,train
Rail,South_Asia,North_America,1598.1,66.0,50.2,0.7606,Urgent,0.818,57.8,34.7,43.3,0.4595,0.9761,1,train
Road,Europe,Europe,1041.3,22.1,11.1,0.5023,Standard,0.6695,31.2,35.8,57.2,0.02,0.9476,1,train
Ocean,East_Asia,Latin_America,14832.6,515.5,406.9,0.7893,Standard,0.99,10.9,100.0,15.5,0.8903,0.2021,1,train
Road,Latin_America,Latin_America,1608.7,27.2,9.6,0.3529,High,0.7772,44.5,59.6,19.9,0.0897,0.317,1,train
Road,North_America,North_America,1210.0,28.3,10.8,0.3816,Standard,0.8424,57.0,22.4,31.8,0.1729,0.2738,1,train
Rail,South_Asia,South_Asia,4550.6,133.3,27.5,0.2063,Standard,0.9621,16.8,49.6,8.1,0.02,0.79,1,train
Road,Latin_America,Latin_America,1752.4,29.2,1.7,0.0582,Standard,0.8456,30.7,51.0,44.7,0.2015,0.1029,1,train
Air,East_Asia,North_America,6902.8,34.5,7.5,0.2174,High,0.8222,21.1,10.3,45.1,0.1794,0.5646,1,train
Ocean,Southeast_Asia,Latin_America,15330.3,544.1,482.4,0.8866,Standard,0.9005,41.5,34.7,8.9,0.4421,0.6006,1,train
Road,Europe,Europe,1139.4,23.6,10.8,0.4576,Standard,0.8374,31.9,43.0,20.1,0.145,0.7573,1,train
Rail,South_Asia,South_Asia,3829.0,112.3,31.3,0.2787,Urgent,0.8152,32.8,13.5,31.8,0.1784,0.9013,1,train
Road,East_Asia,East_Asia,1148.3,27.8,18.9,0.6799,Standard,0.8133,21.6,55.5,31.0,0.1078,0.9309,1,train
Ocean,East_Asia,North_America,15200.8,539.8,149.1,0.2762,Standard,0.9589,41.8,31.9,12.5,0.4844,0.5601,1,train
Road,Europe,Europe,1292.9,25.0,10.1,0.404,High,0.825,61.4,8.7,22.4,0.0561,0.0696,0,train
Rail,Europe,Europe,3215.7,85.5,40.1,0.469,High,0.7384,26.7,28.7,20.7,0.0947,0.3752,1,train
Air,North_America,Oceania,9205.3,48.0,20.9,0.4354,Standard,0.8205,36.8,19.1,34.1,0.4839,0.7735,1,train
Ocean,East_Asia,Europe,8256.7,332.3,29.0,0.0873,Urgent,0.7628,25.0,48.3,23.1,0.4885,0.6555,1,train
Road,North_America,Europe,1467.6,37.0,17.6,0.4757,High,0.9355,67.6,11.2,31.6,0.5529,0.4121,1,train
Air,Europe,East_Asia,9249.7,40.2,34.8,0.8657,High,0.9442,96.8,30.2,37.4,0.05,0.4101,1,train
Ocean,Europe,Oceania,15286.8,534.8,222.6,0.4162,High,0.7149,22.8,32.6,21.8,0.2977,0.4616,1,train
Air,East_Asia,North_America,8794.6,43.7,26.3,0.6018,Standard,0.7963,12.6,25.0,21.2,0.4773,0.6951,1,train
Road,East_Asia,Latin_America,2165.2,35.9,3.4,0.0947,Standard,0.8017,6.9,15.9,29.1,0.2673,0.3574,1,train
Ocean,South_Asia,Middle_East,16091.6,595.7,342.0,0.5741,Standard,0.8829,18.7,25.1,8.7,0.4629,0.0506,1,train
Ocean,Southeast_Asia,Oceania,13585.8,505.9,371.6,0.7345,High,0.99,18.9,66.4,26.8,0.0592,0.515,1,train
Ocean,Southeast_Asia,Latin_America,10764.8,407.4,394.8,0.9691,High,0.8796,17.7,42.6,29.0,0.4058,0.6137,1,train
Ocean,Europe,Latin_America,9490.3,344.5,19.2,0.0557,Standard,0.8745,35.5,17.7,8.1,0.5768,0.9744,1,train
Ocean,Europe,Latin_America,8434.6,318.5,153.1,0.4807,Standard,0.9103,29.9,27.7,9.9,0.6398,0.4302,1,train
Ocean,Europe,Middle_East,10870.1,417.7,206.2,0.4937,Standard,0.7382,24.3,28.7,36.6,0.3975,0.8501,1,train
Air,Latin_America,Oceania,9719.5,30.9,11.5,0.3722,High,0.9495,29.2,40.0,6.6,0.6132,0.8422,1,train
Ocean,East_Asia,Middle_East,7632.3,283.8,189.2,0.6667,Standard,0.7743,14.5,25.0,50.8,0.4021,0.0608,1,train
Ocean,South_Asia,Middle_East,15275.4,552.6,52.8,0.0955,High,0.8534,30.4,6.9,55.4,0.221,0.5066,1,train
Ocean,Europe,Middle_East,11569.3,420.6,39.1,0.093,Urgent,0.9687,50.6,11.2,5.3,0.6317,0.5207,1,train
Ocean,East_Asia,Europe,13417.4,467.5,191.8,0.4103,Urgent,0.834,32.8,40.4,20.3,0.6715,0.9211,1,train
Air,North_America,Middle_East,3781.4,27.9,2.3,0.0824,Urgent,0.886,34.4,31.5,15.1,0.5348,0.4572,1,train
Road,Europe,Europe,1009.0,30.2,26.1,0.8642,Standard,0.9149,47.5,70.8,31.2,0.0944,0.7638,1,train
Rail,East_Asia,East_Asia,4908.8,122.2,102.3,0.8372,Standard,0.9183,12.4,22.0,5.7,0.0985,0.5681,0,train
Air,South_Asia,Oceania,6947.1,42.2,34.2,0.8104,Urgent,0.99,62.5,47.7,19.3,0.2833,0.6554,1,train
Road,Europe,Europe,669.5,17.9,16.8,0.9385,Urgent,0.7791,14.6,25.7,4.0,0.1381,0.0512,0,train
Road,East_Asia,East_Asia,1601.9,32.8,4.6,0.1402,High,0.8529,31.0,24.0,12.7,0.166,0.5174,1,train
Ocean,South_Asia,Oceania,8818.8,337.2,144.9,0.4297,High,0.9139,28.1,12.3,15.0,0.4119,0.5018,1,train
Ocean,Southeast_Asia,North_America,12858.2,492.8,306.6,0.6222,High,0.99,13.2,22.7,56.7,0.3518,0.6325,1,train
Ocean,East_Asia,Latin_America,15667.3,576.1,334.7,0.581,Standard,0.8327,42.8,59.1,18.6,0.2391,0.271,1,train
Road,North_America,North_America,1696.6,32.8,5.6,0.1707,Standard,0.8642,41.2,43.3,22.3,0.1618,0.0667,1,train
Ocean,South_Asia,Latin_America,12188.1,421.5,269.3,0.6389,Standard,0.99,19.0,27.4,37.1,0.5305,0.2114,1,train
Air,Southeast_Asia,Middle_East,6404.4,35.1,8.7,0.2479,Standard,0.8942,46.0,16.2,24.5,0.4197,0.8868,1,train
Air,North_America,Europe,7376.6,30.7,19.4,0.6319,High,0.6024,39.8,24.9,3.8,0.5373,0.5146,1,train
Road,East_Asia,East_Asia,1442.5,34.8,11.7,0.3362,Urgent,0.7309,32.1,32.9,8.5,0.1433,0.1772,0,train
Ocean,Southeast_Asia,Middle_East,6483.7,266.8,210.7,0.7897,Standard,0.749,48.6,32.3,22.0,0.3173,0.4141,1,train
Ocean,Europe,Latin_America,18017.0,609.9,47.0,0.0771,Standard,0.99,21.2,12.7,3.8,0.4005,0.3999,1,train
Road,Latin_America,Latin_America,358.2,18.7,4.7,0.2513,Standard,0.8694,46.4,58.8,24.9,0.0788,0.6177,1,train
Road,North_America,North_America,1127.9,22.5,2.4,0.1067,Standard,0.5898,58.4,29.8,42.0,0.0518,0.8219,1,train
Air,Latin_America,North_America,7915.1,42.3,31.1,0.7352,High,0.9793,21.6,43.2,46.1,0.4852,0.5267,1,train
Ocean,Europe,Europe,8868.1,367.7,337.2,0.9171,High,0.7928,23.2,30.3,61.3,0.1194,0.6304,1,train
Ocean,Europe,Latin_America,9657.4,345.0,127.8,0.3704,Standard,0.6281,9.8,13.4,26.6,0.4582,0.4557,1,train
Road,North_America,North_America,1566.2,29.7,12.3,0.4141,Standard,0.699,59.1,59.4,13.7,0.2038,0.2674,1,train
Road,East_Asia,East_Asia,729.6,18.5,17.9,0.9676,Standard,0.95,46.4,21.6,25.4,0.02,0.6813,1,train
Ocean,South_Asia,Oceania,10533.3,377.6,56.7,0.1502,Standard,0.9408,48.8,30.9,39.6,0.464,0.0761,1,train
Ocean,East_Asia,Oceania,7922.8,297.7,245.5,0.8247,Standard,0.7987,51.2,44.9,13.6,0.36,0.7408,1,train
Rail,North_America,North_America,592.3,57.8,37.1,0.6419,Standard,0.6629,51.6,4.4,14.0,0.1556,0.3279,1,train
Ocean,Europe,North_America,12675.8,435.9,272.8,0.6258,Standard,0.8334,22.8,38.8,19.4,0.4266,0.3028,1,train
Road,North_America,North_America,1063.1,19.4,4.1,0.2113,High,0.9218,38.6,20.3,6.3,0.0655,0.5124,0,train
Air,Southeast_Asia,Middle_East,7659.0,36.6,21.3,0.582,Urgent,0.736,31.2,68.5,38.0,0.2289,0.7438,1,train
Ocean,East_Asia,North_America,11338.8,407.1,229.7,0.5642,High,0.8929,18.3,35.6,84.7,0.349,0.159,1,train
Rail,North_America,North_America,4900.6,124.6,6.8,0.0546,Standard,0.8196,36.4,36.2,10.0,0.1164,0.7879,1,train
Ocean,East_Asia,Middle_East,14009.8,523.5,219.5,0.4193,Standard,0.7531,4.0,45.0,21.3,0.5732,0.2883,1,train
Ocean,South_Asia,Latin_America,11507.8,400.2,45.2,0.1129,Urgent,0.8335,51.2,44.5,12.4,0.5838,0.915,1,train
Ocean,South_Asia,North_America,10313.5,363.5,195.4,0.5376,Urgent,0.9473,16.3,59.1,21.4,0.43,0.6481,1,train
Ocean,Southeast_Asia,North_America,13134.2,450.4,29.1,0.0646,Standard,0.785,20.0,24.8,8.3,0.2868,0.8637,1,train
Air,East_Asia,Latin_America,4945.8,20.7,7.1,0.343,High,0.8589,6.5,31.5,21.5,0.0675,0.4317,1,train
Road,North_America,North_America,1300.9,25.4,13.3,0.5236,Standard,0.99,25.6,46.0,3.8,0.0962,0.7596,0,train
Rail,East_Asia,East_Asia,3529.3,82.9,78.2,0.9433,Urgent,0.9792,24.5,17.2,18.7,0.0548,0.3049,0,train
Ocean,Europe,Europe,15831.1,561.3,390.5,0.6957,High,0.6143,19.8,25.7,71.1,0.1488,0.358,1,train
Ocean,South_Asia,Europe,10681.5,375.2,341.9,0.9112,Urgent,0.8627,33.4,18.4,31.7,0.5338,0.2824,1,train
Ocean,Southeast_Asia,Europe,15781.0,568.6,419.5,0.7378,Standard,0.8219,22.8,47.2,24.4,0.6493,0.7639,1,train
Ocean,South_Asia,Oceania,13446.6,473.9,23.7,0.05,Standard,0.8821,40.2,17.9,4.7,0.4849,0.5971,1,train
Ocean,Southeast_Asia,Europe,7345.0,280.9,274.6,0.9776,Standard,0.8056,47.8,32.4,40.9,0.3508,0.5429,1,train
Ocean,South_Asia,North_America,6818.2,265.6,53.8,0.2026,Standard,0.8221,21.1,41.2,23.5,0.5645,0.4975,1,train
Ocean,Southeast_Asia,North_America,10572.7,397.1,360.7,0.9083,Standard,0.9429,33.1,11.4,38.9,0.6683,0.4033,1,train
Road,Latin_America,Latin_America,1337.6,26.9,15.7,0.5836,Standard,0.965,32.4,7.5,13.0,0.1328,0.2683,0,train
Rail,Europe,Europe,3404.0,103.3,31.7,0.3069,Standard,0.5893,40.6,32.5,9.6,0.0913,0.1787,1,train
Ocean,Europe,Middle_East,12756.1,450.0,53.9,0.1198,Standard,0.8739,26.0,22.8,20.9,0.5247,0.9684,1,train
Rail,Europe,Europe,3466.4,103.9,73.0,0.7026,High,0.7568,24.8,30.6,11.1,0.253,0.1736,1,train
Ocean,Southeast_Asia,North_America,12971.7,453.3,195.7,0.4317,Standard,0.99,23.8,32.0,13.8,0.195,0.3176,1,train
Air,North_America,Oceania,5651.8,37.4,21.3,0.5695,Standard,0.8313,47.6,54.0,23.3,0.3908,0.1658,1,train
Rail,East_Asia,East_Asia,3642.9,90.2,38.8,0.4302,High,0.7815,30.8,27.3,5.3,0.1342,0.6004,0,train
Ocean,Southeast_Asia,Middle_East,10071.9,386.7,41.5,0.1073,High,0.8514,20.9,23.7,16.3,0.5483,0.6471,1,train
Road,East_Asia,East_Asia,278.9,18.4,14.7,0.7989,High,0.9746,24.8,28.8,59.3,0.0818,0.2453,1,train
Ocean,South_Asia,Latin_America,10624.5,377.4,366.5,0.9711,Standard,0.791,20.0,42.9,23.0,0.5104,0.3113,1,train
Ocean,Southeast_Asia,Oceania,11756.5,459.4,411.4,0.8955,Standard,0.99,14.4,35.0,33.3,0.4798,0.6975,1,train
Road,Latin_America,Latin_America,1886.7,35.4,20.4,0.5763,High,0.7683,21.2,41.5,57.6,0.107,0.8567,1,train
Ocean,Europe,North_America,12094.6,461.0,131.1,0.2844,High,0.8843,23.3,57.7,38.2,0.562,0.2697,1,train
Ocean,Europe,Europe,13003.6,466.2,379.2,0.8134,Urgent,0.9535,40.8,38.1,10.1,0.1502,0.0509,1,train
Rail,East_Asia,Europe,4905.7,134.0,129.9,0.9694,Standard,0.7586,51.7,49.2,19.0,0.4142,0.2764,1,train
Rail,Europe,Europe,3367.5,94.0,5.9,0.0628,Standard,0.7311,28.4,30.8,7.6,0.0328,0.2242,1,train
Road,North_America,North_America,2043.7,35.3,30.2,0.8555,Urgent,0.8925,44.6,25.8,16.2,0.0642,0.4263,1,train
Ocean,Europe,Latin_America,12847.6,460.3,379.8,0.8251,Standard,0.9378,47.9,22.4,27.0,0.4506,0.7199,1,train
Ocean,Europe,North_America,12975.0,457.7,385.0,0.8412,Standard,0.7265,21.9,20.5,47.2,0.6105,0.1317,1,train
Rail,East_Asia,East_Asia,3091.3,86.4,57.8,0.669,High,0.8827,49.9,23.2,33.8,0.132,0.1171,1,train
Ocean,Europe,North_America,14132.4,484.9,412.2,0.8501,High,0.8556,34.6,12.7,9.3,0.3662,0.8064,1,train
Ocean,Southeast_Asia,North_America,19817.8,664.8,436.9,0.6572,Urgent,0.7767,34.5,59.7,17.4,0.4507,0.266,1,train
Air,North_America,East_Asia,8750.4,42.7,34.9,0.8173,High,0.876,5.2,46.2,8.1,0.2288,0.1623,0,train
Air,Latin_America,East_Asia,10999.4,28.3,17.7,0.6254,High,0.8774,17.5,39.1,10.9,0.6345,0.3788,1,train
Rail,East_Asia,East_Asia,3569.7,85.6,56.4,0.6589,Standard,0.8469,80.6,31.0,33.0,0.2752,0.4604,1,train
Rail,South_Asia,South_Asia,2267.0,78.2,62.0,0.7928,Standard,0.99,84.2,18.2,61.3,0.0409,0.1413,1,train
Rail,South_Asia,South_Asia,2939.4,80.2,75.6,0.9426,Standard,0.6484,50.7,24.4,5.5,0.1146,0.6573,1,train
Ocean,Southeast_Asia,Oceania,9311.8,347.7,65.2,0.1875,High,0.6542,60.8,17.3,8.4,0.484,0.9397,1,train
Road,East_Asia,East_Asia,150.0,6.2,4.0,0.6452,Standard,0.719,10.2,36.2,21.7,0.2111,0.581,1,train
Road,East_Asia,East_Asia,1785.7,39.1,27.2,0.6957,Standard,0.8438,20.5,19.1,25.9,0.0823,0.7515,1,train
Ocean,Europe,North_America,14143.8,533.9,504.6,0.9451,Urgent,0.99,41.7,10.2,12.3,0.5508,0.8676,1,train
Ocean,Europe,Middle_East,11624.8,419.1,79.8,0.1904,Standard,0.99,71.2,42.4,37.5,0.4589,0.4543,1,train
Road,Latin_America,North_America,1299.2,28.6,23.6,0.8252,Standard,0.7416,36.7,44.3,20.5,0.5656,0.5571,1,train
Ocean,Europe,North_America,8714.6,339.3,287.2,0.8464,Standard,0.7978,20.7,16.2,18.3,0.3648,0.3341,1,train
Ocean,South_Asia,North_America,8776.9,340.1,116.3,0.342,Standard,0.7567,11.9,82.6,40.6,0.4187,0.1117,1,train
Road,Latin_America,Latin_America,1351.4,34.4,10.5,0.3052,Standard,0.8867,50.4,17.2,7.5,0.084,0.7243,0,train
Air,Latin_America,East_Asia,5537.1,21.7,2.2,0.1014,High,0.7851,17.5,38.4,13.1,0.3691,0.9324,1,train
Ocean,Southeast_Asia,North_America,9250.2,342.6,148.4,0.4332,Standard,0.7716,33.3,27.8,20.3,0.3675,0.3518,1,train
Air,Europe,Latin_America,8287.3,45.8,10.1,0.2205,High,0.9136,31.4,58.1,42.5,0.4471,0.1882,1,train
Rail,North_America,North_America,2388.2,83.2,15.1,0.1815,Standard,0.7734,19.6,54.3,15.9,0.2464,0.7197,1,train
Rail,North_America,Europe,5255.1,122.0,119.4,0.9787,Urgent,0.7214,26.3,10.1,35.9,0.5607,0.1029,1,train
Road,East_Asia,North_America,1621.8,28.8,10.0,0.3472,Standard,0.8841,35.9,53.3,38.5,0.05,0.7698,1,train
Road,Latin_America,Latin_America,1164.4,28.7,25.4,0.885,Urgent,0.99,13.7,24.1,8.0,0.2361,0.2975,0,train
Road,East_Asia,East_Asia,1151.4,23.7,15.3,0.6456,Standard,0.9058,100.0,56.6,61.8,0.053,0.7858,1,train
Ocean,Southeast_Asia,Middle_East,11191.9,425.4,31.5,0.074,Standard,0.9243,65.1,25.9,6.5,0.1261,0.4929,1,train
Road,East_Asia,Latin_America,553.6,13.8,8.1,0.587,Urgent,0.9148,72.5,19.8,74.7,0.5311,0.1979,1,train
Road,North_America,North_America,285.2,18.9,10.3,0.545,Standard,0.99,21.9,60.3,10.7,0.1952,0.953,1,train
Ocean,Europe,Middle_East,8004.7,318.9,231.4,0.7256,Standard,0.6285,12.4,100.0,32.1,0.05,0.2002,1,train
Road,Latin_America,Latin_America,2054.3,38.3,6.1,0.1593,Standard,0.7119,35.0,34.3,24.9,0.1173,0.479,1,train
Ocean,Southeast_Asia,North_America,10283.2,377.2,74.9,0.1986,Standard,0.9126,17.3,25.9,13.5,0.2758,0.3754,1,train
Ocean,Europe,Europe,12457.6,448.5,283.3,0.6317,Standard,0.99,70.4,35.7,25.9,0.0201,0.4615,1,train
Rail,Europe,East_Asia,3122.1,74.5,70.8,0.9503,Urgent,0.99,63.2,30.0,14.9,0.05,0.4175,1,train
Air,South_Asia,Europe,7910.3,23.2,9.0,0.3879,High,0.7641,55.9,58.8,34.8,0.5409,0.682,1,train
Road,North_America,North_America,793.8,23.6,5.9,0.25,Standard,0.9358,16.5,52.0,5.2,0.1281,0.8807,1,train
Ocean,Europe,Oceania,10191.9,370.3,45.0,0.1215,High,0.9148,79.1,35.3,9.6,0.05,0.8269,1,train
Air,Latin_America,North_America,7428.8,41.7,30.8,0.7386,High,0.9265,83.3,37.0,18.5,0.6513,0.8678,1,train
Rail,North_America,North_America,3391.0,105.1,70.6,0.6717,Standard,0.75,30.8,30.9,11.6,0.1298,0.3121,1,train
Air,Southeast_Asia,Latin_America,1200.0,25.3,4.1,0.1621,Standard,0.7987,39.8,40.2,38.5,0.6256,0.9257,1,train
Ocean,East_Asia,North_America,13718.9,515.8,198.6,0.385,High,0.6247,31.5,78.5,37.2,0.7735,0.2995,1,train
Ocean,Europe,North_America,11466.5,394.3,343.4,0.8709,Urgent,0.8991,7.2,42.4,19.8,0.4462,0.3848,1,train
Air,East_Asia,Oceania,10604.1,45.4,38.3,0.8436,Standard,0.99,18.7,69.8,20.1,0.7682,0.5123,1,train
Air,Southeast_Asia,Europe,4498.6,18.8,6.5,0.3457,Urgent,0.7427,20.3,27.7,33.0,0.5334,0.3508,1,train
Road,Latin_America,Latin_America,2391.0,39.9,28.8,0.7218,Standard,0.9288,24.0,92.4,22.7,0.152,0.0658,1,train
Air,Southeast_Asia,North_America,5101.5,38.9,8.3,0.2134,Standard,0.99,43.8,46.4,11.8,0.2787,0.0813,1,train
Road,Europe,Europe,1176.2,32.6,9.7,0.2975,Standard,0.7766,57.9,100.0,10.7,0.1318,0.7584,1,train
Ocean,South_Asia,Latin_America,9671.7,386.4,27.5,0.0712,Standard,0.8956,48.7,25.4,39.5,0.1879,0.3687,1,train
Rail,Europe,Europe,3925.6,107.1,13.1,0.1223,Standard,0.8029,54.0,84.8,35.7,0.02,0.4385,1,train
Road,North_America,North_America,800.5,18.4,1.6,0.087,Standard,0.7762,46.1,43.9,15.0,0.0864,0.6304,1,train
Road,Latin_America,Latin_America,1541.1,37.4,22.5,0.6016,Standard,0.9047,28.0,18.1,26.7,0.0203,0.8978,1,train
Air,Latin_America,East_Asia,9124.6,34.2,30.1,0.8801,High,0.9346,63.8,20.4,47.5,0.2503,0.2222,1,train
Rail,Europe,North_America,3701.6,112.9,103.3,0.915,Standard,0.7588,26.0,39.1,48.6,0.5015,0.8092,1,train
Air,North_America,Europe,2908.0,24.4,1.4,0.0574,Urgent,0.7723,36.2,9.7,26.1,0.3225,0.3486,1,train
Ocean,Europe,Europe,11133.9,411.7,48.6,0.118,High,0.99,58.8,58.3,22.3,0.2206,0.3542,1,train
Road,Europe,Europe,2089.9,39.1,20.8,0.532,Standard,0.8447,20.7,42.2,14.6,0.0906,0.892,1,train
Ocean,East_Asia,Europe,5291.9,204.8,120.0,0.5859,Standard,0.9484,14.7,41.1,25.9,0.3816,0.585,1,train
Rail,South_Asia,South_Asia,3666.6,103.3,84.4,0.817,High,0.8489,16.5,60.6,23.2,0.02,0.2153,1,train
Road,Latin_America,Europe,1440.5,35.7,14.0,0.3922,High,0.8322,48.3,15.3,18.9,0.5057,0.0746,1,train
Air,Middle_East,Oceania,9175.5,46.7,12.2,0.2612,Standard,0.6713,21.3,73.5,22.9,0.5763,0.3587,1,train
Ocean,South_Asia,Europe,7260.3,321.5,128.5,0.3997,Standard,0.8804,32.8,39.0,33.2,0.5357,0.0944,1,train
Ocean,Southeast_Asia,North_America,17939.5,635.4,547.5,0.8617,High,0.7789,19.2,21.6,27.3,0.4411,0.8317,1,train
Air,Europe,Oceania,10970.4,33.5,31.9,0.9522,Standard,0.8077,51.0,16.6,35.4,0.3709,0.7938,1,train
Rail,East_Asia,East_Asia,1369.5,44.0,10.9,0.2477,Standard,0.8716,38.2,44.4,27.9,0.1153,0.2852,1,train
Air,Europe,Middle_East,7498.4,34.8,15.3,0.4397,Standard,0.8343,29.5,49.8,17.6,0.4987,0.1001,1,train
Ocean,Southeast_Asia,Middle_East,11842.5,418.7,165.9,0.3962,High,0.99,16.1,52.4,25.1,0.3728,0.3085,1,train
Rail,Europe,Europe,2517.7,79.1,75.6,0.9558,High,0.849,15.1,47.7,30.5,0.186,0.415,1,train
Ocean,Southeast_Asia,Latin_America,13257.2,470.4,319.3,0.6788,Standard,0.8365,43.0,18.7,52.8,0.3759,0.688,1,train
Air,Latin_America,East_Asia,5550.5,33.1,10.3,0.3112,High,0.6018,48.7,22.7,18.1,0.541,0.7884,1,train
Road,Latin_America,Latin_America,1270.9,29.4,8.9,0.3027,Standard,0.8559,28.5,15.1,32.1,0.1757,0.8438,1,train
Road,East_Asia,East_Asia,929.3,22.2,8.5,0.3829,High,0.7742,81.5,37.6,17.2,0.131,0.475,1,train
Road,East_Asia,East_Asia,1514.8,27.5,4.5,0.1636,Urgent,0.8747,38.3,38.3,37.1,0.1962,0.4931,1,train
Road,Europe,North_America,782.0,15.3,7.7,0.5033,Standard,0.99,13.6,67.9,14.5,0.3914,0.8351,1,train
Road,East_Asia,East_Asia,1930.7,40.9,29.1,0.7115,Standard,0.857,21.4,75.6,8.2,0.0895,0.4905,1,train
Ocean,Europe,Middle_East,11691.5,417.7,79.8,0.191,High,0.6239,14.7,24.1,22.0,0.5352,0.7339,1,train
Ocean,Southeast_Asia,Middle_East,8903.8,371.1,211.3,0.5694,Standard,0.72,58.3,41.3,42.3,0.6733,0.5615,1,train
Road,Europe,Europe,975.9,28.5,10.6,0.3719,Standard,0.9875,13.6,31.6,37.1,0.0994,0.9696,1,train
Road,East_Asia,Latin_America,543.8,21.2,10.1,0.4764,High,0.8482,16.5,67.0,28.5,0.4437,0.4527,1,train
Road,North_America,North_America,682.2,25.5,17.2,0.6745,Standard,0.8466,18.2,35.5,25.8,0.1042,0.2922,0,train
Ocean,Southeast_Asia,Middle_East,11620.3,413.5,20.8,0.0503,Standard,0.8784,27.5,42.1,8.7,0.612,0.3737,1,train
Road,Latin_America,Latin_America,1015.5,29.1,14.3,0.4914,Standard,0.723,29.0,41.2,37.1,0.1535,0.3873,0,train
Rail,East_Asia,East_Asia,4013.7,116.9,70.0,0.5988,Standard,0.8273,13.5,16.9,19.6,0.0584,0.7792,0,train
Air,East_Asia,Middle_East,5088.0,27.2,8.6,0.3162,Standard,0.8304,100.0,24.0,48.5,0.3959,0.2258,1,train
Rail,North_America,North_America,4005.2,121.7,47.8,0.3928,Standard,0.7379,17.5,29.6,23.5,0.1107,0.2254,1,train
Air,Europe,North_America,10429.5,37.1,25.5,0.6873,Standard,0.9079,13.0,50.8,18.4,0.6693,0.7351,1,train
Ocean,Europe,Latin_America,9223.9,332.8,91.0,0.2734,High,0.6937,100.0,60.0,31.1,0.2882,0.3604,1,train
Air,South_Asia,Latin_America,5296.0,39.0,14.4,0.3692,High,0.9057,19.1,74.6,3.8,0.6824,0.1285,1,train
Air,East_Asia,Europe,10184.9,34.3,4.1,0.1195,Standard,0.99,23.3,24.9,16.8,0.4668,0.363,1,train
Ocean,Europe,Latin_America,12928.2,459.3,93.8,0.2042,Standard,0.8329,51.9,53.7,39.6,0.4714,0.8553,1,train
Air,Latin_America,Europe,11233.1,36.2,19.9,0.5497,Standard,0.9021,52.8,69.0,14.1,0.0813,0.7887,1,train
Ocean,Europe,Latin_America,7158.2,296.3,236.0,0.7965,Standard,0.8102,38.4,10.4,13.6,0.4022,0.1071,1,train
Air,Latin_America,Europe,6898.3,27.9,8.7,0.3118,High,0.8161,74.7,100.0,25.9,0.436,0.5983,1,train
Ocean,South_Asia,North_America,10224.4,355.5,268.2,0.7544,Urgent,0.8064,61.4,25.5,21.2,0.6209,0.6118,1,train
Ocean,South_Asia,Europe,6861.9,304.9,213.0,0.6986,Standard,0.99,50.9,36.7,10.4,0.05,0.5944,1,train
Road,Latin_America,Latin_America,759.8,24.3,8.4,0.3457,Standard,0.8002,18.5,36.3,29.6,0.1275,0.3587,1,train
Ocean,Europe,Oceania,9636.4,344.9,28.9,0.0838,Standard,0.99,36.6,44.0,14.7,0.6488,0.7106,1,train
Rail,North_America,North_America,2352.3,71.1,64.0,0.9001,Standard,0.93,37.1,28.0,11.8,0.1293,0.2338,0,train
Rail,North_America,East_Asia,500.0,24.0,11.4,0.475,Standard,0.6811,25.4,55.9,26.9,0.5207,0.1137,1,train
Rail,East_Asia,East_Asia,3612.1,117.5,96.8,0.8238,High,0.8232,93.1,56.7,53.3,0.2,0.9018,1,train
Air,Europe,Latin_America,1999.9,29.7,19.2,0.6465,High,0.5619,42.3,13.6,37.0,0.2721,0.209,1,train
Air,Southeast_Asia,Latin_America,4348.4,25.1,13.2,0.5259,High,0.7579,54.0,30.3,27.8,0.3056,0.0713,1,train
Ocean,Europe,North_America,19070.2,659.3,456.0,0.6916,Standard,0.9686,33.0,22.4,23.6,0.3282,0.6178,1,train
Road,Latin_America,Latin_America,1436.5,36.2,20.3,0.5608,Standard,0.99,24.0,13.5,15.4,0.0831,0.6298,0,train
Ocean,East_Asia,Latin_America,11711.0,419.8,386.7,0.9212,High,0.854,21.5,35.8,59.2,0.3682,0.7468,1,train
Ocean,East_Asia,Middle_East,8968.8,339.3,65.4,0.1927,High,0.8704,32.0,31.3,11.2,0.3805,0.2393,1,train
Ocean,East_Asia,Europe,8069.0,342.0,318.8,0.9322,Standard,0.7363,62.3,25.7,41.9,0.2772,0.7492,1,train
Air,East_Asia,North_America,4109.4,20.4,3.8,0.1863,Standard,0.7356,35.8,14.2,18.3,0.5845,0.0851,1,train
Air,South_Asia,Middle_East,8119.7,27.3,17.8,0.652,Standard,0.99,21.6,16.1,39.9,0.1633,0.6703,1,train
Rail,East_Asia,East_Asia,3362.7,88.3,7.3,0.0827,Standard,0.8317,28.4,11.0,17.5,0.2076,0.9766,1,train
Road,Latin_America,Latin_America,1841.7,42.2,7.2,0.1706,Standard,0.7717,40.5,43.5,10.2,0.1106,0.2614,1,train
Ocean,East_Asia,Latin_America,10739.8,415.8,109.0,0.2621,Standard,0.9291,9.4,34.2,44.3,0.8044,0.6879,1,train
Ocean,Europe,North_America,12881.0,447.9,131.6,0.2938,Urgent,0.9039,67.4,32.1,16.6,0.3354,0.7581,1,train
Ocean,Europe,Europe,11911.3,429.1,346.2,0.8068,Standard,0.6876,58.6,46.7,8.0,0.2026,0.5672,1,train
Road,East_Asia,East_Asia,1379.8,26.9,13.3,0.4944,Standard,0.9867,20.9,26.7,55.3,0.2117,0.2815,1,train
Air,Latin_America,Europe,3624.8,39.2,34.9,0.8903,Standard,0.8157,30.7,72.3,15.5,0.259,0.7425,1,train
Road,East_Asia,East_Asia,954.0,21.9,19.1,0.8721,Standard,0.7671,67.5,60.5,13.9,0.235,0.7394,1,train
Ocean,Europe,Europe,8655.4,330.4,79.7,0.2412,Standard,0.9391,18.0,55.5,26.9,0.1199,0.2276,1,train
Ocean,Southeast_Asia,Europe,7126.5,306.6,256.0,0.835,High,0.8701,41.0,72.8,15.8,0.3136,0.2831,1,train
Ocean,East_Asia,Europe,13032.8,500.9,261.3,0.5217,High,0.871,19.4,24.7,13.8,0.5635,0.4023,1,train
Road,Europe,Europe,1153.6,23.7,11.9,0.5021,Standard,0.5177,33.5,17.9,9.5,0.0916,0.6077,1,train
Ocean,Europe,Oceania,13905.3,528.0,208.7,0.3953,Standard,0.6734,36.8,15.9,10.0,0.05,0.5258,1,train
Air,East_Asia,Oceania,6434.2,25.9,13.7,0.529,Standard,0.815,30.1,82.9,18.5,0.2536,0.3212,1,train
Ocean,Southeast_Asia,Oceania,15774.8,557.5,62.3,0.1117,Urgent,0.7985,33.4,30.7,31.7,0.3675,0.4078,1,train
Rail,Europe,Europe,3418.7,104.6,92.4,0.8834,High,0.8169,24.8,28.3,30.1,0.2105,0.635,1,train
Air,East_Asia,North_America,2678.7,17.2,14.9,0.8663,High,0.7846,22.9,26.2,21.6,0.4681,0.469,1,train
Air,South_Asia,Europe,5443.4,28.3,15.2,0.5371,High,0.9101,36.2,66.3,9.5,0.535,0.5411,1,train
Road,East_Asia,East_Asia,1300.6,31.3,20.8,0.6645,Urgent,0.8737,52.7,17.5,7.2,0.1068,0.4192,1,train
Air,Latin_America,Oceania,7500.7,44.0,33.5,0.7614,Standard,0.8585,13.2,20.3,61.0,0.2106,0.2426,1,train
Ocean,East_Asia,Middle_East,12739.1,444.9,105.8,0.2378,Standard,0.966,30.2,28.3,23.6,0.7827,0.4032,1,train
Air,Latin_America,North_America,9794.6,34.1,32.9,0.9648,Standard,0.5951,20.8,30.0,10.7,0.2455,0.774,1,train
Rail,Europe,Europe,2895.9,101.6,75.4,0.7421,Standard,0.7598,49.4,34.7,16.5,0.0951,0.7873,1,train
Ocean,East_Asia,Middle_East,14856.9,559.5,437.1,0.7812,Standard,0.8188,37.4,32.4,13.1,0.2644,0.1273,1,train
Ocean,Southeast_Asia,Middle_East,11234.5,405.0,121.4,0.2998,Standard,0.9128,21.1,14.7,21.0,0.4257,0.6114,1,train
Rail,Europe,Europe,3399.8,87.2,29.1,0.3337,Standard,0.9745,18.5,37.8,27.7,0.0849,0.4839,1,train
Ocean,East_Asia,Latin_America,8337.1,314.9,123.0,0.3906,Standard,0.7954,32.3,100.0,18.9,0.0693,0.903,1,train
Road,Latin_America,Latin_America,1908.3,33.1,16.1,0.4864,Standard,0.8315,42.7,28.0,14.9,0.1493,0.1304,0,train
Ocean,South_Asia,Europe,8442.4,308.2,172.2,0.5587,High,0.99,11.5,98.3,33.6,0.6193,0.9303,1,train
Road,North_America,Latin_America,777.4,21.1,1.8,0.0853,Standard,0.5712,81.7,34.1,75.8,0.1322,0.7452,1,train
Ocean,Europe,Middle_East,6544.2,296.9,46.5,0.1566,Standard,0.975,11.0,33.6,40.8,0.2685,0.6474,1,train
Road,North_America,Europe,1092.9,27.9,12.9,0.4624,High,0.7189,32.5,8.6,73.7,0.7634,0.4329,1,train
Ocean,Europe,Oceania,9326.2,345.9,138.2,0.3995,Standard,0.8626,22.2,28.9,20.9,0.05,0.2174,1,train
Ocean,Europe,North_America,6569.4,263.2,230.9,0.8773,Standard,0.8873,26.4,14.5,56.1,0.438,0.5709,1,train
Ocean,East_Asia,Europe,11248.0,410.0,153.2,0.3737,High,0.8577,39.2,30.4,33.3,0.4245,0.9512,1,train
Air,South_Asia,Europe,5959.0,20.7,7.0,0.3382,Standard,0.913,22.5,53.0,35.6,0.4488,0.3858,1,train
Ocean,East_Asia,Middle_East,10253.5,398.1,299.7,0.7528,Standard,0.7048,10.1,47.9,41.8,0.2717,0.7705,1,train
Road,Latin_America,North_America,2041.9,35.0,14.7,0.42,Standard,0.5663,16.2,30.7,1.2,0.1476,0.3271,0,train
Air,North_America,Latin_America,7419.2,43.1,22.7,0.5267,Standard,0.583,41.1,20.8,21.1,0.6078,0.4789,1,train
Road,Latin_America,Latin_America,392.6,20.4,15.2,0.7451,Standard,0.8318,44.7,13.0,26.0,0.1603,0.7644,1,train
Road,North_America,North_America,2293.3,42.3,25.0,0.591,High,0.7946,21.6,26.2,41.0,0.0653,0.7537,1,train
Air,East_Asia,North_America,7710.2,37.7,33.7,0.8939,Standard,0.891,42.1,34.7,8.9,0.05,0.7035,1,train
Ocean,Southeast_Asia,Latin_America,7722.8,302.4,290.8,0.9616,High,0.7935,9.0,41.1,34.7,0.4577,0.6687,1,train
Air,East_Asia,Oceania,5713.6,34.8,23.0,0.6609,Standard,0.8678,14.5,71.6,30.3,0.6416,0.2623,1,train
Road,East_Asia,East_Asia,1902.5,35.7,32.2,0.902,High,0.9693,25.7,12.7,18.1,0.1425,0.6223,0,train
Ocean,South_Asia,Middle_East,11374.0,429.4,144.6,0.3367,High,0.7042,36.0,3.8,48.6,0.0984,0.7562,1,train
Rail,South_Asia,South_Asia,2648.6,98.6,34.8,0.3529,Standard,0.8146,41.9,24.9,47.7,0.2085,0.4477,1,train
Ocean,Southeast_Asia,Europe,13045.6,473.7,148.1,0.3126,Standard,0.99,18.8,43.5,30.7,0.5317,0.1309,1,train
Road,East_Asia,East_Asia,928.3,26.7,15.7,0.588,High,0.8406,40.7,40.5,50.6,0.0236,0.8469,1,train
Ocean,Europe,North_America,13730.3,468.6,65.3,0.1394,Standard,0.8875,48.4,38.7,29.4,0.197,0.0739,1,train
Road,North_America,North_America,678.9,19.4,5.0,0.2577,High,0.99,7.5,47.9,18.9,0.1516,0.9412,1,train
Ocean,Southeast_Asia,Oceania,14252.3,512.9,342.8,0.6684,Standard,0.7933,12.6,87.4,12.1,0.4699,0.4454,1,train
Road,Latin_America,Latin_America,150.0,14.4,7.2,0.5,Standard,0.7715,14.2,35.6,44.5,0.0792,0.9589,1,train
Road,Europe,Europe,1736.9,29.1,27.8,0.9553,High,0.8805,23.2,79.6,19.5,0.0896,0.8975,1,train
Ocean,South_Asia,Latin_America,16203.3,544.3,115.6,0.2124,Standard,0.7956,22.3,13.2,24.6,0.6288,0.7061,1,train
Ocean,Europe,Middle_East,11634.3,437.4,50.0,0.1143,High,0.721,20.6,9.9,29.7,0.2174,0.392,1,train
Ocean,South_Asia,Europe,3500.0,165.8,133.0,0.8022,High,0.7114,85.8,61.4,35.1,0.392,0.6242,1,train
Ocean,Southeast_Asia,Latin_America,11460.8,447.6,291.1,0.6504,Standard,0.8689,84.6,36.8,31.8,0.5732,0.5964,1,train
Ocean,Southeast_Asia,Latin_America,10499.0,407.2,262.1,0.6437,Standard,0.8463,26.5,17.6,5.7,0.3905,0.4012,1,train
Rail,East_Asia,Europe,5165.0,124.2,100.1,0.806,Standard,0.809,6.4,44.0,36.8,0.0698,0.5847,1,train
Ocean,Southeast_Asia,Oceania,10908.9,417.7,235.7,0.5643,High,0.8853,21.4,15.5,21.1,0.5183,0.1525,1,train
Road,East_Asia,East_Asia,731.5,21.6,17.7,0.8194,Standard,0.8484,59.0,19.6,12.4,0.0341,0.753,1,train
Ocean,East_Asia,Europe,13508.2,504.7,27.6,0.0547,Standard,0.9759,13.5,29.7,26.0,0.2893,0.9028,1,train
Rail,East_Asia,East_Asia,638.1,27.8,10.3,0.3705,High,0.9576,51.9,29.2,58.5,0.0255,0.5716,1,train
Rail,North_America,North_America,3455.9,93.6,63.6,0.6795,Standard,0.8608,75.7,37.6,4.6,0.1242,0.746,1,train
Ocean,Southeast_Asia,Oceania,15872.1,566.4,142.6,0.2518,High,0.8604,13.8,29.5,25.9,0.4851,0.4541,1,train
Road,East_Asia,East_Asia,1558.4,32.3,13.3,0.4118,Standard,0.99,28.0,26.9,25.9,0.1747,0.7115,1,train
Air,Middle_East,Europe,9793.6,47.8,23.9,0.5,High,0.7175,13.6,74.0,30.5,0.3544,0.9531,1,train
Air,Southeast_Asia,East_Asia,4663.8,19.5,9.6,0.4923,High,0.7722,20.3,43.0,26.3,0.6782,0.6529,1,train
Ocean,South_Asia,North_America,14280.1,524.8,71.4,0.1361,High,0.7325,28.6,24.4,35.9,0.5678,0.0739,1,train
Rail,East_Asia,East_Asia,3567.4,102.1,71.0,0.6954,High,0.8212,30.0,48.5,11.2,0.1794,0.2209,1,train
Ocean,South_Asia,Oceania,15165.6,563.8,215.5,0.3822,Standard,0.859,42.0,30.3,45.5,0.4916,0.6128,1,train
Ocean,East_Asia,North_America,5467.1,220.1,175.7,0.7983,Standard,0.8539,69.2,50.3,11.0,0.5019,0.6016,1,train
Road,Europe,Europe,1167.5,25.6,10.4,0.4062,Standard,0.6961,41.4,17.1,44.1,0.1784,0.6711,1,train
Ocean,Southeast_Asia,North_America,11348.7,441.7,350.6,0.7938,Standard,0.847,86.8,44.1,36.8,0.6151,0.6337,1,train
Air,South_Asia,North_America,1882.5,26.6,13.8,0.5188,High,0.8578,34.9,29.8,41.4,0.6466,0.8637,1,train
Air,Middle_East,Oceania,10721.7,37.4,29.2,0.7807,High,0.8701,9.2,53.1,44.6,0.1091,0.3674,1,train
Road,North_America,North_America,1533.7,28.6,20.3,0.7098,Standard,0.7049,46.8,53.7,9.2,0.0558,0.8482,1,train
Ocean,South_Asia,Oceania,6505.1,269.0,22.7,0.0844,Standard,0.9358,48.5,77.2,27.7,0.6368,0.291,1,train
Road,Europe,Europe,1122.8,22.7,12.4,0.5463,High,0.8617,5.9,89.9,8.4,0.0989,0.1362,1,train
Ocean,East_Asia,Oceania,11893.8,440.0,143.1,0.3252,Standard,0.7329,46.5,59.1,9.0,0.3224,0.1444,1,train
Ocean,South_Asia,North_America,13433.2,475.7,37.8,0.0795,High,0.9434,100.0,35.3,40.2,0.4221,0.4219,1,train
Rail,East_Asia,East_Asia,3930.9,107.4,63.8,0.594,High,0.8129,51.6,60.1,9.3,0.0554,0.3872,1,train
Ocean,Southeast_Asia,North_America,14702.3,530.6,407.4,0.7678,Standard,0.9305,20.8,39.4,20.2,0.522,0.1499,1,train
Rail,North_America,North_America,5054.1,122.9,85.0,0.6916,Standard,0.7146,30.8,96.7,26.9,0.0778,0.6973,1,train
Rail,East_Asia,Europe,5130.2,128.3,119.9,0.9345,Standard,0.99,58.7,21.3,48.5,0.6616,0.2215,1,train
Ocean,South_Asia,Europe,9632.8,364.7,253.4,0.6948,Standard,0.8169,9.9,46.2,6.2,0.3738,0.2302,1,train
Ocean,East_Asia,Latin_America,12927.7,485.7,283.6,0.5839,High,0.7551,76.9,70.6,16.6,0.3747,0.366,1,train
Air,North_America,Middle_East,6202.5,41.8,22.5,0.5383,Standard,0.8892,25.4,50.2,24.1,0.3457,0.2038,1,train
Air,East_Asia,Middle_East,8433.4,42.0,21.3,0.5071,Standard,0.9896,32.9,87.1,20.2,0.7529,0.54,1,train
Air,Europe,East_Asia,9049.2,35.1,2.2,0.0627,Standard,0.8949,23.6,81.9,22.3,0.4829,0.7623,1,train
Ocean,South_Asia,Latin_America,11314.4,393.9,327.0,0.8302,High,0.7372,45.0,68.7,12.1,0.8953,0.8021,1,train
Ocean,South_Asia,Oceania,9980.1,385.1,244.1,0.6339,Standard,0.9166,47.3,23.7,11.5,0.6499,0.6176,1,train
Air,Middle_East,East_Asia,6817.6,43.5,24.5,0.5632,Urgent,0.9266,66.6,47.9,22.0,0.1342,0.8359,1,train
Air,Middle_East,Europe,5214.7,31.8,4.3,0.1352,Standard,0.8128,74.3,38.8,35.2,0.4456,0.6579,1,train
Ocean,South_Asia,Europe,15701.3,559.2,259.5,0.4641,Standard,0.854,25.6,19.5,4.5,0.0794,0.2186,1,train
Ocean,Southeast_Asia,North_America,10576.2,416.0,246.2,0.5918,High,0.8723,25.2,17.5,20.0,0.728,0.6681,1,train
Ocean,Europe,North_America,8771.4,347.0,146.1,0.421,Standard,0.99,51.7,52.5,12.7,0.6102,0.0769,1,train
Road,Europe,Europe,1361.3,26.2,25.2,0.9618,Urgent,0.99,25.3,33.5,44.9,0.0984,0.9442,1,train
Air,Southeast_Asia,Latin_America,10097.4,45.2,11.9,0.2633,Standard,0.6436,77.8,20.6,82.3,0.185,0.1745,1,train
Rail,North_America,East_Asia,3154.5,98.8,73.7,0.746,Standard,0.6151,52.5,20.1,19.7,0.3279,0.1995,1,train
Air,Latin_America,Europe,9526.0,45.6,23.5,0.5154,Standard,0.7132,9.6,29.0,10.9,0.6128,0.3627,1,train
Road,Latin_America,Latin_America,247.1,16.5,12.8,0.7758,Urgent,0.7951,17.3,17.7,18.0,0.1291,0.8759,0,train
Air,Middle_East,Latin_America,9166.5,35.8,26.2,0.7318,Standard,0.7851,31.3,32.1,15.3,0.5709,0.0524,1,train
Road,East_Asia,Latin_America,1600.7,32.3,24.6,0.7616,High,0.99,17.0,83.9,44.5,0.2497,0.5508,1,train
Air,Southeast_Asia,Latin_America,9616.4,37.3,18.5,0.496,Standard,0.8167,25.5,35.2,58.5,0.4672,0.5347,1,train
Ocean,Southeast_Asia,Latin_America,8138.0,303.7,99.0,0.326,Standard,0.8008,83.6,34.7,45.3,0.8778,0.9115,1,train
Rail,South_Asia,South_Asia,3905.6,110.7,107.1,0.9675,High,0.8207,52.2,26.6,33.3,0.103,0.2877,1,train
Air,Southeast_Asia,Middle_East,8682.9,26.2,17.1,0.6527,Standard,0.7138,29.2,37.1,43.3,0.5821,0.2422,1,train
Ocean,Southeast_Asia,Middle_East,9415.7,388.1,74.5,0.192,High,0.8925,41.8,100.0,32.6,0.6158,0.7018,1,train
Rail,South_Asia,Europe,2892.8,71.8,62.3,0.8677,Standard,0.8256,34.4,52.8,50.6,0.3948,0.0724,1,train
Road,Europe,Europe,1921.5,32.5,21.2,0.6523,Standard,0.9323,17.0,49.9,53.6,0.02,0.1899,1,train
Ocean,East_Asia,Latin_America,15941.2,537.6,453.3,0.8432,Standard,0.8927,61.0,25.4,22.2,0.4727,0.138,1,train
Air,South_Asia,Latin_America,1200.0,20.1,14.5,0.7214,Standard,0.99,22.9,36.4,21.3,0.3363,0.3707,0,train
Air,East_Asia,Europe,4434.7,34.8,2.7,0.0776,Urgent,0.7032,33.3,56.4,34.2,0.5848,0.8788,1,train
Road,East_Asia,Europe,2123.7,39.4,12.6,0.3198,Standard,0.99,9.8,13.4,25.9,0.3642,0.6522,1,train
Ocean,Southeast_Asia,Oceania,15424.6,530.7,102.4,0.193,Standard,0.9786,20.9,22.9,30.7,0.817,0.886,1,train
Road,Europe,Europe,1367.0,34.4,16.1,0.468,Standard,0.7108,33.3,36.3,19.6,0.1536,0.6212,1,train
Road,East_Asia,East_Asia,1470.6,34.7,9.5,0.2738,High,0.8754,53.4,50.4,8.9,0.098,0.2684,1,train
Ocean,South_Asia,Middle_East,10075.7,397.9,283.7,0.713,Urgent,0.657,28.9,48.1,49.3,0.8564,0.9729,1,train
Rail,Europe,Europe,2101.5,85.7,80.6,0.9405,High,0.7233,15.8,18.4,32.5,0.1894,0.8175,1,train
Road,Europe,Europe,1014.4,28.9,18.3,0.6332,Standard,0.829,65.0,10.0,39.9,0.1539,0.8801,1,train
Ocean,South_Asia,Middle_East,16440.9,574.1,52.6,0.0916,Standard,0.9856,67.4,3.2,54.7,0.5605,0.4735,1,train
Ocean,Southeast_Asia,Middle_East,10541.9,372.6,321.6,0.8631,Urgent,0.7816,24.1,10.4,22.2,0.2125,0.4208,1,train
Rail,South_Asia,South_Asia,3029.5,98.3,56.2,0.5717,High,0.8349,40.0,19.8,54.1,0.126,0.8477,1,train
Ocean,Europe,North_America,7812.8,299.1,271.2,0.9067,Standard,0.7552,26.5,49.0,63.4,0.2664,0.7921,1,train
Road,East_Asia,Europe,948.8,25.6,18.9,0.7383,Urgent,0.7341,28.9,49.5,12.3,0.4301,0.4211,1,train
Air,Middle_East,North_America,8251.9,33.0,30.0,0.9091,Standard,0.6815,26.0,62.1,10.1,0.3523,0.0934,1,train
Road,Latin_America,Latin_America,1174.1,25.8,25.1,0.9729,Urgent,0.9758,7.1,13.0,44.2,0.1558,0.5808,0,train
Rail,East_Asia,East_Asia,2356.5,78.7,72.8,0.925,Standard,0.7182,54.3,80.5,15.8,0.2163,0.0893,1,train
Ocean,Southeast_Asia,Middle_East,7740.6,299.2,114.6,0.383,High,0.7682,10.3,54.5,27.7,0.3995,0.8215,1,train
Road,North_America,Latin_America,1082.1,19.6,6.4,0.3265,Standard,0.7159,48.6,9.9,46.1,0.3162,0.9739,1,train
Ocean,Europe,Oceania,6494.9,254.5,209.3,0.8224,Standard,0.8223,59.3,27.3,26.2,0.568,0.3799,1,train
Ocean,Southeast_Asia,Latin_America,10908.0,405.8,340.9,0.8401,Standard,0.7979,33.9,57.4,20.2,0.5747,0.7511,1,train
Rail,Europe,North_America,3498.2,82.8,56.0,0.6763,Standard,0.8639,6.1,29.2,36.1,0.2522,0.0867,1,train
Ocean,South_Asia,Oceania,12248.2,444.9,382.6,0.86,Standard,0.9034,30.6,11.1,35.2,0.4953,0.8561,1,train
Ocean,East_Asia,Middle_East,14276.0,496.7,116.5,0.2345,High,0.7102,17.2,33.1,12.9,0.4611,0.3948,1,train
Ocean,East_Asia,Middle_East,10276.2,404.7,213.8,0.5283,Standard,0.7223,76.3,19.3,30.1,0.4751,0.8305,1,train
Air,East_Asia,Oceania,7424.1,43.4,4.7,0.1083,Standard,0.99,47.0,25.4,14.6,0.6382,0.1514,1,train
Rail,Europe,Europe,5264.4,153.1,147.8,0.9654,High,0.7316,5.4,29.9,8.0,0.1428,0.482,1,train
Ocean,South_Asia,Middle_East,8671.2,325.0,309.7,0.9529,High,0.99,60.8,36.5,50.9,0.3848,0.5264,1,train
Road,Latin_America,Latin_America,833.6,18.0,15.5,0.8611,High,0.8527,21.1,18.5,24.4,0.0792,0.9351,1,train
Road,Europe,Europe,1523.6,31.3,24.9,0.7955,High,0.9317,100.0,35.7,24.4,0.2272,0.5764,1,train
Rail,Europe,Europe,3307.4,108.0,82.0,0.7593,High,0.8558,50.8,41.6,23.3,0.162,0.617,1,train
Road,North_America,Latin_America,1831.4,40.8,2.5,0.0613,Standard,0.99,30.2,38.8,12.9,0.1921,0.7673,1,train
Ocean,East_Asia,Oceania,16426.3,580.1,188.5,0.3249,High,0.6608,14.7,49.4,64.0,0.2958,0.9543,1,train
Ocean,Europe,Europe,8489.1,302.2,80.9,0.2677,Standard,0.9358,39.8,40.5,26.7,0.082,0.6,1,train
Rail,Europe,Europe,4349.5,128.7,93.5,0.7265,Standard,0.7585,13.3,28.1,28.0,0.1202,0.9326,1,train
Ocean,Europe,Latin_America,11274.9,437.2,396.9,0.9078,High,0.9404,28.2,21.8,48.8,0.4062,0.8761,1,train
Air,East_Asia,Middle_East,6406.3,28.9,3.2,0.1107,Standard,0.8296,100.0,34.2,26.7,0.7165,0.5517,1,train
Road,North_America,Latin_America,2154.0,39.2,10.3,0.2628,Standard,0.9745,46.4,47.7,25.6,0.3622,0.3423,1,train
Air,North_America,Latin_America,5545.1,42.0,16.5,0.3929,Standard,0.6907,33.2,28.6,55.3,0.4402,0.6041,1,train
Rail,Europe,East_Asia,6841.3,176.9,106.6,0.6026,High,0.9386,49.4,43.0,57.5,0.3598,0.3709,1,train
Ocean,South_Asia,Oceania,14882.7,521.0,331.5,0.6363,Standard,0.99,23.6,35.2,22.5,0.6252,0.8715,1,train
Ocean,Southeast_Asia,Latin_America,11602.4,434.6,169.0,0.3889,High,0.9505,52.7,54.6,45.6,0.7697,0.5259,1,train
Road,North_America,Latin_America,2326.5,43.8,39.1,0.8927,High,0.754,13.5,26.4,11.0,0.4352,0.879,1,train
Ocean,Europe,Europe,12373.1,448.1,410.9,0.917,Standard,0.7953,82.4,20.4,11.9,0.1398,0.6752,1,train
Ocean,Southeast_Asia,Middle_East,3500.0,159.4,139.1,0.8726,High,0.7841,21.4,51.2,41.3,0.2732,0.9599,1,train
Air,South_Asia,Europe,6457.3,36.1,11.4,0.3158,Standard,0.8188,26.5,57.5,12.7,0.331,0.8824,1,train
Ocean,Southeast_Asia,Europe,10707.9,389.6,176.0,0.4517,Standard,0.7845,33.0,10.6,55.6,0.1339,0.1095,1,train
Road,East_Asia,North_America,150.0,8.5,2.2,0.2588,Standard,0.8058,25.0,16.5,85.5,0.3586,0.105,1,train
Air,Latin_America,North_America,2307.7,27.6,14.7,0.5326,Standard,0.99,15.4,76.9,77.6,0.6644,0.6586,1,train
Road,Latin_America,Latin_America,1746.9,39.4,15.4,0.3909,High,0.9118,38.6,13.8,31.6,0.02,0.212,0,train
Ocean,Europe,Middle_East,10957.3,436.4,374.9,0.8591,Standard,0.9042,45.0,28.0,3.3,0.3166,0.4804,1,train
Ocean,Europe,Oceania,8872.2,339.1,141.4,0.417,Standard,0.9578,37.5,24.6,41.3,0.6329,0.4035,1,train
Road,East_Asia,East_Asia,961.2,25.9,11.1,0.4286,Standard,0.9077,73.4,37.7,69.3,0.0843,0.1734,1,train
Air,Southeast_Asia,East_Asia,7613.9,33.6,14.9,0.4435,Standard,0.9343,14.6,14.9,42.5,0.6963,0.7317,1,train
Rail,South_Asia,South_Asia,2222.1,83.9,30.8,0.3671,High,0.9351,5.3,41.9,48.4,0.1213,0.6268,1,train
Air,Europe,Oceania,8635.4,42.7,31.1,0.7283,Urgent,0.9257,34.4,31.8,4.1,0.5457,0.1622,1,train
Air,Middle_East,Europe,5926.1,40.6,3.4,0.0837,Standard,0.7771,37.9,17.8,94.8,0.332,0.9556,1,train
Road,North_America,Europe,1967.0,32.2,30.7,0.9534,Standard,0.7508,12.9,38.2,18.0,0.1431,0.7685,1,train
Ocean,Europe,Middle_East,9900.7,349.3,113.8,0.3258,Standard,0.99,19.4,25.3,58.2,0.6462,0.9729,1,train
Ocean,Southeast_Asia,Oceania,11509.4,442.8,177.7,0.4013,High,0.8482,39.5,65.4,21.4,0.0701,0.3817,1,train
Air,Latin_America,Middle_East,3095.2,29.6,23.4,0.7905,Standard,0.7321,14.1,9.3,57.8,0.7751,0.8033,1,train
Air,North_America,Europe,9802.7,39.6,2.9,0.0732,Standard,0.7249,49.8,42.1,49.6,0.1489,0.2129,1,train
Ocean,East_Asia,Oceania,12496.5,434.9,211.2,0.4856,Standard,0.7586,19.1,71.6,25.2,0.2599,0.3062,1,train
Ocean,South_Asia,Europe,11991.3,460.9,175.7,0.3812,High,0.99,14.8,3.8,21.1,0.7179,0.5843,1,train
Air,South_Asia,Latin_America,8307.0,35.1,20.4,0.5812,Standard,0.8059,25.6,29.8,49.1,0.8444,0.0891,1,train
Ocean,Southeast_Asia,Europe,9634.6,351.9,68.2,0.1938,Standard,0.889,32.8,31.7,27.9,0.6022,0.3224,1,train
Ocean,South_Asia,Oceania,7733.6,304.6,134.2,0.4406,High,0.7677,37.1,26.4,43.3,0.5031,0.0999,1,train
Ocean,East_Asia,Middle_East,11609.7,409.0,324.7,0.7939,Standard,0.8291,28.0,14.7,27.4,0.3292,0.5964,1,train
Road,Latin_America,North_America,1330.0,29.0,5.1,0.1759,High,0.8446,57.8,34.5,72.1,0.05,0.4563,1,train
Rail,North_America,North_America,2399.3,60.5,50.6,0.8364,High,0.8204,37.8,23.8,36.0,0.2177,0.8061,1,train
Ocean,Southeast_Asia,Middle_East,13912.4,521.8,95.3,0.1826,Standard,0.756,71.5,26.9,18.3,0.5433,0.6075,1,train
Ocean,South_Asia,Latin_America,9876.8,386.7,168.0,0.4344,Urgent,0.99,27.7,33.0,48.9,0.6841,0.5402,1,train
Ocean,Europe,Europe,6772.2,252.1,12.7,0.0504,Standard,0.8479,24.1,46.5,17.6,0.0894,0.1714,1,train
Air,Europe,Middle_East,8312.1,30.7,16.6,0.5407,Urgent,0.7967,57.1,14.7,9.4,0.3723,0.3211,1,train
Rail,Europe,Europe,4259.8,99.7,5.5,0.0552,Standard,0.6198,8.0,45.9,13.0,0.0815,0.5381,1,train
Road,East_Asia,Latin_America,781.6,22.0,6.4,0.2909,Standard,0.848,31.0,44.0,49.1,0.3764,0.525,1,train
Ocean,Europe,Latin_America,7651.5,301.5,291.7,0.9675,Standard,0.7809,35.4,26.5,32.0,0.4293,0.2935,1,train
Air,Latin_America,Europe,10817.8,38.3,36.5,0.953,Standard,0.8863,27.9,32.1,40.6,0.4924,0.7317,1,train
Road,Europe,Europe,951.4,18.0,10.3,0.5722,Standard,0.7823,15.8,34.5,40.6,0.1317,0.6536,1,train
Rail,Europe,Europe,3912.5,100.3,50.7,0.5055,Standard,0.8642,10.5,12.9,28.0,0.1255,0.1959,0,train
Air,South_Asia,East_Asia,5993.8,25.3,3.0,0.1186,Urgent,0.7363,39.4,19.6,13.3,0.6898,0.0811,1,train
Ocean,East_Asia,North_America,14236.9,528.5,517.1,0.9784,Standard,0.8925,8.9,39.6,20.4,0.3999,0.7929,1,train
Ocean,East_Asia,Oceania,15415.9,572.5,436.9,0.7631,Standard,0.9507,47.9,27.9,11.9,0.5026,0.7952,1,train
Ocean,Europe,North_America,12817.4,445.5,427.7,0.96,High,0.8094,48.1,28.1,23.4,0.4202,0.2887,1,train
Air,South_Asia,Oceania,8087.3,24.6,15.3,0.622,Standard,0.8143,8.0,11.4,38.1,0.3039,0.6433,1,train
Air,East_Asia,Oceania,8000.4,39.0,23.1,0.5923,Standard,0.9007,74.7,17.9,19.9,0.2892,0.6201,1,train
Ocean,South_Asia,Middle_East,9363.7,331.9,242.0,0.7291,High,0.99,12.3,32.4,11.0,0.3577,0.0798,0,train
Rail,South_Asia,South_Asia,2562.4,77.2,45.9,0.5946,Standard,0.7646,37.4,12.7,38.0,0.188,0.8316,1,train
Ocean,South_Asia,Europe,15003.0,542.7,423.9,0.7811,High,0.9286,31.9,29.9,47.1,0.4938,0.5145,1,train
Ocean,Europe,Latin_America,9858.4,396.5,142.4,0.3591,Standard,0.7879,47.0,15.5,19.0,0.4232,0.0833,1,train
Ocean,East_Asia,Europe,11512.8,403.1,294.7,0.7311,High,0.8001,12.5,38.3,15.1,0.4291,0.966,1,train
Road,East_Asia,Europe,2041.3,37.0,34.6,0.9351,High,0.99,23.8,30.7,21.7,0.5222,0.6272,1,train
Rail,South_Asia,South_Asia,4920.2,140.3,103.0,0.7341,Standard,0.9182,20.5,45.3,24.1,0.1076,0.735,1,train
Ocean,Southeast_Asia,Europe,18274.6,651.8,535.4,0.8214,Standard,0.751,65.7,9.8,56.0,0.6305,0.5978,1,train
Rail,South_Asia,East_Asia,1640.9,76.0,23.6,0.3105,High,0.9308,23.4,36.5,62.2,0.492,0.7996,1,train
Rail,South_Asia,South_Asia,5510.3,152.8,97.3,0.6368,High,0.4595,8.6,38.6,71.5,0.1183,0.2642,1,train
Road,East_Asia,North_America,1302.7,30.7,25.5,0.8306,Urgent,0.7265,17.1,44.0,88.0,0.6667,0.9473,1,train
Road,Latin_America,Latin_America,1081.7,20.7,7.1,0.343,Urgent,0.8073,41.3,33.9,21.5,0.0931,0.3626,1,train
Road,East_Asia,East_Asia,1463.2,28.7,10.7,0.3728,Standard,0.8161,9.7,44.7,20.7,0.0923,0.7031,1,train
Rail,South_Asia,South_Asia,2817.8,78.3,33.4,0.4266,Urgent,0.7401,34.5,45.6,12.6,0.0648,0.9003,1,train
Rail,North_America,North_America,3666.3,112.5,93.8,0.8338,High,0.8877,64.4,100.0,50.1,0.1181,0.831,1,train
Rail,East_Asia,East_Asia,2347.8,91.3,56.4,0.6177,High,0.9477,31.3,31.3,23.4,0.162,0.6144,1,train
Ocean,Southeast_Asia,Oceania,5871.9,272.2,79.0,0.2902,Standard,0.8056,28.2,26.5,3.0,0.5526,0.2263,1,train
Air,South_Asia,Oceania,3890.4,18.2,12.2,0.6703,Standard,0.93,20.8,54.6,30.8,0.05,0.623,1,train
Air,North_America,East_Asia,5217.1,32.1,26.0,0.81,High,0.9253,44.4,24.8,58.4,0.1834,0.7958,1,train
Road,Europe,Europe,788.4,23.9,11.5,0.4812,Standard,0.7495,82.5,32.2,20.1,0.1972,0.9719,1,train
Ocean,South_Asia,North_America,12568.7,465.8,410.7,0.8817,High,0.9038,48.6,18.5,21.2,0.317,0.3901,1,train
Ocean,Europe,Europe,12298.4,462.7,50.3,0.1087,Standard,0.9712,20.8,45.3,46.6,0.2011,0.268,1,train
Ocean,Southeast_Asia,Middle_East,10531.7,409.6,390.7,0.9539,Standard,0.8119,38.0,33.1,18.5,0.6462,0.8715,1,train
Road,Latin_America,Latin_America,1300.7,32.0,14.9,0.4656,Standard,0.7465,52.8,31.6,12.0,0.1165,0.2992,1,train
Road,East_Asia,East_Asia,1672.3,34.8,7.6,0.2184,Standard,0.8114,53.5,36.9,17.5,0.1459,0.487,1,train
Rail,South_Asia,South_Asia,2919.9,106.1,8.4,0.0792,Standard,0.7664,33.0,22.0,3.0,0.1516,0.816,1,train
Air,South_Asia,Middle_East,4659.5,27.7,2.0,0.0722,Standard,0.99,13.9,9.4,27.6,0.4937,0.9778,1,train
Road,North_America,Europe,1318.7,30.9,24.6,0.7961,Standard,0.8315,82.0,16.3,17.0,0.4039,0.7428,1,train
Ocean,South_Asia,North_America,7662.9,282.1,27.9,0.0989,High,0.9886,36.6,16.7,8.6,0.05,0.8948,1,train
Ocean,Southeast_Asia,Latin_America,5310.1,235.0,215.3,0.9162,Standard,0.9061,19.9,52.1,45.6,0.3666,0.1486,1,train
Road,Latin_America,North_America,1374.3,31.3,23.7,0.7572,Standard,0.99,20.2,46.7,19.2,0.1162,0.966,1,train
Ocean,Southeast_Asia,North_America,15908.9,540.8,385.5,0.7128,Standard,0.8213,41.8,16.9,36.2,0.3063,0.0818,1,train
Rail,Europe,Europe,4783.7,113.1,29.1,0.2573,High,0.6976,53.8,38.3,38.3,0.16,0.5719,1,train
Ocean,South_Asia,Europe,14466.7,512.2,406.5,0.7936,Standard,0.8285,31.1,19.1,17.3,0.2336,0.7384,1,train
Ocean,Southeast_Asia,Latin_America,10950.1,389.7,55.8,0.1432,Standard,0.6296,22.6,42.5,32.4,0.4676,0.7183,1,train
Ocean,Southeast_Asia,Oceania,14561.6,547.6,256.7,0.4688,High,0.7444,33.8,43.5,3.5,0.2515,0.1149,1,train
Road,Europe,Europe,1228.1,24.4,13.7,0.5615,Standard,0.8992,30.5,34.1,17.5,0.1347,0.2671,0,train
Air,North_America,East_Asia,8007.3,37.9,21.6,0.5699,High,0.6337,30.4,41.5,4.9,0.2541,0.8752,1,train
Air,Southeast_Asia,Latin_America,4418.2,20.1,14.9,0.7413,Standard,0.99,22.0,21.1,13.8,0.3375,0.285,1,train
Ocean,Southeast_Asia,Latin_America,12019.9,442.1,134.3,0.3038,Urgent,0.916,42.0,40.9,7.9,0.2533,0.0741,1,train
Air,South_Asia,Europe,8205.0,44.7,42.1,0.9418,Standard,0.837,20.2,12.0,9.4,0.5631,0.5012,1,train
Road,Latin_America,Latin_America,1550.9,28.3,9.8,0.3463,Standard,0.956,14.7,40.8,33.7,0.0438,0.3748,1,train
Road,Latin_America,Latin_America,1022.1,20.9,12.0,0.5742,High,0.9666,58.1,49.4,24.3,0.1048,0.4843,1,train
Rail,North_America,North_America,4054.0,94.3,50.4,0.5345,High,0.7446,37.5,43.2,25.0,0.1397,0.7686,1,train
Ocean,South_Asia,Latin_America,7101.5,263.2,200.9,0.7633,High,0.8797,57.9,50.3,21.5,0.084,0.2573,1,train
Ocean,Southeast_Asia,Middle_East,16117.0,575.1,187.7,0.3264,Standard,0.99,12.9,39.7,9.9,0.2523,0.9295,1,train
Rail,North_America,North_America,1907.9,66.9,18.9,0.2825,Standard,0.882,32.4,52.5,18.8,0.1231,0.4536,1,train
Ocean,East_Asia,Europe,8805.8,325.0,33.5,0.1031,Standard,0.7938,48.3,72.3,19.1,0.2748,0.7828,1,train
Rail,North_America,North_America,1499.0,66.9,36.5,0.5456,Standard,0.5148,40.1,50.4,20.7,0.1519,0.3085,1,train
Air,Latin_America,East_Asia,9776.5,37.1,31.3,0.8437,Standard,0.9059,18.6,49.9,10.1,0.4258,0.626,1,train
Rail,Europe,North_America,3408.6,92.2,86.9,0.9425,Urgent,0.7867,25.1,67.2,11.4,0.3967,0.2697,1,train
Road,East_Asia,East_Asia,1709.4,33.8,14.7,0.4349,Standard,0.99,36.0,18.5,100.0,0.1583,0.4714,1,train
Rail,North_America,North_America,2304.4,68.1,41.0,0.6021,Standard,0.6827,24.4,48.3,17.5,0.2138,0.6814,1,train
Road,East_Asia,Europe,1190.6,22.4,14.2,0.6339,Urgent,0.9482,16.8,5.0,38.0,0.466,0.6792,0,train
Air,East_Asia,Oceania,4390.9,23.9,17.8,0.7448,High,0.8586,31.9,44.2,47.7,0.5281,0.4743,1,train
Ocean,Southeast_Asia,North_America,10960.3,388.4,233.9,0.6022,Standard,0.8258,41.7,63.3,44.9,0.6121,0.8656,1,train
Air,East_Asia,Oceania,7727.3,28.4,11.7,0.412,Standard,0.8788,72.5,38.5,9.8,0.4685,0.414,1,train
Ocean,South_Asia,Middle_East,7956.6,331.7,190.4,0.574,Urgent,0.8844,28.2,46.4,30.4,0.528,0.3266,1,train
Ocean,Southeast_Asia,Latin_America,7045.8,290.9,267.4,0.9192,Standard,0.9331,9.5,18.4,5.2,0.5035,0.582,1,train
Air,South_Asia,North_America,6914.7,33.0,9.7,0.2939,Standard,0.7655,70.4,43.7,22.8,0.3695,0.9237,1,train
Ocean,South_Asia,Europe,8452.0,340.1,51.1,0.1502,Standard,0.99,53.8,15.1,25.0,0.3819,0.7998,1,train
Air,North_America,Middle_East,8123.3,43.5,40.9,0.9402,Standard,0.8214,9.0,41.8,31.4,0.1099,0.3633,1,train
Air,Latin_America,Middle_East,6021.3,23.4,14.3,0.6111,High,0.602,23.6,69.9,35.0,0.2364,0.2248,1,train
Ocean,Europe,Oceania,15084.2,514.2,284.8,0.5539,Standard,0.99,19.0,42.4,58.1,0.5326,0.4114,1,train
Ocean,Southeast_Asia,Oceania,9262.9,357.5,252.1,0.7052,Standard,0.99,46.4,36.7,50.6,0.3419,0.2351,1,train
Rail,North_America,Europe,4855.6,136.2,44.0,0.3231,Standard,0.8524,43.7,77.6,56.6,0.1415,0.4645,1,train
Ocean,Europe,North_America,10886.8,391.2,238.3,0.6092,Standard,0.6938,47.8,56.1,43.7,0.6432,0.8225,1,train
Ocean,Europe,Latin_America,10012.0,403.7,173.5,0.4298,High,0.7014,5.1,46.6,24.8,0.5629,0.7352,1,train
Ocean,East_Asia,Oceania,14139.0,536.8,179.9,0.3351,High,0.99,49.6,8.4,8.7,0.4792,0.404,1,train
Ocean,Europe,North_America,11031.3,405.2,223.6,0.5518,High,0.7833,55.2,13.5,14.7,0.8533,0.4819,1,train
Road,North_America,North_America,1124.1,20.9,14.8,0.7081,Standard,0.684,25.4,48.1,17.9,0.1008,0.5933,1,train
Ocean,South_Asia,Latin_America,10771.2,393.3,371.2,0.9438,Standard,0.7782,39.0,4.7,9.3,0.508,0.7478,1,train
Road,Europe,Europe,1457.3,33.1,20.9,0.6314,Urgent,0.9125,28.1,59.2,15.2,0.2227,0.8907,1,train
Road,Latin_America,Latin_America,741.2,23.1,7.3,0.316,Standard,0.7867,69.3,21.1,14.6,0.0801,0.784,1,train
Ocean,Europe,Latin_America,10072.3,408.7,36.8,0.09,Standard,0.7453,25.9,89.9,67.0,0.7111,0.8492,1,train
Air,East_Asia,Europe,9271.7,43.1,37.2,0.8631,High,0.7071,43.9,10.5,32.6,0.4482,0.9012,1,train
Road,Europe,Europe,1299.1,30.5,29.1,0.9541,Urgent,0.5679,28.6,12.4,10.9,0.1169,0.25,0,train
Ocean,Southeast_Asia,Middle_East,13578.3,490.2,195.3,0.3984,Urgent,0.7333,27.3,47.4,38.7,0.2344,0.6786,1,train
Ocean,Southeast_Asia,Europe,11850.9,454.7,69.4,0.1526,High,0.99,11.8,83.5,30.2,0.05,0.807,1,train
Ocean,Southeast_Asia,Middle_East,12844.8,465.7,297.4,0.6386,Standard,0.7553,62.2,21.0,13.0,0.5791,0.2187,1,train
Road,Latin_America,North_America,1532.0,33.9,5.1,0.1504,High,0.8455,27.5,28.5,10.0,0.2959,0.1512,0,train
Road,Europe,Europe,1176.4,31.9,29.7,0.931,Standard,0.853,4.4,24.3,2.3,0.0546,0.4171,0,train
Road,North_America,Europe,1016.7,28.2,19.7,0.6986,Standard,0.8281,25.2,61.3,20.8,0.5599,0.8505,1,train
Ocean,South_Asia,Middle_East,10013.4,352.5,266.8,0.7569,High,0.8345,22.1,65.1,24.8,0.8723,0.9714,1,train
Ocean,Southeast_Asia,Oceania,12986.3,475.1,186.7,0.393,Standard,0.9039,39.0,45.0,6.7,0.175,0.4235,1,train
Ocean,Europe,Europe,9465.4,352.4,229.8,0.6521,Standard,0.96,30.0,14.9,30.9,0.066,0.073,0,train
Road,East_Asia,East_Asia,1489.4,33.7,27.0,0.8012,High,0.99,24.8,26.7,21.5,0.1088,0.6651,1,train
Air,Southeast_Asia,East_Asia,9005.9,24.7,4.6,0.1862,Standard,0.8781,55.4,24.6,25.1,0.4659,0.972,1,train
Air,Southeast_Asia,Middle_East,4796.8,37.9,13.2,0.3483,Standard,0.8306,34.8,48.8,14.4,0.1811,0.8486,1,train
Road,East_Asia,East_Asia,825.5,21.2,17.1,0.8066,Urgent,0.99,36.2,40.7,30.3,0.0617,0.4073,1,train
Rail,North_America,East_Asia,4766.7,121.3,114.8,0.9464,Standard,0.9444,40.3,49.8,24.1,0.493,0.1697,1,train
Air,Latin_America,Europe,5939.0,28.0,16.8,0.6,Standard,0.9009,44.2,33.7,60.7,0.298,0.5835,1,train
Ocean,East_Asia,Oceania,11429.1,403.4,235.3,0.5833,Standard,0.9696,49.4,3.0,64.0,0.8448,0.8339,1,train
Air,East_Asia,Latin_America,6915.1,34.5,3.6,0.1043,Standard,0.8306,26.7,58.2,62.5,0.4865,0.2609,1,train
Ocean,Southeast_Asia,Europe,13163.8,487.1,296.2,0.6081,Standard,0.9149,51.2,77.1,42.4,0.2545,0.5592,1,train
Road,Europe,Europe,1912.7,43.0,32.6,0.7581,High,0.8865,37.6,24.2,72.0,0.2043,0.1844,1,train
Ocean,South_Asia,Middle_East,8475.3,321.8,116.2,0.3611,High,0.811,15.7,11.3,16.9,0.4492,0.8207,1,train
Road,Europe,Europe,1161.0,20.7,16.4,0.7923,High,0.9135,28.9,25.3,22.2,0.1605,0.5227,1,train
Rail,Europe,Europe,2012.9,73.0,35.1,0.4808,Urgent,0.7187,45.3,41.1,11.6,0.087,0.7341,1,train
Air,Latin_America,Oceania,6919.2,27.9,26.4,0.9462,High,0.7453,23.9,25.2,16.5,0.05,0.1653,1,train
Ocean,South_Asia,Middle_East,11631.0,439.1,337.6,0.7688,Urgent,0.8926,79.7,28.9,20.4,0.3386,0.1164,1,train
Ocean,South_Asia,North_America,14685.2,529.0,397.2,0.7509,High,0.7786,78.2,67.1,16.4,0.2899,0.979,1,train
Ocean,East_Asia,Latin_America,13292.8,493.2,278.5,0.5647,Standard,0.9464,13.5,44.2,3.5,0.5331,0.1329,1,train
Road,Latin_America,Latin_America,595.7,18.9,14.1,0.746,Standard,0.9182,48.5,37.1,29.4,0.142,0.1379,1,train
Road,North_America,North_America,1560.9,30.4,12.5,0.4112,Standard,0.9296,41.6,79.3,19.5,0.0603,0.6133,1,train
Ocean,East_Asia,Middle_East,15587.5,527.9,508.9,0.964,Urgent,0.7998,46.8,23.6,24.8,0.6668,0.938,1,train
Ocean,Europe,Middle_East,7050.2,258.7,174.3,0.6738,Standard,0.99,16.8,33.1,4.4,0.2607,0.7474,0,train
Air,South_Asia,Oceania,6208.4,30.1,5.0,0.1661,High,0.8756,29.0,19.7,17.7,0.4522,0.9503,1,train
Road,Europe,Latin_America,1465.0,26.2,23.0,0.8779,Standard,0.8659,31.8,37.7,24.5,0.67,0.3708,1,train
Ocean,Europe,Europe,7313.6,271.6,263.8,0.9713,Standard,0.9705,11.9,32.6,46.5,0.0997,0.8601,1,train
Road,Latin_America,Latin_America,1922.6,42.1,16.8,0.399,High,0.7585,69.3,25.5,21.0,0.1855,0.8467,1,train
Air,East_Asia,Middle_East,8529.2,34.4,3.5,0.1017,Standard,0.6211,73.1,26.4,17.6,0.3888,0.7386,1,train
Rail,East_Asia,North_America,500.0,32.0,30.9,0.9656,Standard,0.8439,38.4,26.3,63.3,0.532,0.1817,1,train
Road,North_America,North_America,1250.1,23.4,15.5,0.6624,Standard,0.785,75.9,46.2,33.0,0.0822,0.7083,1,train
Ocean,South_Asia,Oceania,9015.0,349.3,126.6,0.3624,Standard,0.7907,23.8,37.8,60.4,0.6311,0.4518,1,train
Road,North_America,Latin_America,1298.4,34.1,33.1,0.9707,Standard,0.7097,63.2,37.6,4.5,0.2807,0.436,1,train
Rail,North_America,North_America,3330.9,80.7,7.0,0.0867,High,0.9131,51.0,7.5,20.8,0.0697,0.4099,1,train
Ocean,East_Asia,Europe,11179.3,427.6,293.9,0.6873,Standard,0.8309,19.4,26.7,21.3,0.3363,0.0793,1,train
Rail,North_America,North_America,4422.6,111.2,9.9,0.089,High,0.8347,25.3,25.3,22.2,0.0712,0.3005,1,train
Air,North_America,Europe,5500.0,30.0,21.1,0.7033,Standard,0.811,28.5,15.3,11.6,0.2954,0.4063,1,train
Air,North_America,Oceania,10511.1,30.7,19.9,0.6482,Standard,0.8631,29.8,17.7,36.7,0.3147,0.0506,1,train
Ocean,Europe,Middle_East,10842.8,391.6,95.0,0.2426,Standard,0.815,44.4,28.0,8.2,0.0875,0.774,1,train
Road,North_America,North_America,598.0,18.2,10.2,0.5604,Standard,0.9184,14.5,49.6,42.2,0.1162,0.7478,1,train
Ocean,East_Asia,Europe,11522.0,433.7,56.7,0.1307,Urgent,0.7032,19.3,27.4,44.2,0.5326,0.846,1,train
Road,Europe,Europe,857.9,26.4,23.9,0.9053,Urgent,0.99,84.0,51.5,15.3,0.1368,0.707,1,train
Ocean,East_Asia,North_America,13006.3,463.6,35.8,0.0772,Urgent,0.9072,17.5,89.6,11.5,0.2437,0.7997,1,train
Road,Europe,Europe,1799.8,35.5,10.8,0.3042,Standard,0.7976,19.9,20.3,58.7,0.0263,0.1739,1,train
Ocean,Southeast_Asia,Middle_East,6552.6,297.2,101.5,0.3415,Standard,0.8429,40.1,33.4,76.9,0.2902,0.4082,1,train
Ocean,Europe,Middle_East,9237.4,335.5,83.6,0.2492,Urgent,0.9369,35.1,15.8,50.4,0.4572,0.3632,1,train
Air,North_America,East_Asia,6041.1,38.5,27.4,0.7117,Standard,0.7603,74.9,36.8,19.4,0.3878,0.482,1,train
Road,Europe,Europe,1254.6,26.9,25.0,0.9294,High,0.99,38.8,6.6,42.0,0.1442,0.3447,1,train
Rail,East_Asia,East_Asia,2458.9,91.7,86.0,0.9378,High,0.9123,24.6,26.1,29.8,0.0817,0.736,1,train
Rail,South_Asia,East_Asia,4161.1,118.6,73.9,0.6231,Urgent,0.9803,62.5,72.2,19.0,0.5535,0.4692,1,train
Road,East_Asia,East_Asia,811.6,22.3,3.0,0.1345,High,0.7873,55.5,100.0,16.4,0.141,0.1329,1,train
Rail,South_Asia,East_Asia,3995.6,125.7,71.2,0.5664,Standard,0.8857,48.5,34.7,4.7,0.5951,0.9277,1,train
Road,East_Asia,East_Asia,1764.9,38.8,37.6,0.9691,Standard,0.841,13.7,43.6,7.0,0.0281,0.1999,0,train
Road,North_America,North_America,1435.7,34.5,32.4,0.9391,High,0.9437,20.2,15.3,7.8,0.0244,0.4221,0,train
Ocean,Europe,Europe,12598.8,449.7,316.0,0.7027,Urgent,0.7064,47.5,23.3,16.6,0.069,0.9542,1,train
Ocean,South_Asia,Oceania,7342.3,322.8,42.0,0.1301,Standard,0.7958,14.2,31.0,48.9,0.1208,0.577,1,train
Rail,South_Asia,South_Asia,3614.1,87.5,43.9,0.5017,Standard,0.9338,79.1,23.7,25.1,0.139,0.9462,1,train
Ocean,Europe,Oceania,16129.3,591.1,354.4,0.5996,Urgent,0.6313,55.2,17.7,41.1,0.1665,0.848,1,train
Ocean,East_Asia,Middle_East,10441.2,405.8,193.7,0.4773,High,0.7926,37.5,42.7,25.7,0.1582,0.3406,1,train
Air,East_Asia,North_America,6353.3,23.1,7.5,0.3247,High,0.6562,24.1,28.5,17.9,0.5833,0.3359,1,train
Ocean,Europe,Oceania,15496.1,564.8,53.4,0.0945,Urgent,0.9505,75.1,24.7,25.4,0.5064,0.1764,1,train
Ocean,Southeast_Asia,Middle_East,15588.4,523.7,175.6,0.3353,Standard,0.9278,40.8,43.4,36.2,0.3219,0.4178,1,train
Road,Latin_America,Latin_America,1191.6,29.7,13.6,0.4579,High,0.6768,28.9,18.1,15.3,0.1276,0.8266,1,train
Air,Middle_East,East_Asia,6494.6,22.6,9.6,0.4248,High,0.8681,10.2,12.6,14.4,0.076,0.2249,0,train
Road,East_Asia,East_Asia,1815.1,33.4,30.4,0.9102,Standard,0.9668,37.2,15.3,12.5,0.1267,0.271,0,train
Road,North_America,North_America,150.0,17.9,10.4,0.581,High,0.8675,10.3,45.7,41.5,0.0496,0.9169,1,train
Ocean,South_Asia,Latin_America,12234.4,425.5,195.6,0.4597,Urgent,0.8931,27.2,35.9,21.2,0.05,0.2983,1,train
Air,South_Asia,Latin_America,8752.6,46.8,43.3,0.9252,Standard,0.771,14.0,25.5,41.5,0.8143,0.1324,1,train
Road,Latin_America,Latin_America,1280.3,24.3,3.9,0.1605,Urgent,0.7392,42.4,29.0,9.4,0.1777,0.8208,1,train
Ocean,South_Asia,Europe,12823.1,468.3,405.0,0.8648,Standard,0.99,53.0,21.3,12.1,0.5866,0.1363,1,train
Air,Europe,Middle_East,8537.1,36.2,12.5,0.3453,Standard,0.99,39.6,82.6,19.5,0.5848,0.1947,1,train
Ocean,East_Asia,Oceania,6575.3,248.1,18.1,0.073,High,0.8342,7.6,39.9,43.1,0.6323,0.7376,1,train
Ocean,Southeast_Asia,Europe,14109.1,482.7,186.6,0.3866,High,0.9493,38.7,61.9,17.0,0.499,0.9508,1,train
Road,Europe,Europe,1423.6,25.4,4.2,0.1654,High,0.6463,50.8,56.8,18.9,0.1033,0.8204,1,train
Air,Europe,Middle_East,2900.3,17.0,11.8,0.6941,Standard,0.9338,15.3,19.0,28.6,0.1309,0.1322,0,train
Ocean,Europe,Middle_East,8157.5,310.7,81.7,0.263,Standard,0.7059,10.6,46.0,33.9,0.106,0.4281,1,train
Road,East_Asia,East_Asia,645.4,16.4,4.9,0.2988,Standard,0.8742,57.1,35.7,30.8,0.0443,0.4331,0,train
Road,Europe,Europe,1688.7,34.2,27.2,0.7953,High,0.8756,14.3,13.9,17.9,0.1817,0.8411,1,train
Road,Europe,Europe,1377.8,28.2,12.9,0.4574,High,0.879,30.8,48.5,45.2,0.1535,0.6415,1,train
Air,Southeast_Asia,Europe,7595.5,32.3,25.6,0.7926,Standard,0.833,34.0,61.5,34.8,0.3834,0.8637,1,train
Rail,Europe,East_Asia,4807.3,119.9,36.0,0.3003,Urgent,0.9479,24.9,41.6,39.3,0.4065,0.476,1,train
Air,East_Asia,Latin_America,4969.2,25.8,3.1,0.1202,High,0.7863,61.3,19.8,43.8,0.4118,0.4304,1,train
Road,East_Asia,East_Asia,2031.0,42.3,23.5,0.5556,Standard,0.7502,19.9,19.3,11.8,0.1964,0.2723,1,train
Rail,Europe,East_Asia,2753.0,97.5,34.2,0.3508,Standard,0.5869,42.1,62.5,68.3,0.119,0.4179,1,train
Ocean,Europe,Latin_America,8324.3,310.3,28.3,0.0912,Standard,0.9128,22.6,46.6,49.7,0.3271,0.3976,1,train
Road,Latin_America,Latin_America,2021.5,34.7,16.7,0.4813,Urgent,0.8112,13.7,37.8,42.3,0.1412,0.3902,1,train
Ocean,South_Asia,Europe,14823.4,521.1,204.9,0.3932,Standard,0.4537,31.9,22.7,13.1,0.1216,0.4954,1,train
Air,Europe,Middle_East,4676.6,32.2,5.6,0.1739,Standard,0.8927,14.1,52.6,20.3,0.363,0.7296,1,train
Road,North_America,North_America,1462.7,26.0,24.0,0.9231,Standard,0.9643,52.0,20.0,42.2,0.0736,0.3649,1,train
Road,East_Asia,North_America,1167.1,29.0,8.9,0.3069,Standard,0.9122,37.6,44.1,45.2,0.6263,0.6904,1,train
Air,North_America,Middle_East,9062.3,34.3,20.7,0.6035,Standard,0.7206,21.3,28.8,47.8,0.205,0.1366,1,train
Rail,North_America,North_America,3438.3,88.9,14.6,0.1642,High,0.93,71.5,32.2,13.5,0.0834,0.3918,1,train
Rail,Europe,Europe,4944.2,130.1,27.7,0.2129,Urgent,0.8817,11.2,34.7,2.7,0.072,0.1082,0,train
Ocean,Europe,Europe,10536.8,375.2,71.9,0.1916,High,0.8541,81.0,19.4,2.4,0.0816,0.8392,1,train
Road,North_America,North_America,2320.3,38.0,5.7,0.15,High,0.99,31.3,8.3,12.5,0.1142,0.9537,1,train
Road,Latin_America,Latin_America,1598.6,38.6,5.2,0.1347,Standard,0.7982,18.7,19.9,31.3,0.2224,0.8518,1,train
Rail,North_America,North_America,4228.7,120.1,41.5,0.3455,Urgent,0.8413,24.8,25.8,21.6,0.0866,0.6736,1,train
Rail,South_Asia,Europe,3574.6,106.2,72.8,0.6855,Standard,0.7588,67.7,87.1,5.6,0.4647,0.7015,1,train
Ocean,Southeast_Asia,Oceania,11051.2,388.6,78.1,0.201,High,0.8616,14.0,52.8,28.7,0.2598,0.6927,1,train
Rail,North_America,Europe,2758.8,91.1,30.5,0.3348,Urgent,0.986,29.1,52.9,56.8,0.2766,0.1841,1,train
Ocean,East_Asia,Europe,9432.9,338.1,57.6,0.1704,High,0.9815,34.1,63.9,37.8,0.5713,0.762,1,train
Rail,North_America,North_America,2128.1,73.2,33.2,0.4536,Standard,0.7094,38.6,33.3,9.5,0.1278,0.8529,1,train
Ocean,Europe,Europe,4963.1,250.5,64.3,0.2567,Standard,0.8506,46.3,28.2,46.2,0.0921,0.9416,1,train
Ocean,Europe,North_America,9006.2,318.5,267.6,0.8402,Urgent,0.8239,17.9,14.7,34.7,0.4222,0.9009,1,train
Road,North_America,North_America,844.0,25.5,12.5,0.4902,Urgent,0.7418,49.7,21.5,41.5,0.186,0.1796,1,train
Air,Southeast_Asia,East_Asia,8361.6,26.5,2.7,0.1019,Standard,0.9572,45.6,10.3,47.4,0.3436,0.5033,1,train
Ocean,South_Asia,Oceania,11154.7,434.6,203.7,0.4687,Standard,0.853,49.7,43.0,34.4,0.6746,0.5742,1,train
Air,Middle_East,East_Asia,10325.2,47.8,23.7,0.4958,Standard,0.99,30.7,86.7,24.6,0.0783,0.8278,1,train
Rail,South_Asia,South_Asia,1696.9,59.4,32.2,0.5421,Standard,0.6691,43.6,27.5,41.0,0.2116,0.9624,1,train
Rail,North_America,North_America,4991.5,122.0,53.2,0.4361,Standard,0.7048,61.2,24.2,22.7,0.0415,0.7198,1,train
Rail,South_Asia,South_Asia,2981.0,79.1,38.8,0.4905,Urgent,0.7739,48.9,28.4,23.2,0.02,0.7092,1,train
Air,Europe,Oceania,7631.1,45.9,20.4,0.4444,Urgent,0.925,39.7,47.4,34.9,0.4371,0.1492,1,train
Rail,East_Asia,East_Asia,3164.6,79.3,9.1,0.1148,Standard,0.8168,38.6,24.6,23.2,0.1771,0.7337,1,train
Ocean,East_Asia,North_America,9353.2,363.4,79.0,0.2174,High,0.99,29.2,57.4,31.5,0.0627,0.3039,1,train
Road,Latin_America,Latin_America,178.7,17.5,6.1,0.3486,Urgent,0.8776,49.6,32.8,22.9,0.1448,0.7297,1,train
Rail,North_America,North_America,4527.4,105.5,65.9,0.6246,High,0.8848,13.7,13.8,21.6,0.1102,0.1048,0,train
Road,North_America,North_America,465.6,11.3,1.4,0.1239,Standard,0.843,48.9,10.4,38.4,0.0669,0.4477,1,train
Road,East_Asia,Latin_America,2308.2,41.6,5.2,0.125,High,0.99,13.4,12.5,13.9,0.3542,0.3378,0,train
Air,Southeast_Asia,North_America,5798.2,30.3,13.9,0.4587,Standard,0.99,26.9,73.4,37.5,0.05,0.7546,1,train
Air,North_America,East_Asia,2831.3,29.7,18.8,0.633,Urgent,0.9719,53.4,67.6,21.1,0.5659,0.3821,1,train
Air,Middle_East,Oceania,4972.1,21.2,8.1,0.3821,High,0.611,28.8,4.6,28.4,0.6735,0.0849,1,train
Ocean,South_Asia,Europe,17726.8,635.4,108.9,0.1714,High,0.882,76.9,13.7,16.0,0.5932,0.9293,1,train
Rail,East_Asia,Europe,1911.1,54.1,6.8,0.1257,Urgent,0.9196,29.2,24.6,32.5,0.5085,0.2374,1,train
Ocean,Europe,Latin_America,12862.7,466.5,108.8,0.2332,Standard,0.7837,17.4,16.2,24.3,0.1034,0.7635,1,train
Ocean,East_Asia,Oceania,11230.3,409.2,270.3,0.6606,Standard,0.8483,23.6,59.3,9.6,0.3062,0.3174,1,train
Ocean,Southeast_Asia,Europe,8988.2,318.4,163.8,0.5144,Standard,0.9699,15.2,48.9,25.5,0.2469,0.8303,1,train
Air,East_Asia,Europe,13443.9,44.9,37.7,0.8396,Standard,0.8977,59.4,13.5,5.6,0.6201,0.5741,1,train
Ocean,Southeast_Asia,Latin_America,9325.0,373.1,42.4,0.1136,High,0.7909,34.1,35.8,20.5,0.5614,0.7917,1,train
Air,South_Asia,North_America,7690.9,40.2,21.6,0.5373,Standard,0.6271,14.2,23.8,50.2,0.4252,0.4726,1,train
Road,East_Asia,East_Asia,1576.7,32.9,3.2,0.0973,Urgent,0.8945,23.9,66.4,17.9,0.1378,0.1549,1,train
Air,East_Asia,Oceania,10169.9,46.8,18.8,0.4017,High,0.9034,12.7,23.3,21.4,0.1451,0.5259,1,train
Road,North_America,North_America,2215.8,43.2,18.1,0.419,Standard,0.6172,48.5,17.4,13.4,0.0551,0.1861,1,train
Rail,South_Asia,South_Asia,1449.5,47.3,27.1,0.5729,High,0.9544,26.2,16.8,46.7,0.0613,0.8152,1,train
Rail,South_Asia,Europe,3278.5,106.6,97.7,0.9165,Urgent,0.9651,8.3,18.6,14.0,0.2234,0.2609,0,train
Ocean,Southeast_Asia,North_America,8205.9,349.2,247.6,0.709,Standard,0.9865,10.7,38.0,18.5,0.3257,0.835,1,train
Rail,South_Asia,South_Asia,5275.4,130.7,118.5,0.9067,Standard,0.884,88.6,45.9,19.3,0.1448,0.8634,1,train
Ocean,Europe,Latin_America,15090.2,521.8,236.2,0.4527,Standard,0.962,12.1,39.9,42.8,0.4305,0.7412,1,train
Road,North_America,North_America,1660.9,35.0,18.1,0.5171,Standard,0.984,23.8,20.2,20.7,0.1844,0.5899,0,train
Ocean,South_Asia,Oceania,8358.6,309.9,65.5,0.2114,Standard,0.9214,39.8,27.8,17.5,0.4394,0.653,1,train
Ocean,Europe,Middle_East,7436.8,269.2,147.8,0.549,Standard,0.99,49.7,41.9,7.1,0.5486,0.4297,1,train
Rail,Europe,Europe,3054.7,84.5,18.3,0.2166,Standard,0.7173,52.8,13.1,8.9,0.1015,0.6418,1,train
Rail,Europe,Europe,5467.0,156.3,27.4,0.1753,Standard,0.8816,56.1,10.0,49.1,0.1541,0.483,1,train
Rail,South_Asia,North_America,2985.6,72.4,19.0,0.2624,Standard,0.9386,41.3,66.5,47.3,0.2844,0.0905,1,train
Rail,Europe,Europe,4088.0,100.2,48.8,0.487,High,0.837,24.5,100.0,7.3,0.1569,0.4406,1,train
Ocean,East_Asia,Europe,13774.5,512.8,407.4,0.7945,Urgent,0.9073,30.2,20.4,26.2,0.6642,0.5654,1,train
Ocean,Southeast_Asia,Middle_East,11254.9,437.5,416.3,0.9515,Standard,0.8631,56.0,17.5,46.5,0.1829,0.9154,1,train
Air,South_Asia,North_America,10257.0,47.5,17.0,0.3579,Urgent,0.9368,52.3,25.7,9.2,0.6916,0.8928,1,train
Road,Latin_America,Latin_America,1738.7,38.1,8.6,0.2257,High,0.9089,11.6,43.3,20.2,0.0254,0.8592,0,train
Ocean,Southeast_Asia,Latin_America,6289.8,289.5,212.8,0.7351,High,0.837,37.2,9.2,38.8,0.2717,0.8138,1,train
Ocean,East_Asia,Europe,9948.8,402.5,394.2,0.9794,Urgent,0.6548,50.1,25.3,43.1,0.3331,0.0696,1,train
Ocean,East_Asia,Latin_America,4624.2,232.0,138.2,0.5957,High,0.782,20.3,13.0,3.9,0.3691,0.4732,1,train
Ocean,South_Asia,Middle_East,12126.5,435.1,276.2,0.6348,High,0.7707,24.0,31.4,12.8,0.0801,0.4146,1,train
Rail,East_Asia,North_America,4413.3,118.7,73.9,0.6226,Standard,0.7632,50.1,10.5,44.8,0.6443,0.8453,1,train
Ocean,Southeast_Asia,Middle_East,9888.7,374.1,218.5,0.5841,Standard,0.7019,23.5,65.0,5.2,0.6727,0.0632,1,train
Road,East_Asia,North_America,692.6,18.0,16.3,0.9056,Standard,0.9002,43.4,15.8,49.8,0.3804,0.6465,1,train
Road,East_Asia,East_Asia,826.3,17.0,7.9,0.4647,Standard,0.7896,30.4,51.0,37.1,0.1266,0.5901,1,train
Air,Southeast_Asia,North_America,3704.9,35.6,5.0,0.1404,Standard,0.99,28.6,37.1,4.4,0.8486,0.3331,1,train
Ocean,Southeast_Asia,North_America,18157.8,641.4,513.7,0.8009,High,0.82,42.6,42.2,26.9,0.5886,0.6606,1,train
Ocean,South_Asia,Latin_America,12287.7,420.2,347.5,0.827,Urgent,0.884,30.9,29.8,30.6,0.4762,0.2685,1,train
Air,Southeast_Asia,Europe,7959.3,28.4,23.2,0.8169,High,0.99,51.0,39.6,26.7,0.5941,0.4466,1,train
Air,Latin_America,Middle_East,8753.9,38.5,36.4,0.9455,High,0.9112,14.6,13.8,39.5,0.1158,0.5531,1,train
Rail,East_Asia,East_Asia,3950.3,118.1,98.7,0.8357,High,0.8217,26.5,66.1,24.3,0.073,0.2992,1,train
Ocean,East_Asia,Europe,8380.6,320.0,290.5,0.9078,Standard,0.8535,18.4,19.9,44.5,0.4851,0.9615,1,train
Road,East_Asia,East_Asia,1120.2,31.4,18.6,0.5924,High,0.99,34.2,41.3,11.3,0.1932,0.2952,1,train
Air,Latin_America,East_Asia,8148.4,37.4,16.8,0.4492,Standard,0.6966,28.6,10.9,5.1,0.2918,0.8188,1,train
Air,North_America,Middle_East,5371.0,21.5,14.5,0.6744,Urgent,0.7739,23.4,40.1,81.4,0.4505,0.6645,1,train
Road,Latin_America,Latin_America,1451.7,31.6,27.0,0.8544,Urgent,0.8408,47.4,40.7,12.8,0.159,0.6691,1,train
Road,East_Asia,Latin_America,972.1,25.3,12.3,0.4862,Standard,0.9569,44.2,25.9,48.0,0.7328,0.2827,1,train
Rail,East_Asia,East_Asia,3297.9,82.4,62.1,0.7536,Urgent,0.99,32.8,21.3,32.4,0.202,0.8354,1,train
Road,Europe,Latin_America,523.7,16.9,3.3,0.1953,Standard,0.99,28.6,22.1,10.4,0.1386,0.3718,1,train
Air,East_Asia,Latin_America,5825.0,30.7,3.8,0.1238,Standard,0.893,31.1,33.8,37.8,0.4074,0.2695,1,train
Ocean,Europe,Latin_America,9088.1,338.3,106.0,0.3133,Standard,0.9053,17.7,25.9,100.0,0.8391,0.1533,1,train
Road,Europe,Latin_America,835.2,21.5,11.8,0.5488,Standard,0.6726,36.1,29.3,36.7,0.3476,0.65,1,train
Ocean,Southeast_Asia,Europe,20289.2,681.5,286.1,0.4198,Standard,0.701,60.0,29.2,42.8,0.6519,0.5844,1,train
Air,Europe,Latin_America,7011.3,27.7,21.2,0.7653,Standard,0.99,27.7,100.0,10.9,0.3739,0.4166,1,train
Road,East_Asia,North_America,150.0,10.6,1.7,0.1604,Standard,0.8749,100.0,11.2,16.6,0.3959,0.8532,1,train
Air,Europe,Middle_East,12252.1,33.8,22.6,0.6686,High,0.8307,19.7,33.2,25.8,0.8402,0.7972,1,train
Road,North_America,North_America,1424.4,24.5,5.9,0.2408,Standard,0.9116,64.2,12.6,36.5,0.1284,0.8855,1,train
Ocean,South_Asia,Middle_East,10202.5,355.0,138.1,0.389,Standard,0.8955,35.2,15.6,29.5,0.05,0.4116,1,train
Road,Latin_America,Latin_America,1329.3,34.3,4.8,0.1399,Standard,0.7852,52.2,25.4,26.0,0.1675,0.3637,1,train
Air,North_America,Middle_East,5008.8,25.2,3.1,0.123,Standard,0.5951,41.0,30.9,24.5,0.5287,0.8248,1,train
Rail,Europe,Europe,3654.0,94.3,29.3,0.3107,Urgent,0.7832,27.6,32.9,18.3,0.1824,0.7916,1,train
Road,North_America,North_America,1434.9,29.2,6.3,0.2158,Urgent,0.8158,11.9,14.3,11.6,0.1323,0.4374,0,train
Ocean,East_Asia,Oceania,8809.9,342.5,325.5,0.9504,Urgent,0.9413,65.5,11.2,5.4,0.5209,0.424,1,train
Ocean,Southeast_Asia,Oceania,12300.8,436.5,269.8,0.6181,Standard,0.9546,18.9,57.0,8.5,0.5374,0.5778,1,train
Ocean,Southeast_Asia,Latin_America,17550.4,603.9,133.4,0.2209,High,0.9878,15.7,26.0,18.4,0.3679,0.6039,1,train
Ocean,South_Asia,Latin_America,5198.2,210.7,42.7,0.2027,Standard,0.982,38.8,11.2,72.2,0.5532,0.7742,1,train
Ocean,East_Asia,Oceania,13862.3,525.3,60.6,0.1154,Standard,0.7842,34.0,28.1,23.2,0.05,0.8791,1,train
Air,Middle_East,Oceania,6669.2,30.4,5.9,0.1941,High,0.8092,30.5,18.6,6.7,0.05,0.8001,1,train
Air,South_Asia,East_Asia,5462.4,32.0,23.1,0.7219,High,0.799,43.8,22.7,28.8,0.3719,0.6953,1,train
Road,North_America,North_America,2490.9,49.3,11.4,0.2312,Standard,0.8741,49.9,15.0,3.9,0.117,0.2086,0,train
Air,Southeast_Asia,Middle_East,3704.4,39.8,14.7,0.3693,Standard,0.843,23.2,46.2,46.2,0.2037,0.4639,1,train
Air,Middle_East,Latin_America,4860.9,22.3,3.6,0.1614,Standard,0.591,20.2,52.4,35.4,0.5674,0.876,1,train
Road,Latin_America,Latin_America,1623.5,36.8,17.9,0.4864,Standard,0.99,24.4,40.0,6.2,0.0826,0.3867,0,train
Road,East_Asia,East_Asia,1315.9,23.3,13.6,0.5837,Standard,0.7779,51.0,26.7,4.2,0.226,0.1222,1,train
Ocean,Europe,Latin_America,3658.8,174.6,61.9,0.3545,Standard,0.9208,21.5,42.8,39.5,0.8222,0.1083,1,train
Ocean,South_Asia,Oceania,8621.7,312.1,53.1,0.1701,Standard,0.8225,36.1,35.0,50.2,0.7227,0.6284,1,train
Ocean,South_Asia,North_America,10655.3,422.7,344.8,0.8157,Standard,0.6217,3.2,20.3,37.4,0.5021,0.8391,1,train
Air,Europe,Oceania,7698.8,45.9,12.0,0.2614,High,0.7593,43.5,57.2,20.7,0.319,0.2947,1,train
Road,Latin_America,Latin_America,1061.6,29.8,24.9,0.8356,High,0.99,36.7,22.3,17.6,0.0878,0.8411,1,train
Ocean,Southeast_Asia,Middle_East,7353.7,307.2,292.4,0.9518,Standard,0.8354,6.4,47.9,8.1,0.4585,0.456,1,train
Air,Middle_East,Europe,5651.7,22.1,3.9,0.1765,High,0.6398,15.2,87.3,35.6,0.6947,0.8735,1,train
Air,South_Asia,Europe,6974.1,40.6,14.7,0.3621,Standard,0.7956,27.3,48.8,25.3,0.3688,0.5316,1,train
Ocean,East_Asia,Latin_America,12172.7,475.4,155.4,0.3269,Urgent,0.715,26.1,36.1,18.2,0.1399,0.1598,1,train
Air,Southeast_Asia,Europe,5730.4,34.5,21.7,0.629,High,0.6841,19.1,14.1,20.7,0.6378,0.5572,1,train
Ocean,East_Asia,Oceania,16684.8,617.2,257.8,0.4177,Standard,0.9161,17.3,67.5,16.3,0.5535,0.6501,1,train
Air,Middle_East,Oceania,3629.1,31.4,15.2,0.4841,Standard,0.6592,23.1,35.0,12.6,0.3807,0.9136,1,train
Road,East_Asia,East_Asia,1262.3,26.6,14.6,0.5489,Standard,0.8075,47.2,63.6,26.9,0.0787,0.7834,1,train
Road,Europe,Europe,507.2,20.6,8.4,0.4078,High,0.789,33.6,69.5,34.5,0.1482,0.5587,1,train
Rail,Europe,Europe,2624.7,65.9,53.4,0.8103,Standard,0.9257,68.9,53.4,15.7,0.1112,0.7637,1,train
Air,Middle_East,Europe,8670.3,43.5,18.6,0.4276,Standard,0.8861,22.0,39.9,46.0,0.4346,0.3965,1,train
Road,Europe,Europe,1381.3,27.4,11.4,0.4161,Standard,0.8165,68.7,14.1,26.9,0.1354,0.7775,1,train
Road,East_Asia,Europe,655.3,15.1,12.0,0.7947,High,0.9663,37.9,44.0,77.4,0.275,0.8664,1,train
Ocean,South_Asia,Middle_East,3500.0,182.9,176.3,0.9639,Standard,0.8001,28.7,47.4,16.2,0.5911,0.9238,1,train
Ocean,East_Asia,Oceania,12880.1,464.1,410.4,0.8843,Urgent,0.7555,10.4,29.5,17.4,0.4563,0.2423,1,train
Rail,East_Asia,East_Asia,6206.7,163.0,148.0,0.908,High,0.9325,41.0,10.4,26.5,0.1659,0.852,1,train
Air,East_Asia,Middle_East,6785.6,27.4,16.9,0.6168,Standard,0.9484,70.2,13.3,31.9,0.1295,0.9084,1,train
Ocean,South_Asia,Europe,6853.6,271.5,224.4,0.8265,Standard,0.6934,51.3,69.7,7.3,0.7854,0.3939,1,train
Road,Europe,Europe,1121.5,27.4,6.4,0.2336,Standard,0.8621,29.4,19.7,9.3,0.1406,0.4755,1,train
Air,Middle_East,Oceania,12793.2,50.1,33.6,0.6707,Standard,0.7505,37.4,49.2,45.3,0.6935,0.0783,1,train
Road,Latin_America,Latin_America,1579.0,37.3,2.7,0.0724,Standard,0.99,12.4,36.1,23.1,0.196,0.3995,0,train
Air,Europe,North_America,8351.5,34.0,26.5,0.7794,Standard,0.8866,29.4,46.7,46.3,0.4491,0.3648,1,train
Rail,South_Asia,South_Asia,3150.0,100.1,82.8,0.8272,Standard,0.6109,25.4,11.7,6.6,0.1813,0.1906,0,train
Road,Europe,Europe,150.0,9.8,7.5,0.7653,Standard,0.99,29.8,3.0,25.2,0.0432,0.6876,0,train
Rail,South_Asia,South_Asia,822.5,48.7,5.2,0.1068,High,0.8132,45.6,15.8,47.2,0.1361,0.9281,1,train
Ocean,South_Asia,Latin_America,10517.7,424.3,305.3,0.7195,High,0.8338,42.1,19.8,22.5,0.2163,0.3382,1,train
Rail,Europe,Europe,2192.1,90.1,53.3,0.5916,Standard,0.8002,41.5,26.7,33.9,0.1423,0.5019,1,train
Road,East_Asia,East_Asia,1213.8,21.7,17.1,0.788,Standard,0.8898,67.5,19.3,44.6,0.1213,0.3475,1,train
Road,East_Asia,East_Asia,700.9,16.7,12.0,0.7186,Standard,0.7828,11.4,12.4,9.3,0.1984,0.0972,0,train
Ocean,Southeast_Asia,Europe,4261.5,229.1,15.1,0.0659,High,0.8016,74.7,83.3,25.0,0.3739,0.6287,1,train
Air,Middle_East,North_America,5253.4,34.7,33.1,0.9539,Standard,0.7961,20.8,34.8,44.2,0.1761,0.2752,1,train
Road,North_America,North_America,1408.2,27.6,9.1,0.3297,High,0.7762,75.7,43.1,3.0,0.1229,0.398,1,train
Ocean,East_Asia,North_America,12004.5,448.4,145.3,0.324,Urgent,0.8706,36.2,49.1,33.9,0.2646,0.8686,1,train
Rail,North_America,North_America,1982.6,65.8,19.4,0.2948,High,0.9899,36.5,94.5,16.0,0.1465,0.3867,1,train
Road,Europe,Europe,1100.0,24.1,14.3,0.5934,Standard,0.8534,27.6,100.0,10.9,0.078,0.5169,1,train
Ocean,Southeast_Asia,Latin_America,15009.6,537.8,401.7,0.7469,Standard,0.6285,24.2,48.9,87.2,0.3249,0.6628,1,train
Ocean,Southeast_Asia,Middle_East,8368.9,333.2,125.0,0.3752,Standard,0.8871,75.0,16.4,17.9,0.6666,0.5063,1,train
Road,Latin_America,Latin_America,1826.2,34.3,7.3,0.2128,Standard,0.99,34.0,24.2,47.8,0.0653,0.4515,1,train
Air,North_America,Oceania,13537.4,40.8,2.6,0.0637,High,0.642,31.8,33.9,58.7,0.4568,0.1011,1,train
Road,Europe,Europe,2457.4,43.0,13.9,0.3233,Urgent,0.7459,19.7,21.8,9.7,0.0541,0.1981,1,train
Ocean,Southeast_Asia,Oceania,7011.4,296.6,117.8,0.3972,High,0.9747,41.0,25.4,37.2,0.6719,0.1901,1,train
Ocean,Southeast_Asia,Latin_America,15928.0,544.4,98.3,0.1806,Standard,0.9117,20.8,24.4,16.5,0.2732,0.6469,1,train
Ocean,East_Asia,Europe,10909.0,391.0,204.5,0.523,Standard,0.9447,22.8,62.0,35.8,0.6531,0.5191,1,train
Road,East_Asia,Europe,2304.7,45.5,2.6,0.0571,Standard,0.9715,27.9,63.0,22.2,0.05,0.5404,1,train
Rail,South_Asia,East_Asia,4971.1,144.0,70.8,0.4917,Standard,0.8834,12.3,54.4,25.1,0.448,0.0819,1,train
Road,Europe,Europe,1415.9,30.9,29.9,0.9676,Standard,0.9453,16.6,13.3,5.4,0.0965,0.7987,0,train
Air,Europe,Latin_America,5182.5,32.2,11.9,0.3696,Standard,0.8553,61.3,53.3,12.8,0.3017,0.2921,1,train
Ocean,South_Asia,North_America,14010.3,517.3,381.9,0.7383,Standard,0.8749,13.0,37.4,54.4,0.4369,0.7257,1,train
Ocean,East_Asia,Latin_America,12384.5,474.7,334.9,0.7055,Standard,0.6592,28.3,40.1,30.8,0.2708,0.7876,1,train
Ocean,Southeast_Asia,North_America,8100.6,344.1,91.8,0.2668,Standard,0.99,39.4,45.7,67.7,0.05,0.2256,1,train
Rail,North_America,East_Asia,1751.4,56.4,51.0,0.9043,High,0.99,18.7,5.5,44.9,0.0745,0.5592,0,train
Ocean,Southeast_Asia,Latin_America,12313.3,453.1,270.5,0.597,Standard,0.9547,32.3,28.4,15.4,0.2482,0.5235,1,train
Ocean,Europe,Europe,7722.8,297.3,225.8,0.7595,Standard,0.8955,100.0,29.1,23.0,0.02,0.4045,1,train
Rail,South_Asia,East_Asia,3387.2,104.0,70.8,0.6808,Standard,0.99,44.2,45.4,22.8,0.5941,0.0599,1,train
Ocean,Southeast_Asia,North_America,12245.1,425.9,253.8,0.5959,Standard,0.8241,30.8,21.8,22.8,0.2777,0.5226,1,train
Ocean,Southeast_Asia,Oceania,12085.7,443.5,365.6,0.8244,High,0.9246,25.9,19.8,21.8,0.2997,0.2675,1,train
Ocean,South_Asia,Latin_America,12773.4,468.0,285.5,0.61,Standard,0.661,22.3,61.9,4.0,0.2804,0.6519,1,train
Road,North_America,North_America,2152.9,40.4,28.0,0.6931,High,0.8532,51.0,8.6,9.3,0.0716,0.315,0,train
Ocean,Southeast_Asia,Middle_East,14137.5,500.2,100.0,0.1999,High,0.7282,49.8,25.0,88.4,0.8296,0.7479,1,train
Ocean,South_Asia,Latin_America,3558.8,166.2,112.8,0.6787,Standard,0.99,2.9,59.1,1.6,0.3909,0.7402,1,train
Ocean,Europe,Oceania,7291.0,289.0,189.9,0.6571,Urgent,0.9319,32.7,36.5,35.3,0.6826,0.8841,1,train
Ocean,Europe,Middle_East,7369.8,324.0,250.6,0.7735,Urgent,0.7585,13.3,40.7,78.1,0.774,0.8685,1,train
Road,East_Asia,East_Asia,150.0,15.1,12.1,0.8013,Standard,0.8906,7.5,16.8,23.4,0.2002,0.108,0,train
Ocean,South_Asia,Europe,6979.5,283.7,25.2,0.0888,Urgent,0.9508,15.7,7.5,14.8,0.514,0.1432,1,train
Road,Europe,Europe,1457.6,28.6,6.0,0.2098,High,0.5652,41.3,82.5,13.1,0.149,0.8317,1,train
Ocean,East_Asia,Europe,13033.9,485.9,299.0,0.6154,High,0.8898,18.9,40.8,24.6,0.5634,0.8971,1,train
Ocean,Europe,Middle_East,9486.0,368.5,272.0,0.7381,Standard,0.7512,26.0,27.7,15.0,0.6345,0.2641,1,train
Road,North_America,North_America,1143.5,25.4,19.5,0.7677,Standard,0.6722,37.7,54.2,27.4,0.1616,0.7321,1,train
Rail,East_Asia,North_America,1207.5,40.1,36.4,0.9077,High,0.6874,15.7,63.8,32.1,0.4138,0.7147,1,train
Rail,Europe,Europe,5032.2,136.5,121.6,0.8908,Standard,0.9899,32.5,44.1,5.1,0.1224,0.7713,0,train
Road,North_America,North_America,344.0,20.9,3.4,0.1627,Standard,0.7593,29.2,45.5,11.0,0.2104,0.5912,1,train
Road,Europe,Latin_America,2393.1,49.9,18.3,0.3667,High,0.9523,24.7,50.1,11.4,0.2451,0.3417,1,train
Rail,North_America,North_America,4886.7,138.6,110.3,0.7958,High,0.9152,14.3,24.1,22.4,0.1302,0.4042,0,train
Road,Latin_America,Latin_America,899.1,28.5,5.5,0.193,Urgent,0.9211,71.7,73.2,54.3,0.0569,0.8031,1,train
Road,Latin_America,Latin_America,528.9,19.7,18.4,0.934,Standard,0.7829,60.7,38.0,37.4,0.194,0.5141,1,train
Road,North_America,North_America,1992.1,42.4,7.4,0.1745,Standard,0.7905,47.1,10.8,41.9,0.1039,0.776,1,train
Air,North_America,Latin_America,9081.1,28.4,14.6,0.5141,Standard,0.8127,28.1,29.3,20.9,0.3413,0.1294,1,train
Rail,East_Asia,East_Asia,1358.3,56.7,26.1,0.4603,Standard,0.932,23.4,37.4,29.5,0.1104,0.2208,1,train
Ocean,Southeast_Asia,Oceania,13842.1,502.4,218.7,0.4353,Standard,0.6504,74.6,33.5,37.8,0.112,0.0751,1,train
Road,North_America,North_America,1200.6,26.2,1.7,0.0649,Standard,0.8585,22.6,19.3,35.4,0.0956,0.1747,0,train
Ocean,Europe,Latin_America,6794.6,299.2,169.7,0.5672,Standard,0.7959,23.1,64.4,24.8,0.4786,0.2247,1,train
Road,Europe,Europe,1025.4,26.9,9.6,0.3569,Standard,0.7897,27.6,18.1,12.5,0.1909,0.2435,0,train
Road,Latin_America,Latin_America,329.0,17.2,4.9,0.2849,Standard,0.99,51.9,24.0,10.6,0.1672,0.3184,0,train
Ocean,Southeast_Asia,North_America,9579.9,335.5,128.4,0.3827,High,0.7502,49.8,36.8,26.4,0.6264,0.8164,1,train
Road,Europe,Europe,2218.8,46.8,40.0,0.8547,Standard,0.9304,37.9,100.0,16.4,0.2038,0.5592,1,train
Ocean,Southeast_Asia,Latin_America,6699.0,301.1,127.6,0.4238,High,0.99,34.4,29.6,11.5,0.175,0.7314,1,train
Air,East_Asia,Oceania,7897.5,43.1,19.4,0.4501,Standard,0.9224,26.6,24.0,27.6,0.6194,0.5956,1,train
Ocean,East_Asia,Latin_America,11242.4,444.0,341.0,0.768,Standard,0.7932,18.3,51.7,16.3,0.5485,0.8488,1,train
Road,East_Asia,Europe,1931.1,37.9,25.1,0.6623,Standard,0.8374,20.7,18.0,22.7,0.4971,0.4636,1,train
Rail,East_Asia,Europe,2920.4,82.3,21.2,0.2576,Standard,0.8545,57.9,41.5,25.0,0.5337,0.5323,1,train
Rail,South_Asia,South_Asia,2620.4,94.6,61.1,0.6459,Standard,0.9897,37.2,19.9,41.5,0.0752,0.2091,0,train
Ocean,Southeast_Asia,North_America,9299.5,337.1,24.5,0.0727,Urgent,0.8034,24.5,12.4,37.8,0.3912,0.3186,1,train
Road,Latin_America,Latin_America,2359.4,46.6,41.6,0.8927,Standard,0.7169,58.5,12.4,8.7,0.02,0.3923,1,train
Ocean,East_Asia,Europe,7769.9,311.8,108.9,0.3493,Urgent,0.8899,6.5,30.2,11.4,0.2891,0.4014,1,train
Ocean,East_Asia,North_America,13132.2,478.6,303.9,0.635,High,0.6504,9.1,38.8,63.5,0.4589,0.3576,1,train
Ocean,Europe,Oceania,9825.9,354.3,63.7,0.1798,Standard,0.7267,18.9,34.1,45.4,0.2681,0.9699,1,train
Air,Latin_America,East_Asia,7290.4,23.6,14.2,0.6017,Standard,0.8741,30.1,24.0,13.8,0.3802,0.9488,1,train
Road,North_America,North_America,1165.1,27.0,8.2,0.3037,Urgent,0.8441,5.9,49.8,9.0,0.1462,0.8081,1,train
Ocean,East_Asia,Latin_America,13351.6,459.0,345.2,0.7521,Standard,0.8029,32.5,76.6,14.7,0.4979,0.3974,1,train
Rail,East_Asia,North_America,2874.5,82.6,70.5,0.8535,High,0.8553,27.8,23.8,18.8,0.9309,0.3457,1,train
Road,East_Asia,East_Asia,917.5,27.2,12.0,0.4412,High,0.9032,51.9,27.5,16.1,0.1912,0.1673,0,train
Ocean,South_Asia,Latin_America,9811.9,393.0,177.6,0.4519,High,0.961,24.9,24.8,46.6,0.3364,0.923,1,train
Ocean,South_Asia,North_America,11893.1,418.2,395.3,0.9452,Standard,0.6623,36.7,83.3,15.5,0.4741,0.5167,1,train
Road,East_Asia,Latin_America,1120.2,26.2,10.3,0.3931,Urgent,0.9871,25.1,41.5,17.4,0.3485,0.1771,0,train
Ocean,East_Asia,North_America,12404.6,460.9,350.4,0.7603,Standard,0.8001,40.4,9.6,9.6,0.2613,0.782,1,train
Air,Europe,Latin_America,8378.2,25.1,14.6,0.5817,Standard,0.8526,57.1,31.4,15.9,0.3259,0.14,1,train
Ocean,East_Asia,Oceania,9653.1,394.7,320.6,0.8123,High,0.7931,62.4,54.5,12.3,0.3868,0.1164,1,train
Air,Southeast_Asia,North_America,9691.0,38.1,35.6,0.9344,High,0.8126,16.1,32.7,44.2,0.1674,0.2344,1,train
Road,North_America,North_America,457.4,11.3,1.1,0.0973,Standard,0.99,45.6,71.1,12.9,0.1697,0.6199,1,train
Ocean,Southeast_Asia,Europe,11796.1,430.8,131.5,0.3052,Standard,0.6085,27.6,36.3,20.7,0.2977,0.7786,1,train
Air,South_Asia,Europe,9287.5,45.9,7.1,0.1547,Standard,0.99,100.0,19.9,6.7,0.3917,0.306,1,train
Air,Southeast_Asia,Europe,9044.8,25.9,4.3,0.166,High,0.7984,30.8,24.6,42.3,0.4856,0.7099,1,train
Road,North_America,Europe,2225.5,41.6,24.5,0.5889,High,0.99,21.0,46.0,8.9,0.5912,0.4656,1,train
Ocean,East_Asia,North_America,6455.4,291.4,100.8,0.3459,High,0.8688,59.1,18.4,10.4,0.5852,0.642,1,train
Ocean,Europe,Oceania,11963.6,461.1,411.6,0.8926,Standard,0.7428,36.4,19.4,96.4,0.4311,0.5861,1,train
Rail,Europe,North_America,3151.6,91.0,17.5,0.1923,Standard,0.8123,26.4,89.4,36.7,0.2908,0.8096,1,train
Rail,North_America,North_America,1402.9,44.3,9.3,0.2099,High,0.7878,4.8,29.2,14.4,0.0427,0.7188,0,train
Air,East_Asia,Latin_America,3818.5,17.4,5.8,0.3333,High,0.8912,93.1,9.0,44.4,0.5883,0.8459,1,train
Air,Europe,Oceania,5633.3,21.0,7.3,0.3476,Standard,0.7623,47.7,66.4,9.9,0.2954,0.8206,1,train
Road,North_America,North_America,440.3,22.1,6.3,0.2851,Standard,0.8818,64.8,56.5,50.5,0.111,0.5578,1,train
Rail,South_Asia,North_America,2507.4,65.7,60.2,0.9163,High,0.9679,15.5,46.4,22.7,0.6978,0.1711,1,train
Air,South_Asia,Oceania,3609.1,38.6,26.5,0.6865,High,0.7911,50.0,62.5,26.2,0.7496,0.2021,1,train
Air,Europe,Latin_America,4483.5,20.8,14.3,0.6875,High,0.8424,15.3,21.6,8.1,0.6044,0.5883,1,train
Air,East_Asia,Europe,5012.8,35.9,3.4,0.0947,High,0.8467,38.1,26.6,51.8,0.7806,0.6375,1,train
Road,Latin_America,Latin_America,1574.1,28.5,9.4,0.3298,Urgent,0.6851,19.5,22.8,31.9,0.02,0.7175,1,train
Road,North_America,North_America,214.7,12.9,8.6,0.6667,Urgent,0.7973,27.5,39.1,10.0,0.1292,0.9418,0,train
Ocean,Southeast_Asia,Latin_America,10693.9,417.2,67.5,0.1618,Standard,0.8621,49.4,28.1,24.0,0.7323,0.4761,1,train
Air,Southeast_Asia,Europe,5143.5,38.4,15.8,0.4115,Standard,0.9021,39.9,27.7,14.2,0.0762,0.7152,1,train
Ocean,South_Asia,Oceania,9418.7,350.4,296.2,0.8453,Standard,0.6605,6.9,9.7,9.5,0.5247,0.3453,1,train
Road,East_Asia,East_Asia,1314.4,28.3,27.5,0.9717,Standard,0.7288,34.2,72.9,29.3,0.0674,0.6225,1,train
Air,East_Asia,North_America,6049.8,33.9,26.1,0.7699,High,0.9626,49.7,26.5,20.5,0.2299,0.9311,1,train
Road,Europe,Europe,1251.8,32.3,2.9,0.0898,Standard,0.648,20.9,26.8,17.7,0.1311,0.1287,1,train
Rail,North_America,North_America,7006.5,173.0,33.6,0.1942,Standard,0.8192,5.6,14.8,19.9,0.1426,0.5417,0,train
Road,Latin_America,Latin_America,690.5,24.9,3.1,0.1245,High,0.99,46.7,41.5,20.2,0.1647,0.163,0,train
Ocean,Southeast_Asia,North_America,10448.3,395.1,102.5,0.2594,Standard,0.8625,48.8,64.8,5.9,0.3993,0.2353,1,train
Ocean,South_Asia,Latin_America,11819.7,454.5,31.6,0.0695,High,0.99,31.0,36.6,10.1,0.5576,0.0965,1,train
Air,North_America,Middle_East,6928.7,25.1,12.5,0.498,Standard,0.9395,19.8,31.8,31.5,0.3818,0.6727,1,train
Ocean,East_Asia,Latin_America,10045.0,356.6,252.0,0.7067,Standard,0.8853,56.6,9.5,25.7,0.2752,0.4592,1,train
Road,Europe,Europe,523.9,16.8,7.3,0.4345,Standard,0.99,48.9,40.1,35.5,0.02,0.443,1,train
Rail,Europe,Europe,4113.4,100.2,49.2,0.491,Urgent,0.7571,51.0,39.0,52.2,0.1128,0.8339,1,train
Air,Southeast_Asia,Europe,2051.0,18.9,12.6,0.6667,Urgent,0.7694,24.3,34.4,45.0,0.6422,0.222,1,train
Road,East_Asia,Latin_America,1473.9,30.9,3.0,0.0971,High,0.9105,34.9,44.7,24.8,0.2742,0.3508,1,train
Ocean,Southeast_Asia,Europe,8373.8,343.0,231.0,0.6735,Standard,0.8496,61.1,49.4,30.4,0.3158,0.5919,1,train
Air,Southeast_Asia,Latin_America,3505.1,23.2,9.3,0.4009,High,0.8588,26.0,23.5,17.7,0.05,0.612,1,train
Ocean,Southeast_Asia,North_America,9180.0,343.2,184.3,0.537,Urgent,0.7552,22.5,38.5,20.5,0.2628,0.4879,1,train
Rail,Europe,Europe,3127.9,107.6,20.8,0.1933,High,0.9734,26.9,16.2,13.2,0.2113,0.7804,1,train
Road,North_America,North_America,722.3,22.4,16.7,0.7455,High,0.8847,21.8,20.5,6.4,0.1198,0.5934,0,train
Ocean,East_Asia,Europe,8073.0,311.3,100.1,0.3216,Standard,0.7045,44.8,49.6,19.2,0.8602,0.1499,1,train
Air,Latin_America,North_America,3247.7,36.9,29.1,0.7886,Standard,0.7627,44.2,41.1,19.0,0.7297,0.328,1,train
Ocean,Europe,Oceania,5048.5,194.3,181.0,0.9315,Standard,0.6257,45.8,30.8,32.4,0.5376,0.9052,1,train
Ocean,East_Asia,Middle_East,11248.1,436.1,365.8,0.8388,Standard,0.819,33.7,54.1,15.0,0.5849,0.6933,1,train
Ocean,Europe,Europe,19140.4,663.4,257.4,0.388,Standard,0.7317,30.5,50.5,28.2,0.1102,0.4343,1,train
Road,Europe,North_America,1415.6,24.7,2.4,0.0972,High,0.8274,42.3,32.5,1.6,0.5544,0.0917,1,train
Rail,North_America,Europe,4295.0,131.2,112.6,0.8582,Standard,0.8554,30.6,14.6,10.3,0.4772,0.7744,1,train
Air,East_Asia,Oceania,6536.8,37.7,33.3,0.8833,High,0.749,28.1,27.0,63.3,0.1668,0.4811,1,train
Air,Middle_East,Oceania,6226.7,35.1,14.4,0.4103,Standard,0.6551,56.6,39.2,16.2,0.8055,0.8088,1,train
Ocean,South_Asia,Europe,12811.0,466.3,212.0,0.4546,High,0.99,35.2,27.5,34.2,0.2113,0.2513,1,train
Ocean,East_Asia,Europe,14168.6,516.0,351.8,0.6818,Standard,0.8495,63.7,40.6,15.9,0.7462,0.5627,1,train
Ocean,Europe,Oceania,10451.8,404.5,163.6,0.4044,High,0.6812,46.6,100.0,73.3,0.9373,0.903,1,train
Rail,Europe,East_Asia,2439.2,62.6,12.8,0.2045,High,0.7839,47.9,50.3,40.8,0.5699,0.4038,1,train
Rail,Europe,Europe,1958.0,81.7,71.7,0.8776,High,0.7396,14.0,32.4,17.8,0.0382,0.5573,1,train
Road,North_America,North_America,786.1,18.4,4.0,0.2174,Standard,0.806,32.3,10.4,17.0,0.1115,0.2172,0,train
Ocean,Europe,Europe,11278.5,390.7,303.8,0.7776,High,0.8766,39.9,50.1,19.1,0.1373,0.8097,1,train
Ocean,Southeast_Asia,Oceania,11638.1,428.6,311.4,0.7266,Standard,0.8566,43.2,24.2,75.9,0.4553,0.3406,1,train
Road,Latin_America,Latin_America,1129.6,22.1,13.1,0.5928,High,0.7035,11.6,14.0,21.0,0.1864,0.426,1,train
Ocean,Europe,Europe,12860.6,486.9,294.0,0.6038,Urgent,0.7971,9.1,30.3,23.8,0.1135,0.6504,1,train
Ocean,South_Asia,Middle_East,18939.6,674.8,249.1,0.3691,Standard,0.9247,38.2,16.4,15.8,0.05,0.7888,1,train
Air,North_America,Middle_East,7301.5,26.0,10.5,0.4038,Standard,0.912,43.4,48.3,5.7,0.4838,0.1291,1,train
Ocean,Europe,North_America,15834.5,542.8,256.2,0.472,High,0.99,42.1,35.6,4.1,0.1148,0.4665,1,train
Ocean,Europe,Latin_America,12122.2,426.6,243.3,0.5703,Standard,0.8097,22.8,41.0,16.8,0.1452,0.9602,1,train
Ocean,Europe,Oceania,14638.4,502.0,90.3,0.1799,High,0.7359,38.6,31.6,20.7,0.5555,0.7529,1,train
Air,South_Asia,Middle_East,3338.7,20.9,17.1,0.8182,Standard,0.9477,8.8,17.4,21.8,0.3314,0.7848,0,train
Road,Europe,Europe,1315.3,32.6,18.0,0.5521,Urgent,0.9688,54.0,44.3,32.2,0.049,0.8697,1,train
Air,South_Asia,Oceania,5935.1,28.9,4.9,0.1696,Standard,0.8923,35.5,33.0,41.2,0.5093,0.0962,1,train
Road,East_Asia,East_Asia,1552.7,32.5,30.0,0.9231,Standard,0.8785,59.5,26.7,47.7,0.0497,0.6469,1,train
Ocean,East_Asia,Latin_America,7215.9,307.5,234.1,0.7613,High,0.8853,43.1,21.5,37.6,0.3272,0.4626,1,train
Ocean,Europe,North_America,8354.5,327.0,88.2,0.2697,Standard,0.7724,50.9,59.6,23.2,0.2069,0.4227,1,train
Air,Europe,Middle_East,9376.0,45.2,7.2,0.1593,Standard,0.9861,34.3,30.5,31.8,0.519,0.9716,1,train
Ocean,South_Asia,Oceania,9187.2,357.3,333.4,0.9331,Standard,0.9121,10.4,42.4,45.3,0.2668,0.4238,1,train
Road,Europe,Europe,1041.2,27.2,3.0,0.1103,Standard,0.6559,36.1,37.7,26.6,0.02,0.1127,1,train
Road,North_America,North_America,1351.3,28.1,16.1,0.573,Standard,0.8719,20.8,71.7,53.5,0.1928,0.696,1,train
Ocean,East_Asia,Middle_East,15282.1,536.0,345.7,0.645,High,0.99,70.0,51.4,17.3,0.2493,0.701,1,train
Ocean,Southeast_Asia,North_America,5784.0,260.9,146.9,0.5631,Urgent,0.8385,35.4,38.5,21.9,0.384,0.2342,1,train
Road,North_America,North_America,1968.1,38.3,19.8,0.517,Standard,0.7292,29.3,19.6,23.5,0.1085,0.7847,1,train
Ocean,East_Asia,Middle_East,8842.2,316.4,53.1,0.1678,Standard,0.8057,46.2,44.0,22.4,0.4365,0.74,1,train
Road,East_Asia,East_Asia,736.1,20.4,7.8,0.3824,Standard,0.8538,23.6,87.8,28.4,0.1233,0.5663,1,train
Ocean,Southeast_Asia,Latin_America,12051.1,463.2,271.4,0.5859,Standard,0.8448,14.7,11.7,19.6,0.3959,0.4181,1,train
Road,North_America,North_America,1320.5,32.0,21.6,0.675,Standard,0.9061,22.8,12.3,8.7,0.1619,0.2442,0,train
Air,East_Asia,North_America,6214.7,40.1,26.5,0.6608,High,0.99,10.7,19.0,31.7,0.3694,0.0651,1,train
Rail,East_Asia,Europe,5095.5,146.9,52.5,0.3574,Standard,0.7504,29.5,16.9,35.3,0.66,0.7105,1,train
Ocean,South_Asia,North_America,10531.4,373.5,220.8,0.5912,Standard,0.99,21.4,37.1,11.1,0.592,0.7394,1,train
Ocean,South_Asia,Middle_East,10372.7,384.6,271.6,0.7062,Standard,0.904,36.0,38.6,18.5,0.431,0.4312,1,train
Ocean,East_Asia,Middle_East,14070.8,482.0,236.0,0.4896,Urgent,0.7874,20.4,41.7,17.5,0.5629,0.7612,1,train
Ocean,Southeast_Asia,Latin_America,6793.9,284.5,229.9,0.8081,High,0.759,8.7,32.3,22.4,0.4133,0.8945,1,train
Ocean,Europe,Oceania,6459.7,243.6,136.9,0.562,Standard,0.9183,15.9,16.7,14.7,0.5514,0.051,0,train
Ocean,Southeast_Asia,Oceania,17569.4,640.7,400.9,0.6257,Urgent,0.9485,45.0,29.6,48.1,0.05,0.4275,1,train
Road,Europe,Europe,2349.2,42.3,11.9,0.2813,Standard,0.9346,17.8,46.8,36.8,0.2207,0.4745,1,train
Air,Middle_East,Europe,7487.1,36.9,20.2,0.5474,Standard,0.8433,82.0,100.0,16.2,0.1169,0.0908,1,train
Ocean,Europe,Oceania,8537.5,325.4,290.2,0.8918,Standard,0.7951,18.8,21.8,21.4,0.7944,0.7208,1,train
Ocean,South_Asia,Europe,10601.4,420.5,178.8,0.4252,Standard,0.8775,28.1,37.4,11.5,0.8111,0.5107,1,train
Ocean,East_Asia,Latin_America,10216.0,359.9,170.4,0.4735,Standard,0.697,36.0,28.2,9.3,0.3979,0.5232,1,train
Ocean,Southeast_Asia,Oceania,15840.2,545.9,50.7,0.0929,Urgent,0.8248,38.3,35.4,87.9,0.2509,0.6898,1,train
Ocean,East_Asia,North_America,9511.8,335.8,214.4,0.6385,Standard,0.6764,35.5,27.1,12.5,0.3725,0.513,1,train
Ocean,East_Asia,Middle_East,17168.5,590.7,280.0,0.474,Standard,0.9144,24.5,10.0,22.7,0.4372,0.9189,1,train
Road,North_America,North_America,1166.9,29.0,16.8,0.5793,Urgent,0.99,100.0,51.8,41.7,0.051,0.9555,1,train
Road,Europe,Europe,2042.6,35.9,30.2,0.8412,Standard,0.9033,8.8,14.0,4.0,0.0324,0.9735,0,train
Ocean,Europe,Oceania,14145.4,485.0,76.6,0.1579,Standard,0.8265,27.1,30.2,10.2,0.6054,0.6873,1,train
Rail,East_Asia,Europe,1861.2,71.6,65.0,0.9078,Standard,0.6917,24.4,45.4,16.5,0.3248,0.0845,1,train
Rail,Europe,Europe,500.0,25.0,9.1,0.364,Standard,0.8764,45.8,69.1,22.6,0.1706,0.3334,1,train
Air,Middle_East,Oceania,7303.2,31.5,29.4,0.9333,Standard,0.819,27.8,15.1,6.2,0.3516,0.473,1,train
Air,Europe,Middle_East,7270.5,45.0,35.6,0.7911,Standard,0.6596,73.3,27.1,36.9,0.3931,0.1294,1,train
Rail,South_Asia,Europe,4764.8,114.7,72.2,0.6295,Standard,0.8861,25.3,13.8,29.6,0.063,0.4101,0,train
Ocean,East_Asia,Latin_America,12190.7,445.7,272.4,0.6112,High,0.8881,20.6,25.2,29.6,0.478,0.8756,1,train
Ocean,Southeast_Asia,North_America,8882.0,363.5,28.6,0.0787,Urgent,0.8398,44.8,100.0,60.2,0.7466,0.6536,1,train
Ocean,Europe,Oceania,12011.5,468.2,438.1,0.9357,Standard,0.99,63.7,38.1,19.9,0.2769,0.1032,1,train
Ocean,Europe,Oceania,16241.4,544.4,481.1,0.8837,High,0.8694,6.6,42.5,7.2,0.316,0.3046,1,train
Rail,North_America,North_America,4736.0,113.5,45.6,0.4018,Urgent,0.99,17.9,42.0,21.1,0.2127,0.9719,1,train
Road,Latin_America,North_America,348.6,16.3,13.3,0.816,High,0.9413,29.7,41.0,36.8,0.5041,0.4749,1,train
Air,Southeast_Asia,East_Asia,5927.6,30.2,10.8,0.3576,Standard,0.99,12.4,52.2,41.8,0.2325,0.2068,1,train
Ocean,South_Asia,Middle_East,8219.0,320.7,311.9,0.9726,Standard,0.8596,24.4,78.2,50.6,0.092,0.1066,1,train
Ocean,Southeast_Asia,Latin_America,12900.8,498.7,92.6,0.1857,High,0.816,23.1,20.4,4.3,0.48,0.6282,1,train
Air,East_Asia,Oceania,4068.3,37.7,30.7,0.8143,Standard,0.8711,35.2,26.6,16.7,0.3103,0.0623,1,train
Ocean,South_Asia,North_America,10321.4,417.3,155.0,0.3714,Standard,0.8149,14.1,3.3,17.6,0.2465,0.5872,1,train
Rail,North_America,North_America,3395.5,84.2,36.4,0.4323,Standard,0.824,35.1,37.9,28.2,0.1059,0.5189,1,train
Ocean,South_Asia,Europe,8725.9,321.9,69.4,0.2156,High,0.8298,22.4,28.6,22.7,0.3621,0.7853,1,train
Road,Latin_America,Latin_America,1425.3,25.7,10.2,0.3969,Standard,0.9786,22.8,40.1,33.1,0.0906,0.3291,0,train
Ocean,East_Asia,North_America,17475.1,608.9,275.6,0.4526,Standard,0.9294,8.6,84.6,37.0,0.3247,0.7037,1,train
Rail,East_Asia,East_Asia,500.0,38.3,25.4,0.6632,High,0.7522,32.1,30.5,6.4,0.0782,0.9131,1,train
Ocean,South_Asia,Latin_America,14288.7,519.4,84.0,0.1617,Standard,0.8432,16.7,21.0,30.2,0.2233,0.9735,1,train
Road,Europe,Europe,1595.7,29.6,27.4,0.9257,Urgent,0.99,18.8,19.7,15.8,0.2275,0.5812,1,train
Road,Latin_America,Europe,2152.4,45.6,29.5,0.6469,Urgent,0.937,51.2,36.7,26.0,0.326,0.8478,1,train
Ocean,Europe,Latin_America,9998.3,355.9,146.5,0.4116,Standard,0.7349,26.6,46.9,15.2,0.0654,0.4518,1,train
Ocean,South_Asia,Middle_East,13332.1,460.8,328.9,0.7138,Standard,0.99,42.0,94.8,12.0,0.4268,0.6998,1,train
Road,North_America,North_America,150.0,14.6,4.2,0.2877,Urgent,0.8923,17.0,14.8,22.9,0.0641,0.4967,0,train
Rail,East_Asia,East_Asia,4872.6,118.3,77.5,0.6551,High,0.8139,35.2,27.1,9.2,0.0493,0.0896,1,train
Ocean,South_Asia,Europe,7509.5,290.2,30.0,0.1034,High,0.9399,58.3,47.8,36.2,0.4718,0.3,1,train
Ocean,Southeast_Asia,Latin_America,18312.3,638.5,612.9,0.9599,Standard,0.99,25.7,26.0,37.2,0.8248,0.423,1,train
Ocean,South_Asia,Middle_East,6439.9,266.4,85.9,0.3224,Standard,0.7709,29.9,62.4,41.1,0.5516,0.2485,1,train
Road,East_Asia,East_Asia,2153.3,36.0,24.7,0.6861,Standard,0.8549,56.6,25.2,39.6,0.1105,0.6074,1,train
Air,South_Asia,North_America,6905.8,33.7,16.7,0.4955,High,0.8162,30.0,22.4,30.4,0.5578,0.5133,1,train
Air,South_Asia,Latin_America,6746.9,21.6,20.6,0.9537,Standard,0.8596,10.5,52.4,18.4,0.172,0.3223,1,train
Ocean,Southeast_Asia,Oceania,13355.3,505.6,189.9,0.3756,Standard,0.7976,49.8,27.3,11.2,0.3998,0.5208,1,train
Rail,Europe,North_America,5090.5,142.6,120.0,0.8415,Standard,0.7717,57.4,31.3,12.9,0.3485,0.7494,1,train
Ocean,South_Asia,North_America,14811.6,549.9,274.6,0.4994,Standard,0.9687,8.7,67.5,65.8,0.6493,0.1895,1,train
Ocean,East_Asia,Middle_East,8323.8,347.3,240.5,0.6925,Standard,0.99,47.5,39.2,15.8,0.5937,0.5819,1,train
Air,Middle_East,Europe,5524.6,31.7,10.7,0.3375,Standard,0.9192,39.9,36.2,20.7,0.4732,0.6785,1,train
Ocean,Europe,Europe,9609.1,391.0,243.9,0.6238,Standard,0.9429,34.6,65.7,19.8,0.078,0.7487,1,train
Air,North_America,Latin_America,8268.5,46.5,28.6,0.6151,Standard,0.9057,33.6,29.3,5.3,0.1356,0.468,1,train
Rail,South_Asia,East_Asia,2862.7,96.6,27.1,0.2805,Urgent,0.988,45.7,56.1,9.8,0.5354,0.9531,1,train
Ocean,Southeast_Asia,Middle_East,12271.1,434.4,97.1,0.2235,High,0.8891,43.0,25.9,18.3,0.3485,0.716,1,train
Road,Europe,Europe,1529.6,35.9,27.1,0.7549,Standard,0.9194,21.6,66.9,26.1,0.1319,0.7305,1,train
Ocean,South_Asia,Middle_East,11185.9,413.2,288.5,0.6982,Standard,0.7302,24.6,12.7,32.8,0.2309,0.1394,1,train
Road,Europe,Europe,2942.2,51.3,3.3,0.0643,Standard,0.8106,24.3,42.3,7.4,0.0632,0.5893,1,train
Road,Latin_America,Latin_America,1223.6,25.1,13.8,0.5498,Standard,0.7226,29.8,48.4,23.0,0.1463,0.5197,1,train
Air,East_Asia,Oceania,5428.0,38.9,14.6,0.3753,Standard,0.6739,45.4,67.5,5.8,0.7394,0.952,1,train
Ocean,Europe,Middle_East,13491.9,504.2,35.5,0.0704,Standard,0.8929,56.7,26.6,36.5,0.5244,0.1775,1,train
Air,Latin_America,North_America,9772.2,38.8,22.1,0.5696,Standard,0.9426,38.3,45.6,3.9,0.2588,0.5739,1,train
Air,Europe,Latin_America,5223.3,22.0,3.7,0.1682,High,0.7158,66.6,31.2,65.5,0.3734,0.2016,1,train
Ocean,South_Asia,Europe,8651.8,328.4,184.8,0.5627,High,0.8854,21.7,25.6,9.4,0.05,0.5022,1,train
Road,North_America,North_America,689.7,17.6,3.2,0.1818,Urgent,0.8777,27.9,25.1,21.1,0.0895,0.4827,0,train
Ocean,Southeast_Asia,Latin_America,6630.7,256.7,44.9,0.1749,Standard,0.893,45.4,24.6,11.7,0.5859,0.0571,1,train
Rail,East_Asia,East_Asia,3180.1,105.3,57.6,0.547,Urgent,0.796,18.7,85.4,19.6,0.1133,0.198,1,train
Road,North_America,North_America,945.4,22.8,17.5,0.7675,Standard,0.99,8.4,57.0,29.6,0.0328,0.557,1,train
Ocean,South_Asia,Middle_East,13745.4,507.6,190.1,0.3745,Standard,0.7842,12.1,48.7,28.0,0.654,0.8765,1,train
Rail,South_Asia,East_Asia,3010.7,75.0,64.2,0.856,Standard,0.8934,57.6,19.7,25.7,0.2882,0.0982,1,train
Rail,East_Asia,East_Asia,3319.6,82.0,61.7,0.7524,High,0.8256,15.7,49.0,43.0,0.0836,0.2913,1,train
Ocean,Southeast_Asia,Middle_East,16161.8,575.3,442.0,0.7683,Standard,0.8453,19.9,69.0,25.6,0.2306,0.6276,1,train
Air,Southeast_Asia,Oceania,4057.2,18.5,1.3,0.0703,Standard,0.862,22.4,63.5,24.1,0.208,0.7888,1,train
Rail,North_America,North_America,2630.3,97.7,84.9,0.869,Standard,0.7287,26.4,31.8,7.2,0.0658,0.323,0,train
Road,North_America,Europe,693.7,21.1,17.3,0.8199,Standard,0.6593,10.3,20.5,12.6,0.414,0.183,0,train
Road,Europe,Europe,1452.8,34.2,6.5,0.1901,Standard,0.7104,38.6,28.9,11.2,0.02,0.611,1,train
Ocean,Southeast_Asia,Latin_America,12588.2,433.6,74.4,0.1716,Standard,0.9332,17.6,36.7,22.4,0.4044,0.1141,1,train
Ocean,South_Asia,Middle_East,8407.4,306.0,218.4,0.7137,High,0.8666,15.9,33.2,31.2,0.3999,0.5732,1,train
Ocean,South_Asia,Oceania,15259.4,548.5,514.5,0.938,High,0.8578,19.6,100.0,16.4,0.3745,0.2493,1,train
Road,Europe,Europe,288.0,13.8,8.7,0.6304,Urgent,0.7993,30.4,20.7,62.5,0.1524,0.3294,1,train
Rail,Europe,Europe,3891.1,115.0,101.1,0.8791,High,0.99,17.3,7.6,15.6,0.1001,0.614,0,train
Ocean,South_Asia,North_America,9211.4,339.1,56.2,0.1657,Standard,0.6527,42.9,26.4,47.1,0.2507,0.2681,1,train
Ocean,South_Asia,North_America,12223.2,437.1,255.7,0.585,Standard,0.99,37.6,24.3,29.9,0.4498,0.6361,1,train
Ocean,Southeast_Asia,Oceania,9516.3,377.5,353.3,0.9359,Standard,0.7877,57.5,18.5,20.8,0.5075,0.3202,1,train
Ocean,Europe,North_America,14403.1,515.3,476.5,0.9247,Standard,0.8755,6.2,100.0,30.2,0.2733,0.2944,1,train
Rail,East_Asia,East_Asia,2644.3,72.7,53.0,0.729,High,0.9071,78.9,100.0,35.3,0.1147,0.1114,1,train
Road,Europe,North_America,1994.8,40.1,35.3,0.8803,Standard,0.8864,34.4,27.4,42.8,0.7178,0.1469,1,train
Road,Latin_America,Latin_America,1485.1,26.6,15.3,0.5752,Standard,0.7404,39.1,39.4,25.5,0.0739,0.6943,1,train
Ocean,Europe,Middle_East,8754.3,367.5,281.9,0.7671,High,0.6682,7.6,19.0,84.6,0.0508,0.0796,1,train
Ocean,East_Asia,Middle_East,11341.4,416.6,251.1,0.6027,Standard,0.8541,16.8,15.6,15.8,0.3403,0.6152,1,train
Road,East_Asia,East_Asia,550.2,18.4,1.1,0.0598,Standard,0.9742,51.5,30.1,26.0,0.1648,0.1842,0,train
Ocean,Europe,Europe,9503.5,374.6,283.4,0.7565,Standard,0.8983,9.7,17.5,58.4,0.1733,0.3899,1,train
Ocean,Southeast_Asia,North_America,8615.2,346.9,334.1,0.9631,Standard,0.99,26.3,31.1,25.1,0.5423,0.0534,1,train
Rail,South_Asia,South_Asia,1211.1,62.2,26.6,0.4277,Standard,0.99,37.6,99.4,17.0,0.1254,0.1157,1,train
Rail,North_America,East_Asia,1261.6,42.8,10.0,0.2336,Standard,0.7039,34.1,16.3,40.1,0.2201,0.7884,1,train
Air,Europe,North_America,4700.5,37.1,7.0,0.1887,Standard,0.7672,37.5,81.6,37.4,0.344,0.6997,1,train
Air,South_Asia,Europe,5053.5,34.5,33.2,0.9623,Standard,0.7161,23.8,54.0,24.6,0.3768,0.8607,1,train
Road,East_Asia,East_Asia,774.7,21.5,11.1,0.5163,Standard,0.8354,17.7,88.7,15.9,0.064,0.211,1,train
Rail,South_Asia,East_Asia,3596.4,101.4,21.3,0.2101,Urgent,0.8968,53.5,18.4,27.8,0.4305,0.8014,1,train
Road,Europe,Europe,907.8,19.7,8.5,0.4315,Urgent,0.8617,100.0,20.6,13.9,0.186,0.4585,1,train
Road,East_Asia,East_Asia,2129.8,40.5,28.9,0.7136,High,0.9827,13.0,57.4,28.9,0.02,0.3418,0,train
Ocean,Europe,Oceania,8837.3,328.1,188.0,0.573,Standard,0.9068,20.6,31.6,58.2,0.7598,0.0993,1,train
Ocean,East_Asia,North_America,12798.9,463.4,244.5,0.5276,Standard,0.8422,27.1,30.9,34.7,0.7182,0.4726,1,train
Ocean,South_Asia,Latin_America,7959.5,297.2,263.5,0.8866,Standard,0.99,44.3,52.1,50.5,0.4651,0.4051,1,train
Ocean,South_Asia,Europe,11176.2,433.3,244.4,0.564,Standard,0.8992,60.4,5.3,14.1,0.4178,0.5435,1,train
Rail,Europe,East_Asia,2174.8,73.9,19.8,0.2679,Urgent,0.687,21.7,5.2,13.3,0.3793,0.2276,1,train
Air,Middle_East,East_Asia,2291.8,15.1,4.9,0.3245,Standard,0.9354,22.8,26.6,23.3,0.4552,0.6848,1,train
Ocean,Europe,Oceania,15733.0,585.0,356.8,0.6099,Standard,0.8091,31.9,59.6,31.9,0.4473,0.2262,1,train
Ocean,East_Asia,Oceania,8257.6,335.1,99.4,0.2966,Standard,0.8435,61.7,17.2,15.0,0.6968,0.3003,1,train
Air,Middle_East,North_America,9415.9,28.0,26.8,0.9571,Standard,0.99,74.2,83.1,24.8,0.5668,0.8229,1,train
Ocean,Europe,Europe,12973.4,466.6,206.5,0.4426,Urgent,0.8535,36.6,46.0,25.0,0.0494,0.7886,1,train
Road,East_Asia,East_Asia,1410.8,25.2,21.9,0.869,High,0.7509,77.5,8.1,27.5,0.095,0.2364,1,train
Air,South_Asia,East_Asia,7944.1,23.2,10.5,0.4526,Standard,0.7487,18.2,60.4,19.0,0.629,0.7222,1,train
Ocean,Southeast_Asia,Oceania,11205.2,433.8,270.0,0.6224,High,0.8341,20.0,69.2,16.2,0.6857,0.1584,1,train
Ocean,South_Asia,Middle_East,8801.8,343.4,250.0,0.728,High,0.7511,22.8,22.4,54.1,0.252,0.7871,1,train
Air,North_America,Oceania,8666.1,41.3,20.4,0.4939,Urgent,0.9148,40.4,19.3,24.6,0.3264,0.8195,1,train
Ocean,South_Asia,North_America,11118.4,387.9,75.9,0.1957,Standard,0.7649,33.1,49.6,40.8,0.5004,0.7057,1,train
Road,North_America,North_America,1408.7,32.2,28.3,0.8789,Standard,0.99,31.3,20.4,4.5,0.0757,0.255,0,train
Ocean,East_Asia,Middle_East,9661.2,370.2,129.9,0.3509,High,0.9286,24.1,80.5,40.0,0.7273,0.9045,1,train
Rail,South_Asia,South_Asia,4972.5,120.8,91.0,0.7533,Urgent,0.8891,81.2,17.9,49.4,0.0701,0.3007,1,train
Air,Europe,Middle_East,4997.5,21.7,18.7,0.8618,Standard,0.4899,42.8,32.6,3.2,0.05,0.43,1,train
Road,Latin_America,Latin_America,818.7,27.1,22.9,0.845,Standard,0.9444,51.0,29.9,10.3,0.0351,0.6468,1,train
Ocean,Southeast_Asia,Oceania,7748.8,338.0,29.2,0.0864,Standard,0.847,42.7,26.9,47.2,0.5172,0.7188,1,train
Air,North_America,East_Asia,9545.3,25.0,14.0,0.56,Urgent,0.9478,55.8,16.9,36.0,0.5017,0.7641,1,train
Rail,Europe,East_Asia,2763.9,95.0,68.3,0.7189,Urgent,0.6889,51.7,13.7,38.8,0.5329,0.5446,1,train
Ocean,Europe,North_America,13297.0,486.8,283.9,0.5832,Standard,0.99,16.5,20.9,9.7,0.2593,0.4618,1,train
Rail,Europe,East_Asia,2760.8,91.4,88.8,0.9716,Standard,0.887,68.6,70.2,93.1,0.05,0.9526,1,train
Ocean,South_Asia,Europe,9215.6,380.1,110.4,0.2904,Standard,0.7062,16.8,27.7,15.6,0.563,0.2961,1,train
Air,Middle_East,Latin_America,6519.6,35.7,31.9,0.8936,Standard,0.962,5.2,38.0,48.9,0.5782,0.3677,1,train
Air,Latin_America,North_America,9357.3,31.4,29.9,0.9522,Urgent,0.74,33.5,17.9,8.3,0.5195,0.1347,1,train
Road,Latin_America,Latin_America,1227.3,24.3,3.7,0.1523,Standard,0.5934,21.3,19.4,7.7,0.1805,0.251,1,train
Ocean,Southeast_Asia,Europe,11034.8,401.4,216.2,0.5386,Urgent,0.658,26.4,28.1,12.9,0.2297,0.4497,1,train
Rail,North_America,Europe,5388.0,135.5,47.4,0.3498,Standard,0.8309,24.0,59.6,2.1,0.4712,0.828,1,train
Ocean,East_Asia,Latin_America,12061.6,451.5,276.3,0.612,Standard,0.8772,17.2,31.4,25.1,0.4081,0.3346,1,train
Road,North_America,North_America,907.2,28.5,23.5,0.8246,High,0.8286,41.7,55.1,19.0,0.0664,0.3335,1,train
Road,East_Asia,East_Asia,609.1,21.3,3.0,0.1408,High,0.7001,21.0,57.7,8.4,0.0531,0.6274,1,train
Road,North_America,Europe,806.3,26.7,16.0,0.5993,High,0.7721,21.6,33.0,74.8,0.401,0.6787,1,train
Air,Middle_East,Europe,4043.9,24.4,12.0,0.4918,High,0.7924,19.6,11.3,19.9,0.1596,0.081,0,train
Ocean,Europe,North_America,12318.3,462.6,410.7,0.8878,Standard,0.8079,52.6,14.3,46.1,0.1974,0.2656,1,train
Road,North_America,North_America,756.2,16.6,14.1,0.8494,Urgent,0.7962,42.0,36.3,48.2,0.1194,0.6721,1,train
Road,North_America,North_America,1392.5,32.6,29.2,0.8957,High,0.99,24.7,7.7,9.6,0.02,0.3496,0,train
Air,Latin_America,Middle_East,8534.2,33.8,16.5,0.4882,Standard,0.7461,46.3,38.8,15.4,0.7369,0.5801,1,train
Ocean,East_Asia,Middle_East,10549.2,406.9,37.4,0.0919,Standard,0.7999,68.5,51.3,50.8,0.7304,0.5517,1,train
Ocean,Europe,Latin_America,16165.0,586.9,437.2,0.7449,High,0.8063,22.4,22.4,22.1,0.3745,0.581,1,train
Ocean,Southeast_Asia,Latin_America,10813.5,418.2,91.5,0.2188,Standard,0.99,63.7,24.3,22.2,0.3237,0.8497,1,train
Road,Latin_America,Latin_America,1442.8,27.0,26.1,0.9667,High,0.867,31.2,38.2,31.3,0.2796,0.2879,1,train
Ocean,Europe,North_America,13401.3,481.2,110.7,0.23,High,0.915,39.4,16.2,33.7,0.1708,0.9409,1,train
Ocean,South_Asia,North_America,11157.7,414.5,376.0,0.9071,Standard,0.9895,21.4,83.0,27.6,0.7266,0.9735,1,train
Rail,Europe,Europe,5325.6,152.4,119.4,0.7835,Standard,0.8921,24.8,17.0,19.8,0.0975,0.8613,1,train
Ocean,South_Asia,Latin_America,8268.5,328.8,59.2,0.18,Standard,0.6589,37.1,63.2,11.4,0.3526,0.4451,1,train
Ocean,Southeast_Asia,Middle_East,15380.0,550.4,37.1,0.0674,High,0.8079,48.6,12.5,12.5,0.1619,0.813,1,train
Ocean,Southeast_Asia,Europe,12436.0,473.8,238.5,0.5034,Standard,0.7539,42.2,46.0,16.9,0.2554,0.3282,1,train
Ocean,South_Asia,Oceania,11341.6,436.2,219.2,0.5025,High,0.99,60.8,45.5,9.0,0.8211,0.8586,1,train
Ocean,East_Asia,Middle_East,11715.0,455.1,282.0,0.6196,High,0.6982,24.5,41.6,72.5,0.05,0.8178,1,train
Road,Latin_America,Europe,1144.0,21.2,12.1,0.5708,Standard,0.9276,38.8,20.0,18.4,0.1749,0.0809,0,train
Air,Europe,Middle_East,10285.4,46.0,43.5,0.9457,Standard,0.9492,30.9,86.6,22.6,0.6758,0.392,1,train
Road,Europe,Europe,1372.6,31.2,8.5,0.2724,High,0.99,29.3,25.9,43.4,0.1264,0.7737,1,train
Air,North_America,Oceania,10708.4,28.8,25.2,0.875,High,0.6672,28.2,24.5,8.0,0.4236,0.9587,1,train
Ocean,Europe,Europe,13899.2,504.9,108.5,0.2149,Standard,0.7854,31.6,35.2,20.7,0.2222,0.337,1,train
Rail,Europe,North_America,4436.2,102.6,49.5,0.4825,Standard,0.8031,47.8,43.0,28.2,0.7519,0.4959,1,train
Ocean,East_Asia,Oceania,17287.1,619.7,203.5,0.3284,High,0.8998,14.6,5.1,9.1,0.1954,0.511,1,train
Ocean,South_Asia,North_America,9091.3,373.2,108.8,0.2915,Standard,0.7703,37.8,30.9,25.4,0.4603,0.1606,1,train
Rail,Europe,East_Asia,2992.6,84.3,54.7,0.6489,Standard,0.8372,37.6,30.5,13.1,0.4273,0.8475,1,train
Ocean,South_Asia,Europe,9911.2,368.8,322.7,0.875,Standard,0.7833,42.1,47.9,42.5,0.6218,0.3689,1,train
Ocean,South_Asia,North_America,15882.5,546.1,454.8,0.8328,Standard,0.7946,54.8,22.1,37.3,0.1456,0.617,1,train
Ocean,Europe,Europe,5801.6,226.3,59.4,0.2625,Urgent,0.6761,26.0,56.4,8.2,0.0982,0.7516,1,train
Ocean,Europe,Oceania,6024.7,273.7,141.0,0.5152,Standard,0.826,25.9,15.3,10.5,0.57,0.487,1,train
Ocean,South_Asia,Europe,10443.0,384.0,253.3,0.6596,Standard,0.7353,17.4,13.4,20.0,0.05,0.25,1,train
Air,Europe,Middle_East,1721.2,14.3,14.0,0.979,High,0.99,69.1,15.7,10.5,0.5611,0.5972,1,train
Air,North_America,East_Asia,8304.7,42.4,24.0,0.566,High,0.6737,19.2,57.3,2.7,0.6728,0.6365,1,train
Rail,North_America,North_America,2613.5,83.7,77.0,0.92,High,0.8867,24.5,16.5,25.0,0.1775,0.3197,1,train
Ocean,South_Asia,Europe,9352.0,366.9,139.8,0.381,Standard,0.8708,35.3,45.4,57.9,0.249,0.4339,1,train
Road,North_America,North_America,2162.1,36.0,22.6,0.6278,Standard,0.99,38.7,65.0,20.9,0.0478,0.3632,1,train
Ocean,Europe,Europe,16654.4,606.8,148.4,0.2446,Standard,0.7876,33.3,14.5,46.4,0.1352,0.4075,1,train
Road,East_Asia,East_Asia,483.0,21.3,14.2,0.6667,Standard,0.99,26.6,39.4,32.7,0.123,0.3998,1,train
Rail,South_Asia,South_Asia,2553.5,64.3,7.5,0.1166,Standard,0.8161,25.4,52.7,8.5,0.1369,0.3543,0,train
Ocean,Southeast_Asia,North_America,9833.9,382.3,344.1,0.9001,Urgent,0.6856,42.3,24.6,17.2,0.4944,0.7302,1,train
Ocean,Europe,Oceania,11437.3,427.3,310.9,0.7276,Standard,0.8899,56.2,36.7,57.7,0.4633,0.3585,1,train
Ocean,Europe,Europe,11410.7,435.6,406.9,0.9341,Standard,0.9335,15.2,11.2,32.4,0.223,0.1345,1,train
Air,East_Asia,Middle_East,8480.1,36.8,21.0,0.5707,High,0.9417,25.1,20.3,23.6,0.3587,0.8816,1,train
Road,East_Asia,East_Asia,1265.0,27.4,6.9,0.2518,Standard,0.7842,55.0,21.8,2.3,0.0668,0.7487,1,train
Ocean,Southeast_Asia,Middle_East,15719.4,577.8,301.9,0.5225,High,0.7686,27.6,45.0,28.1,0.3119,0.1998,1,train
Road,Europe,Europe,737.6,21.9,15.4,0.7032,Standard,0.7947,39.9,55.5,95.1,0.0794,0.91,1,train
Ocean,South_Asia,North_America,3500.0,171.0,15.6,0.0912,Standard,0.9468,46.6,37.0,11.5,0.6264,0.4311,1,train
Ocean,Southeast_Asia,Latin_America,6527.7,244.2,164.7,0.6744,High,0.8967,90.9,29.5,10.0,0.5475,0.6443,1,train
Ocean,Europe,North_America,10036.8,367.2,100.3,0.2731,Standard,0.8195,61.7,18.0,4.7,0.6216,0.1842,1,train
Ocean,Southeast_Asia,North_America,14514.1,490.0,217.5,0.4439,High,0.99,65.2,18.8,17.5,0.351,0.0589,1,train
Ocean,South_Asia,Oceania,10281.9,395.7,132.0,0.3336,High,0.6438,14.9,35.7,4.9,0.2431,0.1415,1,train
Air,North_America,East_Asia,6975.4,44.4,10.6,0.2387,High,0.8641,29.6,14.9,57.2,0.2229,0.1768,1,train
Ocean,East_Asia,North_America,13814.2,518.2,375.5,0.7246,Standard,0.7421,13.9,20.2,27.0,0.6912,0.2782,1,train
Road,Latin_America,Latin_America,2026.0,41.7,36.7,0.8801,Standard,0.6622,35.2,32.4,46.8,0.1444,0.862,1,train
Ocean,East_Asia,Europe,12106.4,421.0,113.4,0.2694,Standard,0.99,9.6,66.2,18.7,0.4261,0.9029,1,train
Ocean,South_Asia,Oceania,12820.0,495.9,264.2,0.5328,High,0.8019,25.7,44.1,26.8,0.2429,0.5042,1,train
Air,Latin_America,Middle_East,10752.2,28.5,17.0,0.5965,Urgent,0.8649,27.9,50.2,16.4,0.1377,0.4968,1,train
Air,South_Asia,Middle_East,3563.6,17.1,3.4,0.1988,Urgent,0.857,51.0,11.4,4.9,0.226,0.2115,1,train
Ocean,Southeast_Asia,Latin_America,16252.0,563.7,258.6,0.4588,High,0.8424,18.6,63.7,30.8,0.4205,0.2451,1,train
Ocean,Southeast_Asia,Oceania,12784.8,460.0,369.5,0.8033,Standard,0.99,21.2,47.4,12.1,0.3428,0.5692,1,train
Road,East_Asia,North_America,624.3,13.2,12.9,0.9773,Standard,0.8797,8.4,34.5,7.9,0.2862,0.0929,0,train
Rail,Europe,Europe,6036.3,155.8,39.1,0.251,Standard,0.6052,16.4,23.1,45.5,0.1436,0.8673,1,train
Rail,South_Asia,South_Asia,3139.4,88.8,83.6,0.9414,Standard,0.99,16.1,23.6,12.6,0.1221,0.0912,0,train
Road,North_America,North_America,1027.7,27.1,9.8,0.3616,Standard,0.99,52.4,19.7,12.5,0.0866,0.5101,1,train
Rail,North_America,North_America,3242.5,105.7,83.7,0.7919,Standard,0.7883,29.9,23.3,3.4,0.02,0.2737,0,train
Ocean,East_Asia,Europe,8594.7,357.8,156.9,0.4385,High,0.99,44.6,28.9,25.7,0.4663,0.6641,1,train
Air,Latin_America,Oceania,8972.4,26.0,19.0,0.7308,Urgent,0.7712,19.3,25.6,26.8,0.2762,0.0856,1,train
Road,North_America,North_America,1511.2,30.9,4.5,0.1456,Standard,0.9062,14.0,73.3,32.9,0.0309,0.0688,1,train
Ocean,East_Asia,Europe,7590.3,317.1,138.3,0.4361,Standard,0.8215,33.1,41.9,20.6,0.5831,0.5714,1,train
Rail,South_Asia,South_Asia,3033.5,76.8,5.3,0.069,Standard,0.7292,67.2,73.6,8.5,0.1234,0.5373,1,train
Ocean,Europe,Middle_East,13848.7,523.8,106.5,0.2033,Urgent,0.7801,28.8,15.1,19.9,0.4879,0.9172,1,train
Ocean,East_Asia,Latin_America,15618.8,557.4,449.7,0.8068,Urgent,0.99,45.5,37.7,14.7,0.5628,0.7844,1,train
Air,North_America,Middle_East,7534.9,29.4,10.0,0.3401,High,0.8283,8.6,36.1,22.1,0.3466,0.7274,1,train
Rail,North_America,North_America,5830.9,161.4,153.3,0.9498,High,0.99,31.6,15.8,55.3,0.1311,0.2658,1,train
Rail,East_Asia,East_Asia,5364.7,151.5,80.3,0.53,High,0.8984,96.8,91.2,64.6,0.22,0.4777,1,train
Ocean,Europe,Europe,11142.7,427.2,312.1,0.7306,High,0.8281,28.7,71.4,49.4,0.0515,0.1787,1,train
Rail,South_Asia,North_America,2023.8,77.1,4.2,0.0545,Urgent,0.8016,46.0,30.5,40.3,0.3906,0.3619,1,train
Road,East_Asia,East_Asia,1366.7,24.4,12.5,0.5123,High,0.8445,26.2,8.9,27.1,0.1514,0.0934,0,train
Air,Latin_America,Oceania,8164.2,24.3,4.9,0.2016,Standard,0.9082,35.2,40.0,40.8,0.2983,0.2444,1,train
Ocean,Southeast_Asia,Latin_America,4649.0,198.4,99.1,0.4995,Standard,0.6173,15.7,14.5,22.1,0.5473,0.3005,1,train
Ocean,East_Asia,Oceania,13542.6,467.5,370.0,0.7914,Urgent,0.7767,33.4,29.1,55.5,0.4615,0.2432,1,train
Rail,Europe,Europe,2567.7,69.4,21.3,0.3069,Standard,0.7712,8.9,34.4,21.1,0.1344,0.6253,1,train
Rail,Europe,Europe,3454.6,92.2,67.2,0.7289,Urgent,0.8113,24.1,95.5,1.6,0.1902,0.5137,1,train
Rail,North_America,North_America,3612.6,104.1,48.3,0.464,Standard,0.4731,11.7,18.6,13.2,0.0962,0.0587,1,train
Road,East_Asia,East_Asia,1728.1,33.7,7.5,0.2226,Standard,0.7708,17.5,52.1,8.3,0.1872,0.3339,1,train
Air,Latin_America,East_Asia,4927.0,37.2,7.0,0.1882,Standard,0.99,26.9,4.2,27.9,0.539,0.2317,0,train
Ocean,Europe,Latin_America,10684.0,417.4,141.1,0.338,Standard,0.7952,40.2,21.4,21.8,0.78,0.2711,1,train
Road,North_America,North_America,868.8,25.3,15.4,0.6087,Standard,0.8822,54.4,18.3,3.2,0.0484,0.5496,0,train
Road,Latin_America,Latin_America,1267.3,28.4,11.9,0.419,Standard,0.9487,19.4,59.0,21.7,0.3171,0.4904,1,train
Ocean,Europe,Oceania,10773.8,412.6,219.8,0.5327,High,0.9358,56.2,17.2,9.6,0.5422,0.2677,1,train
Ocean,Southeast_Asia,Middle_East,14948.9,544.5,115.6,0.2123,Standard,0.6908,51.9,19.3,26.5,0.4235,0.6817,1,train
Road,Latin_America,Latin_America,1112.8,22.4,15.6,0.6964,Standard,0.7697,54.8,27.3,12.1,0.1337,0.9683,1,train
Rail,Europe,Europe,2370.7,74.3,11.1,0.1494,Standard,0.6717,31.0,18.8,15.6,0.0495,0.6649,1,train
Ocean,East_Asia,North_America,14162.3,510.1,392.5,0.7695,High,0.9429,43.5,40.2,10.8,0.6451,0.1546,1,train
Air,South_Asia,East_Asia,7183.3,31.0,7.7,0.2484,Standard,0.6777,18.5,58.1,17.0,0.3078,0.3497,1,train
Road,Latin_America,Latin_America,1579.0,36.2,34.7,0.9586,High,0.8567,42.9,52.1,25.3,0.1909,0.7164,1,train
Ocean,Southeast_Asia,Latin_America,7962.3,307.9,257.4,0.836,Standard,0.9007,11.6,32.3,55.8,0.3646,0.1828,1,train
Road,Europe,Europe,1339.3,24.5,21.0,0.8571,High,0.9192,27.7,12.0,72.6,0.1633,0.95,1,train
Air,Southeast_Asia,Middle_East,6625.4,21.3,19.3,0.9061,Standard,0.9155,15.1,35.9,20.3,0.4576,0.9353,1,train
Road,Europe,Europe,1508.3,25.9,17.9,0.6911,Standard,0.8309,44.4,16.8,39.8,0.02,0.2837,0,train
Ocean,Southeast_Asia,Latin_America,11168.1,402.1,164.7,0.4096,Standard,0.6666,41.0,80.2,39.9,0.3895,0.7757,1,train
Road,North_America,North_America,1054.1,21.7,6.9,0.318,Standard,0.8871,34.7,21.1,19.0,0.1072,0.6729,0,train
Ocean,Europe,Oceania,10432.9,416.4,292.1,0.7015,Standard,0.805,9.0,38.6,23.7,0.3227,0.8078,1,train
Ocean,South_Asia,Oceania,11766.9,418.5,182.1,0.4351,High,0.8918,41.7,50.8,43.8,0.05,0.0787,1,train
Road,East_Asia,East_Asia,1062.8,25.7,11.1,0.4319,Standard,0.9395,49.6,57.1,19.5,0.1288,0.196,1,train
Air,North_America,Oceania,10875.9,37.6,20.0,0.5319,Standard,0.9502,46.6,23.4,25.9,0.5965,0.2044,1,train
Rail,Europe,Europe,4139.4,127.1,123.1,0.9685,Standard,0.7446,35.6,46.4,22.7,0.1522,0.9408,1,train
Rail,North_America,North_America,2690.3,83.5,63.6,0.7617,High,0.99,76.7,39.4,42.9,0.1105,0.2645,1,train
Air,Latin_America,Oceania,10057.1,47.4,17.6,0.3713,High,0.8789,24.3,39.0,14.2,0.4789,0.569,1,train
Air,Europe,Oceania,5163.3,30.4,2.8,0.0921,Standard,0.845,19.2,58.8,32.3,0.6146,0.2655,1,train
Ocean,Southeast_Asia,Oceania,11638.2,454.1,29.4,0.0647,High,0.99,38.6,24.2,15.9,0.4906,0.1793,1,train
Road,East_Asia,Latin_America,531.5,12.9,5.0,0.3876,High,0.7687,27.3,61.7,5.7,0.3282,0.2681,1,train
Ocean,East_Asia,Europe,13945.2,518.7,111.0,0.214,Standard,0.7686,80.7,79.9,11.1,0.4076,0.1536,1,train
Road,Latin_America,Latin_America,740.7,19.9,10.9,0.5477,High,0.8741,100.0,28.4,11.0,0.1426,0.6175,1,train
Ocean,Southeast_Asia,North_America,9032.1,377.7,41.8,0.1107,High,0.8084,20.9,37.1,14.3,0.2884,0.5385,1,train
Rail,North_America,North_America,5081.8,118.9,42.0,0.3532,Standard,0.5829,52.3,58.3,22.9,0.0453,0.098,1,train
Rail,East_Asia,East_Asia,3074.3,91.1,66.7,0.7322,Standard,0.8451,15.1,18.6,14.3,0.1219,0.8621,1,train
Road,East_Asia,East_Asia,2242.8,37.6,13.9,0.3697,Standard,0.7941,73.1,34.7,8.3,0.0483,0.2238,1,train
Rail,East_Asia,East_Asia,3028.5,102.3,53.9,0.5269,Standard,0.6711,35.5,37.5,35.1,0.0753,0.1244,1,train
Road,Latin_America,Latin_America,2064.7,36.0,10.4,0.2889,Standard,0.7899,54.6,37.6,57.8,0.2466,0.6679,1,train
Rail,North_America,Europe,4990.6,129.2,98.2,0.7601,Standard,0.9161,55.6,12.6,53.2,0.2491,0.5823,1,train
Ocean,Europe,Latin_America,8839.6,367.2,251.1,0.6838,Standard,0.7365,21.7,24.7,9.9,0.4067,0.655,1,train
Air,East_Asia,Oceania,8790.8,35.5,25.1,0.707,High,0.7383,33.1,31.0,12.1,0.2231,0.2978,1,train
Ocean,South_Asia,Middle_East,8602.2,332.8,99.4,0.2987,Standard,0.8103,13.3,29.1,15.8,0.5062,0.5872,1,train
Road,East_Asia,East_Asia,705.9,14.6,10.3,0.7055,High,0.7847,30.0,46.9,48.0,0.231,0.125,1,train
Air,South_Asia,Oceania,6445.6,33.8,29.2,0.8639,Standard,0.7882,50.3,19.0,43.6,0.479,0.0608,1,train
Rail,South_Asia,North_America,3537.4,101.4,12.1,0.1193,Standard,0.8381,22.8,34.6,26.5,0.4784,0.4117,1,train
Ocean,Europe,Latin_America,15855.3,553.7,335.2,0.6054,Standard,0.7629,34.9,65.5,3.5,0.2987,0.4327,1,train
Ocean,Europe,Latin_America,10127.5,405.8,38.9,0.0959,High,0.6779,34.3,46.4,8.2,0.4742,0.8619,1,train
Road,North_America,North_America,1012.1,20.2,15.7,0.7772,High,0.7017,52.7,37.5,4.4,0.1616,0.8198,1,train
Ocean,Southeast_Asia,Oceania,8897.0,334.3,159.3,0.4765,High,0.787,42.0,17.9,17.0,0.98,0.248,1,train
Air,Middle_East,Oceania,2983.0,24.0,21.5,0.8958,High,0.8999,9.6,69.3,19.3,0.383,0.9478,1,train
Ocean,Southeast_Asia,Middle_East,8066.2,326.1,40.6,0.1245,High,0.8945,33.6,7.3,4.3,0.576,0.7545,1,train
Rail,East_Asia,East_Asia,3901.8,101.7,16.4,0.1613,Standard,0.99,8.8,15.4,22.7,0.1061,0.6865,1,train
Air,North_America,East_Asia,5108.5,40.5,28.1,0.6938,High,0.99,58.8,62.6,24.0,0.2024,0.6395,1,train
Ocean,South_Asia,Middle_East,7767.9,302.8,84.9,0.2804,High,0.7118,61.9,22.5,3.7,0.6217,0.857,1,train
Road,Europe,Europe,1987.2,37.2,23.3,0.6263,Urgent,0.8997,66.9,20.8,9.2,0.0971,0.0991,1,train
Ocean,Southeast_Asia,North_America,10484.2,420.4,206.9,0.4922,High,0.974,11.8,56.7,33.9,0.6241,0.46,1,train
Air,East_Asia,Oceania,3193.5,19.7,16.5,0.8376,High,0.8355,55.5,30.9,20.6,0.05,0.5345,1,train
Road,East_Asia,Europe,1120.1,26.0,10.9,0.4192,Standard,0.713,15.0,50.2,24.9,0.2784,0.9533,1,train
Air,Europe,Oceania,5110.7,41.1,7.2,0.1752,Standard,0.7884,14.2,30.5,23.3,0.6271,0.6665,1,train
Ocean,Southeast_Asia,North_America,12002.7,468.3,177.1,0.3782,High,0.7343,69.0,43.3,24.5,0.5067,0.645,1,train
Ocean,East_Asia,Europe,13482.5,513.7,274.8,0.5349,High,0.6989,80.2,51.0,30.5,0.7108,0.0995,1,train
Ocean,South_Asia,North_America,11139.3,422.4,335.9,0.7952,Standard,0.8828,29.8,21.4,43.0,0.4626,0.348,1,train
Ocean,East_Asia,North_America,7875.8,294.4,164.7,0.5594,High,0.6874,16.6,38.5,60.0,0.5916,0.8156,1,train
Ocean,South_Asia,Latin_America,11741.5,412.3,185.6,0.4502,Standard,0.5183,55.7,24.4,70.7,0.7064,0.9752,1,train
Air,North_America,East_Asia,7927.4,39.1,18.4,0.4706,Standard,0.8004,11.2,43.4,12.5,0.4771,0.7143,1,train
Air,Southeast_Asia,Middle_East,10128.5,32.8,6.9,0.2104,High,0.8094,18.1,43.4,13.7,0.3279,0.3207,1,train
Road,Europe,Europe,1269.2,22.2,17.3,0.7793,Standard,0.775,49.6,27.6,6.1,0.1761,0.1529,1,train
Air,East_Asia,North_America,5994.7,31.2,11.7,0.375,Standard,0.8638,27.2,11.8,36.1,0.4213,0.4757,1,train
Road,East_Asia,Europe,456.6,13.8,11.5,0.8333,Standard,0.9628,36.8,24.3,22.7,0.369,0.4341,1,train
Ocean,Southeast_Asia,Latin_America,12839.9,443.0,269.6,0.6086,Standard,0.6997,24.2,20.2,21.0,0.3932,0.1246,1,train
Ocean,Southeast_Asia,North_America,11544.7,449.8,178.1,0.396,Standard,0.7809,74.9,39.6,12.7,0.2093,0.2428,1,train
Road,East_Asia,East_Asia,1148.5,28.0,25.7,0.9179,High,0.8544,19.5,31.0,13.5,0.174,0.3211,0,train
Road,Europe,Europe,1225.4,21.9,9.5,0.4338,Standard,0.9192,9.9,54.7,60.8,0.1971,0.1879,1,train
Road,Europe,Europe,923.5,20.6,9.1,0.4417,Standard,0.7369,21.1,10.2,14.5,0.0621,0.7028,0,train
Ocean,East_Asia,Latin_America,12309.3,453.0,133.5,0.2947,Urgent,0.7989,11.8,6.1,4.9,0.2211,0.8929,1,train
Ocean,Europe,Latin_America,13467.7,514.6,185.4,0.3603,Urgent,0.8132,11.1,30.4,13.0,0.3048,0.1645,1,train
Ocean,South_Asia,Middle_East,7314.6,307.6,28.3,0.092,High,0.7789,100.0,39.4,4.2,0.4472,0.5918,1,train
Road,East_Asia,East_Asia,833.4,27.6,20.5,0.7428,Urgent,0.8346,29.3,56.9,34.8,0.1885,0.4888,1,train
Air,East_Asia,North_America,6829.0,31.5,28.4,0.9016,Standard,0.7982,56.6,22.9,25.2,0.6826,0.6877,1,train
Ocean,South_Asia,Latin_America,11310.4,402.2,366.7,0.9117,Urgent,0.8918,46.0,26.6,15.0,0.2681,0.9095,1,train
Ocean,Europe,Oceania,12188.0,423.9,40.1,0.0946,High,0.99,66.3,33.6,51.9,0.1088,0.0843,1,train
Road,East_Asia,East_Asia,2253.2,46.2,18.3,0.3961,Standard,0.7367,13.1,26.2,13.4,0.072,0.2996,0,train
Air,East_Asia,Oceania,8643.6,24.8,2.5,0.1008,Standard,0.9229,64.3,50.8,7.1,0.484,0.3836,1,train
Road,Latin_America,Latin_America,150.0,17.7,11.2,0.6328,High,0.8936,40.7,11.0,26.6,0.2058,0.4271,1,train
Ocean,Europe,Europe,11585.3,442.9,333.8,0.7537,High,0.73,39.0,51.0,4.3,0.2467,0.9799,1,train
Rail,South_Asia,South_Asia,4270.7,111.1,59.8,0.5383,High,0.99,31.5,31.6,9.7,0.2086,0.2797,0,train
Rail,North_America,North_America,2703.8,76.8,35.7,0.4648,High,0.8829,12.4,11.3,41.4,0.135,0.7523,1,train
Road,North_America,North_America,2020.8,36.1,19.4,0.5374,Standard,0.7395,38.9,26.3,27.6,0.0889,0.9367,1,train
Ocean,Europe,North_America,11798.5,456.9,255.3,0.5588,Urgent,0.7873,13.1,23.6,8.6,0.4391,0.4901,1,train
Ocean,Europe,Europe,13176.5,478.3,264.5,0.553,Standard,0.929,32.3,62.2,66.8,0.0999,0.7019,1,train
Rail,East_Asia,Europe,6091.7,162.8,79.4,0.4877,High,0.8036,43.9,32.7,17.8,0.8371,0.4981,1,train
Ocean,Southeast_Asia,Middle_East,14155.8,500.2,165.5,0.3309,Standard,0.8179,35.9,30.8,60.4,0.5807,0.9115,1,train
Ocean,East_Asia,Europe,5455.3,262.3,97.6,0.3721,Standard,0.9159,63.7,19.4,40.5,0.379,0.7106,1,train
Ocean,Southeast_Asia,Europe,10616.8,382.1,148.6,0.3889,Standard,0.8379,22.8,19.6,26.2,0.1976,0.3502,1,train
Ocean,East_Asia,Latin_America,11663.1,450.3,375.4,0.8337,Standard,0.5447,65.0,30.4,25.6,0.4839,0.4549,1,train
Ocean,South_Asia,Middle_East,7562.3,330.3,28.5,0.0863,Standard,0.757,38.3,42.4,47.5,0.4765,0.219,1,train
Ocean,South_Asia,Europe,8398.2,343.2,25.5,0.0743,High,0.8082,63.6,11.6,15.9,0.6121,0.3464,1,train
Ocean,East_Asia,Latin_America,11310.6,390.2,125.6,0.3219,Standard,0.8438,21.2,24.8,26.0,0.5844,0.6815,1,train
Rail,Europe,North_America,1290.9,47.0,37.2,0.7915,Standard,0.7972,42.4,38.9,24.0,0.4773,0.2443,1,train
Air,Latin_America,North_America,6861.4,34.8,3.2,0.092,Urgent,0.9005,35.0,13.0,18.6,0.3615,0.6775,1,train
Air,Europe,Middle_East,6402.4,24.4,4.3,0.1762,Standard,0.8237,67.6,18.0,3.9,0.631,0.8565,1,train
Rail,North_America,Europe,2871.2,78.3,27.1,0.3461,High,0.9449,44.7,25.4,17.6,0.5457,0.5086,1,train
Ocean,Europe,Latin_America,10865.3,421.1,107.9,0.2562,Standard,0.7923,73.1,24.2,12.2,0.3605,0.1495,1,train
Air,Europe,Latin_America,2458.6,17.6,9.5,0.5398,Standard,0.7547,20.0,100.0,31.2,0.561,0.9442,1,train
Ocean,East_Asia,Middle_East,6130.8,229.7,141.7,0.6169,High,0.8289,15.3,21.0,5.5,0.6304,0.659,1,train
Rail,South_Asia,South_Asia,5229.8,142.8,15.0,0.105,Urgent,0.99,46.2,18.4,31.3,0.1284,0.5139,1,train
Rail,East_Asia,Europe,1534.1,45.9,13.5,0.2941,Standard,0.8788,43.9,48.1,27.2,0.6657,0.5319,1,train
Road,North_America,Europe,1674.8,35.6,33.3,0.9354,Standard,0.7728,72.7,40.1,28.9,0.3712,0.8778,1,train
Ocean,Southeast_Asia,Europe,11042.2,395.0,68.1,0.1724,High,0.8748,15.3,43.4,39.4,0.4257,0.595,1,train
Air,North_America,Europe,9195.8,29.8,21.6,0.7248,Standard,0.7827,93.8,21.3,35.5,0.4179,0.9303,1,train
Ocean,East_Asia,North_America,6321.1,250.7,44.9,0.1791,Urgent,0.99,30.1,24.3,52.1,0.6442,0.9403,1,train
Air,North_America,Latin_America,6097.8,31.4,24.4,0.7771,High,0.937,6.2,48.3,8.8,0.3701,0.3302,1,train
Road,Europe,Europe,1577.8,36.7,33.6,0.9155,Standard,0.9036,6.8,49.0,21.9,0.1615,0.0783,0,train
Ocean,Europe,Oceania,12769.5,459.1,33.4,0.0728,High,0.7649,29.2,39.5,9.0,0.4163,0.4334,1,train
Ocean,Southeast_Asia,Oceania,14703.9,513.9,286.0,0.5565,High,0.8234,35.8,32.8,18.4,0.3143,0.8782,1,train
Ocean,South_Asia,Middle_East,12203.2,421.9,179.4,0.4252,Standard,0.8456,26.6,21.3,64.5,0.6374,0.6821,1,train
Rail,East_Asia,North_America,4908.3,122.8,27.1,0.2207,High,0.7382,32.5,36.8,32.7,0.4256,0.3837,1,train
Rail,East_Asia,Europe,3147.7,89.0,23.9,0.2685,Standard,0.758,30.7,25.9,29.5,0.3011,0.6259,1,train
Air,Southeast_Asia,North_America,10585.5,35.1,28.0,0.7977,Standard,0.7321,9.1,19.0,39.2,0.545,0.1467,1,train
Rail,North_America,North_America,4494.9,106.7,25.7,0.2409,Standard,0.8547,5.4,52.2,21.3,0.0713,0.2914,0,train
Road,East_Asia,East_Asia,1349.0,33.6,30.4,0.9048,Standard,0.8844,83.9,27.6,52.3,0.0855,0.537,1,train
Rail,Europe,Europe,3368.0,88.0,22.4,0.2545,Urgent,0.8047,29.4,62.3,13.6,0.1161,0.3238,1,train
Road,Latin_America,Latin_America,2136.8,38.4,15.9,0.4141,Standard,0.873,36.7,32.0,57.9,0.1128,0.3118,1,train
Ocean,Europe,Europe,9961.2,400.1,229.3,0.5731,Urgent,0.6941,48.5,34.5,28.2,0.0988,0.7311,1,train
Road,Latin_America,Latin_America,1665.4,34.4,28.1,0.8169,Standard,0.9207,62.7,20.3,76.2,0.2431,0.413,1,train
Ocean,Europe,Europe,3500.0,151.2,103.6,0.6852,Standard,0.7782,28.6,32.4,50.6,0.1456,0.6285,1,train
Air,Europe,North_America,8293.5,42.6,25.5,0.5986,Standard,0.7953,14.5,78.8,14.4,0.5731,0.111,1,train
Air,North_America,Europe,7757.8,45.6,14.6,0.3202,Urgent,0.9333,10.6,18.8,27.2,0.3492,0.4571,1,train
Ocean,Southeast_Asia,Middle_East,12774.7,458.5,64.9,0.1415,High,0.8602,60.9,26.4,7.9,0.9134,0.8605,1,train
Rail,East_Asia,East_Asia,1423.0,65.1,61.2,0.9401,High,0.858,30.4,13.1,20.3,0.1168,0.1461,0,train
Road,North_America,Europe,2255.8,43.1,42.0,0.9745,High,0.8037,38.6,41.1,40.9,0.3649,0.4208,1,train
Ocean,Europe,North_America,9771.7,366.1,174.1,0.4756,Standard,0.9303,33.2,20.0,25.0,0.17,0.4743,1,train
Air,South_Asia,Oceania,8497.7,33.9,19.0,0.5605,Standard,0.8284,62.0,53.9,19.4,0.4873,0.228,1,train
Air,South_Asia,North_America,5368.5,42.2,25.0,0.5924,Standard,0.8156,33.8,21.7,54.6,0.6176,0.6223,1,train
Road,East_Asia,East_Asia,1471.5,26.6,25.7,0.9662,Urgent,0.9246,21.1,13.6,58.5,0.2119,0.5155,1,train
Road,North_America,North_America,1596.8,29.9,18.3,0.612,Standard,0.9024,51.3,71.0,33.0,0.2173,0.3153,1,train
Ocean,Southeast_Asia,Oceania,10577.8,386.3,222.0,0.5747,Standard,0.99,43.3,26.3,11.6,0.4777,0.0718,1,train
Ocean,Southeast_Asia,Europe,15089.1,548.3,404.3,0.7374,Urgent,0.7575,19.2,59.0,45.4,0.6265,0.5141,1,train
Ocean,Europe,North_America,10920.1,380.0,273.1,0.7187,Standard,0.7174,23.2,22.9,14.6,0.3847,0.9404,1,train
Rail,North_America,North_America,4584.7,130.5,35.5,0.272,Standard,0.7898,22.5,19.2,38.5,0.1759,0.5286,1,train
Road,East_Asia,East_Asia,845.0,18.4,8.1,0.4402,High,0.99,35.2,54.6,16.0,0.1418,0.7345,1,train
Ocean,East_Asia,Latin_America,10051.0,358.8,319.9,0.8916,Standard,0.7641,66.4,34.0,22.8,0.578,0.4809,1,train
Ocean,Europe,Europe,11826.9,441.2,187.5,0.425,Standard,0.9057,33.2,25.4,25.9,0.0726,0.7114,1,train
Air,Southeast_Asia,North_America,8417.2,30.8,13.6,0.4416,Standard,0.8198,16.0,34.0,50.0,0.2842,0.1013,1,train
Rail,Europe,Europe,5031.0,120.1,25.9,0.2157,Standard,0.9129,22.7,41.9,26.6,0.1416,0.2657,1,train
Road,Europe,Europe,1524.2,35.2,7.2,0.2045,Urgent,0.99,19.4,28.3,16.8,0.1134,0.2295,0,train
Air,Southeast_Asia,North_America,4980.6,24.0,20.3,0.8458,Urgent,0.8764,22.8,41.6,28.9,0.5468,0.1491,1,train
Ocean,Europe,Middle_East,11837.9,442.8,261.7,0.591,Standard,0.99,33.0,7.0,28.3,0.6692,0.8357,1,train
Ocean,Southeast_Asia,Latin_America,7059.3,267.3,86.3,0.3229,Standard,0.82,28.7,64.3,30.8,0.3624,0.7839,1,train
Ocean,Southeast_Asia,North_America,9939.1,386.5,222.5,0.5757,Standard,0.899,60.7,53.0,39.6,0.5491,0.6307,1,train
Ocean,East_Asia,Europe,11810.0,429.2,385.3,0.8977,Standard,0.8625,16.8,35.7,19.5,0.3686,0.056,1,train
Road,East_Asia,East_Asia,995.1,26.9,4.7,0.1747,Urgent,0.9116,20.1,8.5,34.7,0.1973,0.5316,0,train
Ocean,South_Asia,Oceania,12249.9,437.1,197.1,0.4509,Standard,0.8187,43.8,30.2,15.8,0.05,0.6599,1,train
Air,East_Asia,Oceania,6530.3,29.4,28.0,0.9524,Standard,0.9187,99.1,22.5,37.5,0.6213,0.6478,1,train
Ocean,South_Asia,Middle_East,14837.6,534.1,39.6,0.0741,Urgent,0.7942,18.0,13.9,36.7,0.4245,0.1897,1,train
Air,Latin_America,Oceania,6013.4,32.5,7.8,0.24,High,0.789,43.9,38.5,12.3,0.3279,0.5021,1,train
Ocean,East_Asia,Middle_East,5501.4,253.4,114.8,0.453,Standard,0.7225,49.0,58.7,43.5,0.3537,0.7588,1,train
Ocean,Europe,North_America,9486.1,371.8,111.2,0.2991,Standard,0.7515,36.4,7.5,14.4,0.5313,0.379,1,train
Road,Europe,Europe,863.9,27.5,14.4,0.5236,Standard,0.99,60.5,35.7,39.2,0.0798,0.4307,1,train
Road,Latin_America,Europe,1536.6,35.0,12.8,0.3657,High,0.7009,32.0,56.1,6.8,0.2005,0.6805,1,train
Ocean,Southeast_Asia,Middle_East,10886.9,379.3,69.6,0.1835,Standard,0.6195,41.9,43.9,64.4,0.4846,0.5526,1,train
Rail,North_America,North_America,3251.8,92.5,60.6,0.6551,High,0.99,52.3,64.7,64.2,0.1122,0.9162,1,train
Rail,East_Asia,East_Asia,4972.6,142.3,19.6,0.1377,Standard,0.6775,29.2,68.5,34.2,0.219,0.6317,1,train
Air,South_Asia,North_America,8378.4,31.2,29.7,0.9519,Urgent,0.672,21.2,13.2,15.6,0.2539,0.1362,1,train
Ocean,South_Asia,Latin_America,6349.9,250.7,166.0,0.6621,High,0.8247,40.6,21.6,56.7,0.3075,0.6206,1,train
Ocean,Southeast_Asia,North_America,8343.9,326.7,93.9,0.2874,Standard,0.9694,15.2,41.8,12.0,0.5292,0.5678,1,train
Air,Europe,East_Asia,10989.2,41.5,20.2,0.4867,High,0.6892,59.3,19.1,26.9,0.5417,0.6804,1,train
Ocean,Europe,Latin_America,8971.5,349.3,37.5,0.1074,Standard,0.7995,45.3,23.7,35.7,0.9188,0.7355,1,train
Air,Europe,East_Asia,4264.1,35.8,31.6,0.8827,Standard,0.6913,9.1,47.8,44.2,0.3546,0.1654,1,train
Ocean,South_Asia,Middle_East,6782.5,264.7,171.0,0.646,Urgent,0.9571,16.2,15.3,7.7,0.5148,0.8048,1,train
Air,East_Asia,Latin_America,6701.4,27.0,17.9,0.663,Standard,0.639,18.0,46.2,31.9,0.3413,0.8568,1,train
Air,Europe,Middle_East,9130.1,43.0,23.7,0.5512,Standard,0.6763,34.9,50.6,36.1,0.6075,0.9437,1,train
Air,North_America,East_Asia,8070.7,28.8,17.4,0.6042,Urgent,0.8785,19.1,67.2,11.1,0.05,0.5868,1,train
Road,East_Asia,East_Asia,1680.8,34.2,8.9,0.2602,Standard,0.99,18.3,72.4,8.4,0.1496,0.3636,0,train
Ocean,Southeast_Asia,Middle_East,13356.1,511.4,172.0,0.3363,Standard,0.9137,19.3,36.0,7.8,0.3589,0.8535,1,train
Ocean,Europe,Europe,10802.0,410.7,394.0,0.9593,Standard,0.99,15.2,29.8,23.2,0.1199,0.1706,0,train
Ocean,South_Asia,Europe,10802.4,395.2,77.8,0.1969,Standard,0.943,24.0,27.5,52.3,0.2351,0.3981,1,train
Air,Middle_East,Europe,11406.3,47.4,34.8,0.7342,Standard,0.8181,10.8,34.3,8.7,0.4073,0.282,1,train
Rail,Europe,Europe,7137.3,156.0,98.7,0.6327,Standard,0.8416,3.4,26.9,35.5,0.1185,0.8251,1,train
Ocean,Southeast_Asia,Oceania,10249.4,392.0,229.3,0.5849,Standard,0.8225,61.0,31.2,48.2,0.5804,0.9324,1,train
Ocean,East_Asia,Latin_America,8637.1,357.5,234.2,0.6551,Urgent,0.7594,18.2,49.9,17.5,0.3612,0.6085,1,train
Ocean,Europe,Middle_East,12165.1,452.7,229.1,0.5061,Standard,0.7244,100.0,34.2,33.3,0.5357,0.3945,1,train
Air,North_America,Middle_East,10965.0,35.8,26.0,0.7263,Standard,0.6865,19.0,51.1,45.8,0.6377,0.5875,1,train
Rail,Europe,Europe,2390.8,82.2,28.6,0.3479,High,0.8945,18.7,19.3,37.1,0.1539,0.4612,1,train
Rail,South_Asia,South_Asia,3180.1,111.2,67.5,0.607,Standard,0.8216,13.8,45.6,11.5,0.02,0.2937,1,train
Road,East_Asia,Latin_America,1768.4,31.4,30.5,0.9713,Standard,0.99,42.5,90.2,28.8,0.3529,0.1674,1,train
Air,Southeast_Asia,North_America,3879.9,25.6,4.1,0.1602,Standard,0.872,27.5,29.9,19.5,0.3809,0.4057,1,train
Ocean,Europe,North_America,10886.8,408.6,77.3,0.1892,Standard,0.8828,20.5,56.4,24.7,0.2925,0.3195,1,train
Road,Latin_America,Latin_America,1632.0,34.8,10.2,0.2931,High,0.8708,41.6,73.5,12.1,0.1333,0.9678,1,train
Ocean,Southeast_Asia,Oceania,14787.7,550.9,282.4,0.5126,Standard,0.8466,29.7,21.5,6.2,0.1367,0.6754,1,train
Road,Europe,North_America,1734.2,36.4,9.1,0.25,Urgent,0.8714,15.6,9.4,60.2,0.4572,0.905,1,train
Ocean,Europe,Middle_East,4730.3,193.1,75.0,0.3884,High,0.8525,15.0,3.8,26.1,0.4872,0.7151,1,train
Road,East_Asia,North_America,1018.4,28.0,19.3,0.6893,High,0.8306,12.6,21.2,19.1,0.4849,0.2973,1,train
Ocean,Europe,North_America,13617.3,513.2,453.2,0.8831,Standard,0.6006,15.3,21.7,7.2,0.4263,0.1201,1,train
Road,Europe,Europe,1301.5,26.8,2.6,0.097,Standard,0.7597,12.2,61.0,35.6,0.1398,0.4127,1,train
Ocean,East_Asia,Middle_East,9886.9,360.3,61.2,0.1699,Standard,0.99,17.9,5.2,15.5,0.4142,0.0526,0,train
Ocean,Europe,Latin_America,9650.1,355.4,220.4,0.6201,High,0.6699,18.0,96.2,25.3,0.5148,0.416,1,train
Rail,North_America,East_Asia,5836.9,138.6,79.6,0.5743,Standard,0.7698,9.0,46.9,38.2,0.4196,0.2911,1,train
Rail,East_Asia,East_Asia,2478.4,62.2,30.9,0.4968,Urgent,0.8853,79.0,51.4,60.3,0.125,0.9033,1,train
Ocean,Europe,Oceania,10451.3,381.1,24.0,0.063,Urgent,0.8622,37.4,30.1,49.5,0.2455,0.4092,1,train
Ocean,Southeast_Asia,Middle_East,7371.6,290.9,177.5,0.6102,High,0.7946,28.8,43.7,31.7,0.5018,0.3786,1,train
Road,North_America,Latin_America,1759.2,39.2,20.9,0.5332,Standard,0.925,85.6,74.5,24.1,0.3863,0.6726,1,train
Ocean,Europe,Latin_America,12868.9,485.4,156.4,0.3222,Standard,0.8051,39.4,100.0,44.4,0.5448,0.8535,1,train
Air,Europe,Oceania,9361.3,26.3,18.0,0.6844,Standard,0.8299,64.7,21.3,26.6,0.2502,0.5894,1,train
Ocean,Southeast_Asia,Latin_America,13811.0,513.7,280.0,0.5451,High,0.7247,19.4,100.0,43.5,0.4582,0.3369,1,train
Air,North_America,Latin_America,7319.0,27.6,15.6,0.5652,Standard,0.7248,29.9,22.6,20.2,0.5138,0.1511,1,train
Air,North_America,Oceania,5919.8,24.2,15.1,0.624,Standard,0.99,13.0,26.8,10.8,0.5852,0.8651,1,train
Air,Middle_East,East_Asia,6815.7,24.1,14.8,0.6141,Urgent,0.8974,14.6,52.0,33.2,0.2874,0.6943,1,train
Ocean,East_Asia,Middle_East,13722.0,469.3,258.7,0.5512,Standard,0.7332,37.7,22.6,27.0,0.6232,0.6999,1,train
Ocean,Southeast_Asia,North_America,9345.1,374.4,127.7,0.3411,Standard,0.8615,11.9,32.5,14.3,0.2392,0.4499,1,train
Ocean,Europe,Oceania,11412.1,410.2,265.2,0.6465,High,0.7608,35.3,83.5,21.5,0.6033,0.7142,1,train
Air,Southeast_Asia,North_America,9274.7,43.6,27.0,0.6193,High,0.9161,31.6,9.1,24.0,0.7262,0.1522,1,train
Road,Europe,Europe,969.0,22.5,4.5,0.2,Urgent,0.7694,30.0,37.5,17.4,0.2426,0.6443,1,train
Rail,South_Asia,Europe,4247.3,97.0,88.8,0.9155,High,0.6681,40.8,63.3,59.4,0.4462,0.1819,1,train
Rail,South_Asia,Europe,5534.4,150.0,13.4,0.0893,Standard,0.9472,65.6,10.5,16.0,0.2707,0.7776,1,train
Air,North_America,Latin_America,6346.1,33.2,14.8,0.4458,Standard,0.99,11.8,36.3,38.6,0.3024,0.5293,1,train
Road,Europe,Europe,1045.2,20.4,10.7,0.5245,Urgent,0.99,28.3,61.3,22.6,0.2588,0.3609,1,train
Ocean,East_Asia,Latin_America,9599.1,342.2,304.3,0.8892,High,0.7846,25.5,28.9,46.9,0.6156,0.1011,1,train
Air,Europe,Latin_America,9364.9,37.3,20.8,0.5576,High,0.8142,83.5,67.6,26.6,0.3925,0.9256,1,train
Ocean,Europe,Europe,10173.0,409.1,322.1,0.7873,Standard,0.7639,21.5,16.3,11.6,0.0737,0.5684,1,train
Ocean,East_Asia,North_America,11009.5,435.3,143.7,0.3301,Standard,0.6466,47.2,27.3,17.9,0.6631,0.1156,1,train
Ocean,East_Asia,Middle_East,13449.2,473.9,218.0,0.46,Standard,0.8732,46.5,20.6,14.8,0.2981,0.7672,1,train
Air,Latin_America,Oceania,8227.2,45.8,42.6,0.9301,High,0.8752,28.4,57.5,28.4,0.3072,0.7297,1,train
Air,East_Asia,Europe,9263.5,47.9,6.3,0.1315,Standard,0.8897,38.5,40.1,15.7,0.2294,0.6949,1,train
Rail,Europe,Europe,1497.1,50.5,41.9,0.8297,Standard,0.8274,32.5,14.7,24.3,0.3197,0.7849,1,train
Rail,South_Asia,South_Asia,4575.9,103.8,78.9,0.7601,Standard,0.8446,26.1,10.4,18.2,0.1214,0.789,1,train
Ocean,Europe,North_America,8569.1,348.7,269.2,0.772,Standard,0.99,35.2,20.1,14.1,0.3514,0.4562,1,train
Air,Southeast_Asia,Oceania,5806.7,32.4,24.3,0.75,Standard,0.8664,69.9,43.7,18.8,0.5221,0.3507,1,train
Road,North_America,North_America,918.3,29.1,5.8,0.1993,High,0.7636,30.5,14.7,21.7,0.2674,0.6442,1,train
Ocean,South_Asia,Oceania,14258.5,517.1,444.3,0.8592,High,0.9302,29.1,28.6,67.5,0.6194,0.7627,1,train
Air,Europe,East_Asia,2950.1,19.4,2.8,0.1443,Urgent,0.99,27.3,4.5,94.8,0.5051,0.2944,1,train
Rail,South_Asia,Europe,4671.5,118.3,115.2,0.9738,Standard,0.9634,14.1,55.4,16.8,0.5638,0.5331,1,train
Rail,East_Asia,East_Asia,1883.6,64.6,60.2,0.9319,High,0.9385,13.1,25.5,49.7,0.089,0.3264,0,train
Rail,South_Asia,South_Asia,1780.7,50.1,14.7,0.2934,Standard,0.8227,15.7,19.0,17.8,0.2054,0.9339,1,train
Rail,Europe,Europe,4736.7,122.1,95.8,0.7846,Standard,0.6208,29.8,34.4,37.7,0.0398,0.5481,1,train
Ocean,East_Asia,Middle_East,10128.6,362.9,308.5,0.8501,High,0.8643,34.7,24.0,23.1,0.4498,0.7733,1,train
Ocean,Southeast_Asia,Latin_America,9810.8,362.0,227.7,0.629,Standard,0.8272,16.7,43.4,17.8,0.5073,0.9424,1,train
Air,North_America,Latin_America,8184.1,45.4,21.9,0.4824,Urgent,0.7054,27.5,29.5,29.5,0.3876,0.3152,1,train
Ocean,Southeast_Asia,Latin_America,7084.8,306.8,32.9,0.1072,Standard,0.8415,22.1,32.5,37.8,0.1757,0.112,1,train
Ocean,Southeast_Asia,Oceania,14728.8,552.2,429.1,0.7771,Standard,0.9099,45.2,88.9,24.3,0.6737,0.5796,1,train
Ocean,Europe,Oceania,11359.5,414.0,375.6,0.9072,Standard,0.99,87.5,23.4,23.2,0.0868,0.313,1,train
Road,North_America,North_America,1437.8,32.7,26.5,0.8104,Standard,0.99,20.4,43.1,29.0,0.0791,0.32,0,train
Road,North_America,North_America,381.9,11.4,1.9,0.1667,Standard,0.9729,47.8,31.3,23.6,0.2012,0.8946,1,train
Ocean,South_Asia,Oceania,12428.6,459.5,244.0,0.531,Standard,0.9207,19.1,29.0,15.0,0.555,0.5641,1,train
Ocean,East_Asia,Latin_America,8867.9,327.1,93.2,0.2849,Standard,0.8674,28.8,12.3,17.7,0.4672,0.2925,1,train
Air,Southeast_Asia,North_America,6355.1,28.6,23.2,0.8112,Standard,0.99,30.6,17.5,35.5,0.2981,0.6126,1,train
Ocean,Southeast_Asia,North_America,9087.2,351.8,257.8,0.7328,High,0.766,31.1,10.2,17.9,0.5915,0.0798,1,train
Ocean,Southeast_Asia,Oceania,10022.1,375.8,282.4,0.7515,Urgent,0.9208,3.8,32.4,22.9,0.5861,0.9384,1,train
Road,East_Asia,East_Asia,413.6,19.0,17.2,0.9053,Standard,0.99,16.7,22.4,25.1,0.1018,0.1771,0,train
Road,East_Asia,East_Asia,2217.7,42.4,34.2,0.8066,Standard,0.6021,16.8,58.7,53.2,0.159,0.3971,1,train
Air,Europe,Middle_East,3887.4,38.5,30.8,0.8,Standard,0.8928,8.5,9.5,25.6,0.3756,0.1711,0,train
Air,Latin_America,Europe,7616.6,31.8,28.2,0.8868,Standard,0.7323,30.8,58.6,6.3,0.1727,0.9063,1,train
Ocean,East_Asia,Europe,9987.8,361.8,160.1,0.4425,High,0.8534,18.4,35.1,11.5,0.6693,0.5214,1,train
Ocean,Europe,Oceania,13009.0,494.6,231.0,0.467,Standard,0.7046,29.2,36.1,8.3,0.4502,0.2223,1,train
Air,East_Asia,Oceania,7738.7,24.9,7.8,0.3133,Standard,0.6253,16.8,16.2,11.0,0.4877,0.0721,1,train
Road,Europe,Europe,1190.0,31.1,27.6,0.8875,Standard,0.8009,24.5,87.9,8.0,0.125,0.0603,1,train
Air,South_Asia,Oceania,10805.7,36.4,25.2,0.6923,Urgent,0.8368,38.7,17.4,26.3,0.3303,0.4445,1,train
Ocean,South_Asia,Oceania,4969.0,213.7,147.5,0.6902,Standard,0.756,29.9,60.3,75.9,0.2548,0.3211,1,train
Ocean,South_Asia,Europe,8967.6,356.8,100.0,0.2803,Standard,0.99,21.3,11.4,19.5,0.5704,0.9435,1,train
Air,Middle_East,Latin_America,6586.0,21.3,16.9,0.7934,High,0.99,27.6,51.5,65.4,0.2227,0.866,1,train
Ocean,South_Asia,Oceania,7932.4,303.1,29.6,0.0977,Standard,0.959,10.9,6.1,13.3,0.2865,0.508,1,train
Road,Latin_America,Latin_America,1721.5,29.6,26.9,0.9088,Standard,0.8405,41.1,13.1,66.3,0.1574,0.7289,1,train
Ocean,Europe,Middle_East,10381.9,390.2,218.2,0.5592,Standard,0.9289,20.2,49.3,20.2,0.1198,0.9747,1,train
Ocean,Europe,Middle_East,8113.4,326.4,29.0,0.0888,Standard,0.7769,7.8,7.7,29.7,0.3257,0.3765,1,train
Air,Southeast_Asia,Oceania,6318.5,38.5,22.1,0.574,Standard,0.99,8.2,28.7,23.7,0.7415,0.6343,1,train
Rail,East_Asia,East_Asia,2190.2,66.4,52.6,0.7922,Standard,0.7047,86.4,17.3,22.0,0.2014,0.76,1,train
Air,South_Asia,Europe,11571.9,45.0,17.9,0.3978,Standard,0.8563,30.9,57.8,18.3,0.7575,0.973,1,train
Ocean,East_Asia,Latin_America,15320.1,568.8,28.5,0.0501,Standard,0.7013,37.9,18.6,10.2,0.5075,0.569,1,train
Ocean,Europe,Europe,14009.7,524.8,45.1,0.0859,Standard,0.9408,19.0,42.0,63.7,0.1416,0.2161,1,train
Ocean,East_Asia,Europe,8838.5,338.0,284.2,0.8408,Urgent,0.8955,34.2,19.5,15.8,0.6285,0.2378,1,train
Air,Europe,Oceania,9625.2,25.6,21.5,0.8398,Standard,0.815,11.6,27.2,13.5,0.3201,0.7374,1,train
Road,Latin_America,Latin_America,620.5,18.8,9.1,0.484,High,0.9869,39.7,11.9,15.1,0.1557,0.6522,1,train
Ocean,South_Asia,Latin_America,8779.1,310.8,205.5,0.6612,High,0.9633,13.8,9.9,7.5,0.5315,0.4644,1,train
Ocean,South_Asia,Middle_East,10846.9,398.0,273.6,0.6874,Standard,0.7278,54.7,87.1,10.7,0.7425,0.3196,1,train
Air,Europe,Oceania,7650.8,45.1,24.6,0.5455,Standard,0.7841,52.0,32.3,23.1,0.3919,0.496,1,train
Ocean,South_Asia,Latin_America,9492.9,343.2,135.2,0.3939,Standard,0.8132,27.2,11.9,21.7,0.3754,0.2431,1,train
Ocean,South_Asia,Latin_America,11556.2,400.9,103.4,0.2579,Standard,0.8877,68.5,32.9,39.3,0.98,0.7386,1,train
Road,Europe,Europe,1766.8,31.3,8.2,0.262,Standard,0.99,23.2,46.5,42.5,0.2131,0.6848,1,train
Ocean,Europe,Latin_America,7866.5,319.3,111.0,0.3476,Urgent,0.8254,55.7,52.1,30.8,0.3882,0.7435,1,train
Air,East_Asia,Europe,8486.2,41.6,15.6,0.375,Standard,0.9299,40.0,81.4,27.8,0.5033,0.1353,1,train
Road,East_Asia,East_Asia,1019.6,22.7,18.4,0.8106,High,0.9135,54.4,46.9,85.2,0.1643,0.08,1,train
Air,Southeast_Asia,Latin_America,12811.4,37.3,33.1,0.8874,Standard,0.5948,18.7,20.9,10.7,0.3274,0.3909,1,train
Ocean,Southeast_Asia,North_America,11750.9,444.0,267.8,0.6032,High,0.7836,40.8,44.3,35.8,0.4277,0.6249,1,train
Ocean,South_Asia,Oceania,6618.5,281.4,175.5,0.6237,Standard,0.8691,26.6,66.3,21.0,0.3014,0.7955,1,train
Rail,North_America,North_America,1953.1,54.7,26.2,0.479,High,0.7583,18.7,34.3,31.8,0.1736,0.6461,1,train
Ocean,East_Asia,Europe,10241.0,367.4,224.6,0.6113,Urgent,0.8194,25.2,25.2,24.0,0.5582,0.7124,1,train
Air,Latin_America,North_America,3935.7,18.9,18.4,0.9735,Standard,0.7516,5.9,28.6,32.0,0.6167,0.7465,1,train
Air,Latin_America,North_America,10124.0,30.4,12.0,0.3947,High,0.883,9.4,24.4,16.0,0.5866,0.3051,1,train
Air,North_America,East_Asia,3403.0,24.1,11.6,0.4813,Standard,0.9615,35.7,24.0,8.2,0.271,0.7346,1,train
Ocean,East_Asia,Europe,13124.4,489.8,264.4,0.5398,Standard,0.99,36.5,17.9,15.7,0.3927,0.7197,1,train
Road,Latin_America,Latin_America,1085.6,22.6,14.7,0.6504,Standard,0.99,50.9,25.8,15.0,0.054,0.5335,1,train
Road,Latin_America,Europe,1218.9,25.5,22.7,0.8902,High,0.9146,58.4,24.2,27.6,0.5695,0.1491,1,train
Road,Latin_America,Europe,1736.8,37.5,5.2,0.1387,Standard,0.7734,33.9,43.9,1.2,0.1947,0.0777,1,train
Rail,South_Asia,South_Asia,1892.7,75.1,26.3,0.3502,Urgent,0.93,13.3,56.5,17.3,0.1867,0.4689,0,train
Rail,Europe,Europe,5443.5,138.8,10.7,0.0771,High,0.9093,23.6,40.2,16.1,0.2451,0.1974,1,train
Air,Latin_America,Oceania,6706.0,21.2,6.0,0.283,Standard,0.772,16.3,85.7,29.8,0.4626,0.6916,1,train
Road,North_America,North_America,943.6,23.6,12.6,0.5339,Standard,0.99,60.3,51.2,38.3,0.1663,0.9238,1,train
Ocean,South_Asia,Europe,11763.8,459.5,314.2,0.6838,Standard,0.8621,32.8,29.7,48.5,0.5593,0.479,1,train
Ocean,Europe,Latin_America,10113.5,393.7,221.8,0.5634,High,0.99,47.6,26.5,63.2,0.6402,0.3523,1,train
Road,East_Asia,East_Asia,2285.5,42.4,5.9,0.1392,Standard,0.742,19.6,36.4,11.2,0.1632,0.9526,1,train
Ocean,Southeast_Asia,Latin_America,13817.8,517.6,175.8,0.3396,Standard,0.929,22.7,61.1,39.5,0.4645,0.6829,1,train
Ocean,South_Asia,Oceania,6225.4,260.6,226.7,0.8699,Standard,0.9103,26.7,32.1,61.0,0.4885,0.2454,1,train
Road,North_America,Europe,812.3,20.2,7.6,0.3762,Standard,0.99,57.7,21.9,16.1,0.4827,0.2653,0,train
Air,Latin_America,North_America,4145.8,40.2,20.9,0.5199,High,0.7996,61.3,11.6,24.3,0.5114,0.289,1,train
Road,East_Asia,East_Asia,1105.5,24.6,9.9,0.4024,Standard,0.7719,31.9,95.0,43.0,0.1339,0.6743,1,train
Rail,East_Asia,Europe,2723.2,100.8,48.6,0.4821,Standard,0.8119,9.2,28.5,14.7,0.2942,0.1482,0,train
Road,North_America,North_America,239.2,10.8,10.6,0.9815,Urgent,0.99,47.5,21.9,18.0,0.0854,0.1019,1,train
Air,Middle_East,Europe,5393.2,25.9,17.0,0.6564,Standard,0.8631,40.9,11.9,8.6,0.2116,0.3819,1,train
Air,East_Asia,Latin_America,7599.6,37.0,18.3,0.4946,Standard,0.9628,20.3,28.4,46.5,0.2322,0.8424,1,train
Ocean,Europe,Latin_America,15605.6,540.0,431.8,0.7996,Standard,0.8304,71.9,41.5,19.2,0.6045,0.7406,1,train
Road,East_Asia,East_Asia,868.8,26.7,4.3,0.161,Standard,0.7535,11.4,23.8,29.8,0.1146,0.9343,1,train
Ocean,South_Asia,Latin_America,6383.1,294.7,221.4,0.7513,Standard,0.99,37.2,15.9,70.2,0.4359,0.5545,1,train
Road,North_America,North_America,1523.6,34.4,17.0,0.4942,Standard,0.99,43.9,17.0,67.1,0.0979,0.2928,1,train
Ocean,South_Asia,North_America,16323.3,595.9,363.6,0.6102,Standard,0.6542,39.4,38.0,39.4,0.5897,0.3308,1,train
Road,East_Asia,East_Asia,871.0,17.7,15.7,0.887,Standard,0.9217,35.7,78.4,10.4,0.1825,0.6218,1,train
Ocean,South_Asia,Latin_America,12404.7,468.0,119.9,0.2562,Standard,0.8832,22.3,30.5,41.2,0.4318,0.5628,1,train
Air,Southeast_Asia,North_America,7102.2,29.0,3.2,0.1103,Standard,0.8815,54.1,54.8,39.0,0.2238,0.4591,1,train
Air,South_Asia,North_America,5524.4,36.0,5.3,0.1472,High,0.848,30.8,14.9,22.6,0.4081,0.4334,1,train
Ocean,South_Asia,Middle_East,7817.1,285.0,275.5,0.9667,Standard,0.8875,52.7,64.1,33.9,0.1118,0.1194,1,train
Ocean,Europe,Europe,9185.1,358.9,235.3,0.6556,High,0.7654,30.9,45.4,21.7,0.1535,0.5588,1,train
Ocean,Southeast_Asia,Oceania,12608.9,468.1,372.7,0.7962,Standard,0.7274,13.1,17.1,36.5,0.9447,0.732,1,train
Air,Middle_East,North_America,6800.4,23.9,12.0,0.5021,High,0.9273,41.7,28.7,39.3,0.1963,0.8669,1,train
Rail,Europe,Europe,4974.5,124.2,112.6,0.9066,Standard,0.9125,15.4,69.5,19.0,0.206,0.6707,1,train
Road,East_Asia,North_America,1636.5,29.7,4.6,0.1549,Standard,0.7415,33.4,18.6,53.5,0.4251,0.8462,1,train
Ocean,Southeast_Asia,North_America,9756.7,378.5,258.2,0.6822,Standard,0.7435,29.3,45.9,15.7,0.3828,0.3808,1,train
Ocean,South_Asia,Latin_America,14926.0,505.7,191.3,0.3783,High,0.99,64.3,17.2,24.2,0.7413,0.8908,1,train
Road,Europe,Europe,2260.9,40.6,34.4,0.8473,Standard,0.9278,57.2,52.8,17.6,0.1376,0.1339,1,train
Rail,Europe,Europe,2985.0,80.2,37.8,0.4713,Standard,0.836,25.2,8.3,77.8,0.0654,0.6708,1,train
Air,South_Asia,Oceania,8295.1,31.4,9.4,0.2994,Standard,0.9791,69.7,27.1,45.1,0.2726,0.2923,1,train
Ocean,Europe,North_America,8199.2,324.6,133.0,0.4097,High,0.6395,17.2,34.4,24.3,0.251,0.4365,1,train
Rail,Europe,Europe,3868.2,91.4,59.6,0.6521,Standard,0.9894,28.1,80.5,73.7,0.139,0.0673,1,train
Road,North_America,North_America,1564.7,29.2,18.8,0.6438,Standard,0.9526,44.7,12.3,5.8,0.0819,0.2427,0,train
Ocean,Europe,Latin_America,8513.8,318.1,80.8,0.254,Standard,0.8812,20.0,29.9,42.8,0.3309,0.5812,1,train
Rail,Europe,Europe,2928.8,106.4,85.8,0.8064,Standard,0.9051,46.6,49.9,43.3,0.0774,0.566,1,train
Air,East_Asia,North_America,6329.8,31.5,4.0,0.127,Standard,0.9064,66.3,12.1,25.2,0.6474,0.8689,1,train
Ocean,East_Asia,Latin_America,12014.1,421.9,126.7,0.3003,Standard,0.8489,33.4,100.0,48.7,0.3559,0.9007,1,train
Rail,East_Asia,East_Asia,4102.4,108.1,57.8,0.5347,Standard,0.8568,28.1,57.5,13.2,0.02,0.3121,1,train
Ocean,South_Asia,Oceania,14177.7,505.1,402.0,0.7959,Urgent,0.7645,18.7,33.0,12.8,0.4859,0.348,1,train
Rail,East_Asia,Europe,2655.9,97.1,8.4,0.0865,Standard,0.8963,41.8,30.8,16.0,0.1087,0.8526,1,train
Ocean,East_Asia,Latin_America,9657.4,364.5,208.4,0.5717,Standard,0.9352,90.8,30.9,12.2,0.6527,0.4352,1,train
Ocean,Southeast_Asia,Europe,10014.1,392.3,101.4,0.2585,Standard,0.99,34.9,52.6,32.2,0.3835,0.9715,1,train
Air,North_America,Oceania,7186.1,22.7,14.9,0.6564,Standard,0.9321,37.1,12.3,31.2,0.0541,0.2004,1,train
Air,South_Asia,Europe,3216.8,35.7,20.2,0.5658,Standard,0.8641,55.3,63.2,54.6,0.3326,0.3224,1,train
Road,East_Asia,East_Asia,1692.7,29.1,8.6,0.2955,Standard,0.99,15.1,45.5,23.1,0.0859,0.4397,1,train
Ocean,Europe,Europe,14478.5,535.1,70.2,0.1312,Standard,0.9056,27.3,64.6,61.1,0.0785,0.8733,1,train
Road,East_Asia,East_Asia,1989.8,40.0,9.7,0.2425,Standard,0.8386,11.2,13.3,9.1,0.2354,0.6075,0,train
Ocean,Southeast_Asia,Latin_America,8540.5,331.7,94.9,0.2861,Standard,0.7388,41.7,39.0,17.2,0.5514,0.7269,1,train
Road,East_Asia,East_Asia,593.1,21.0,6.7,0.319,Standard,0.99,12.7,39.5,60.3,0.068,0.0879,0,train
Ocean,South_Asia,North_America,8114.1,326.0,36.7,0.1126,Standard,0.8422,31.7,77.0,30.9,0.5901,0.5647,1,train
Road,North_America,North_America,150.0,8.2,5.7,0.6951,Standard,0.8701,22.0,23.4,11.0,0.1107,0.1293,0,train
Rail,Europe,Europe,3106.9,84.6,76.3,0.9019,High,0.99,55.2,35.6,30.6,0.1451,0.7629,1,train
Air,South_Asia,North_America,7555.7,32.4,16.2,0.5,Standard,0.99,19.6,30.6,73.5,0.4558,0.7174,1,train
Road,North_America,North_America,1963.6,42.0,33.0,0.7857,Urgent,0.8838,46.3,40.3,25.2,0.1704,0.8352,1,train
Air,North_America,Europe,8405.4,39.6,23.4,0.5909,Standard,0.9418,77.1,85.0,39.5,0.1648,0.6973,1,train
Rail,South_Asia,East_Asia,3555.2,117.2,27.8,0.2372,Standard,0.8027,77.1,33.6,15.7,0.7314,0.7418,1,train
Air,Europe,Middle_East,5972.9,34.4,4.1,0.1192,Urgent,0.774,47.7,64.6,14.9,0.4646,0.0899,1,train
Ocean,South_Asia,Oceania,10993.9,429.0,156.1,0.3639,Urgent,0.99,31.2,81.7,24.2,0.193,0.2537,1,train
Rail,South_Asia,South_Asia,4875.1,124.1,61.9,0.4988,Urgent,0.8536,5.2,74.6,25.3,0.1745,0.7233,1,train
Ocean,Europe,North_America,11502.8,405.6,292.6,0.7214,High,0.99,21.3,27.0,22.2,0.5393,0.8493,1,train
Ocean,Europe,Europe,15699.4,538.5,421.2,0.7822,High,0.9209,17.9,40.6,46.5,0.2137,0.7934,1,train
Road,North_America,North_America,1343.9,29.9,28.1,0.9398,Standard,0.7319,9.7,48.6,15.1,0.0711,0.4234,1,train
Air,South_Asia,Europe,5587.8,41.7,17.3,0.4149,High,0.99,26.0,21.2,10.9,0.4859,0.4681,1,train
Rail,North_America,Europe,2238.2,58.2,22.7,0.39,High,0.9401,53.1,26.5,37.4,0.4252,0.7036,1,train
Rail,South_Asia,South_Asia,6498.9,173.5,27.3,0.1573,Standard,0.8634,58.7,46.3,14.3,0.0926,0.1182,1,train
Ocean,East_Asia,Europe,17169.6,612.0,478.9,0.7825,High,0.8191,10.9,36.8,34.1,0.4838,0.5965,1,train
Ocean,Southeast_Asia,Oceania,9548.5,359.4,72.2,0.2009,Standard,0.7362,32.6,6.1,44.0,0.2484,0.7932,1,train
Air,East_Asia,Europe,5761.9,32.6,23.2,0.7117,Urgent,0.7118,41.5,82.7,49.9,0.3727,0.1143,1,train
Air,East_Asia,Oceania,5624.1,34.0,23.5,0.6912,Standard,0.99,35.6,82.7,15.7,0.1898,0.347,1,train
Air,Europe,Oceania,4014.1,21.3,9.1,0.4272,Standard,0.8553,56.4,48.2,30.8,0.5253,0.6703,1,train
Rail,Europe,Europe,3295.8,103.6,21.0,0.2027,Standard,0.99,12.6,29.7,40.6,0.0735,0.5973,1,train
Air,Latin_America,Middle_East,4974.3,37.9,20.3,0.5356,Standard,0.7391,38.9,53.8,28.5,0.1356,0.1895,1,train
Ocean,Southeast_Asia,Middle_East,10771.3,407.2,40.9,0.1004,High,0.9335,34.6,36.2,40.7,0.6956,0.4779,1,train
Ocean,East_Asia,North_America,7314.3,297.3,94.5,0.3179,Urgent,0.9344,72.6,31.8,12.8,0.4911,0.5381,1,train
Ocean,East_Asia,Latin_America,7328.6,298.4,97.8,0.3277,Standard,0.5609,45.3,52.9,12.6,0.5282,0.7561,1,train
Rail,East_Asia,East_Asia,4055.9,99.1,74.9,0.7558,Standard,0.91,63.0,53.8,24.7,0.112,0.3476,1,train
Road,East_Asia,North_America,191.7,16.4,4.2,0.2561,Standard,0.7458,28.6,27.7,25.1,0.5302,0.3171,1,train
Road,East_Asia,East_Asia,1494.9,32.1,6.4,0.1994,Standard,0.7689,63.5,46.9,26.6,0.1892,0.1843,1,train
Road,Europe,Europe,1398.1,32.1,24.8,0.7726,Urgent,0.9071,22.2,14.4,22.6,0.0779,0.3926,0,train
Road,Europe,North_America,1348.2,30.3,5.4,0.1782,Standard,0.7289,24.0,12.2,36.1,0.7176,0.0644,1,train
Ocean,Southeast_Asia,Latin_America,19167.0,672.3,309.9,0.461,Urgent,0.819,78.8,45.1,60.7,0.1934,0.3863,1,train
Rail,Europe,Europe,3277.6,97.1,88.7,0.9135,High,0.76,55.1,65.8,10.7,0.1567,0.4155,1,train
Air,North_America,Oceania,5294.5,39.2,5.8,0.148,High,0.8112,34.6,13.2,9.0,0.683,0.4746,1,train
Air,Latin_America,Middle_East,9935.5,28.5,15.2,0.5333,Standard,0.72,33.3,44.5,14.3,0.212,0.1808,1,train
Road,North_America,North_America,2761.0,48.3,19.9,0.412,Standard,0.7976,24.1,33.3,4.5,0.0987,0.6818,1,train
Road,Europe,Europe,356.2,11.1,8.1,0.7297,High,0.9406,19.9,26.2,17.0,0.0648,0.9793,1,train
Road,Latin_America,Latin_America,1413.6,28.2,16.8,0.5957,Standard,0.8005,7.6,32.9,35.4,0.0981,0.194,1,train
Ocean,South_Asia,Oceania,8779.6,345.8,197.8,0.572,High,0.8255,12.2,47.3,70.1,0.5457,0.7086,1,train
Road,East_Asia,East_Asia,944.3,19.9,7.2,0.3618,Standard,0.99,38.3,15.1,8.3,0.1032,0.6492,0,train
Rail,South_Asia,South_Asia,2518.1,65.7,59.7,0.9087,Urgent,0.99,14.3,30.2,14.6,0.1704,0.7367,1,train
Air,East_Asia,Latin_America,7811.5,41.8,36.3,0.8684,Standard,0.6118,26.3,11.9,35.3,0.3471,0.8646,1,train
Road,Europe,Europe,1807.0,35.3,30.5,0.864,Standard,0.7123,12.7,18.4,26.3,0.1056,0.4646,1,train
Ocean,Southeast_Asia,North_America,16370.4,554.4,89.0,0.1605,Standard,0.7362,19.2,47.6,8.7,0.199,0.2206,1,train
Ocean,Southeast_Asia,Europe,18140.4,631.2,519.4,0.8229,High,0.9139,34.1,20.2,23.6,0.4271,0.2717,1,train
Road,Latin_America,Latin_America,1059.4,28.2,15.1,0.5355,Standard,0.6543,36.2,43.1,17.9,0.0703,0.3975,1,train
Ocean,Southeast_Asia,Europe,7802.0,316.9,62.5,0.1972,Standard,0.9252,34.1,51.5,11.4,0.4235,0.4043,1,train
Rail,North_America,Europe,2736.7,89.2,74.3,0.833,Standard,0.8473,19.3,17.2,94.8,0.2505,0.154,1,train
Road,Europe,Europe,1768.3,36.4,19.7,0.5412,Urgent,0.9419,15.5,40.7,40.4,0.2187,0.0655,0,train
Ocean,East_Asia,North_America,12043.5,412.7,40.0,0.0969,Standard,0.9153,14.5,22.9,9.5,0.2648,0.9327,1,train
Ocean,Europe,Latin_America,11144.0,438.7,389.1,0.8869,High,0.8744,75.7,36.4,30.9,0.5254,0.9605,1,train
Ocean,Southeast_Asia,Latin_America,9276.5,369.0,211.8,0.574,Standard,0.8004,42.4,49.0,27.6,0.411,0.1129,1,train
Ocean,Europe,Oceania,15666.1,583.7,355.6,0.6092,High,0.8134,50.9,30.8,14.5,0.3624,0.5639,1,train
Road,Latin_America,Latin_America,1243.4,30.5,5.0,0.1639,Urgent,0.8425,14.7,30.1,9.3,0.0988,0.5862,0,train
Road,Europe,Europe,818.2,23.7,17.2,0.7257,Standard,0.9505,40.1,18.2,2.9,0.1137,0.3387,0,train
Rail,East_Asia,East_Asia,2536.5,71.7,56.1,0.7824,Standard,0.6784,28.4,22.7,30.2,0.1156,0.1399,1,train
Ocean,Europe,Europe,14519.8,544.8,95.8,0.1758,Standard,0.8294,15.9,30.8,31.4,0.1186,0.535,1,train
Road,Europe,Europe,1910.1,35.2,18.4,0.5227,Standard,0.8692,55.4,16.5,52.3,0.121,0.9112,1,train
Air,Latin_America,Middle_East,9106.2,46.4,12.6,0.2716,Standard,0.7154,39.6,49.1,16.2,0.4942,0.5197,1,train
Rail,South_Asia,South_Asia,6088.4,154.8,67.6,0.4367,High,0.7839,38.6,53.3,17.1,0.1133,0.3883,1,train
Ocean,South_Asia,Europe,11465.2,413.5,214.6,0.519,High,0.9045,7.3,13.6,21.4,0.5496,0.5331,1,train
Air,East_Asia,Oceania,7187.7,37.8,24.2,0.6402,High,0.6912,35.4,45.5,30.0,0.2454,0.3473,1,train
Road,North_America,North_America,646.4,24.1,10.3,0.4274,High,0.9855,30.4,15.4,16.8,0.2289,0.5018,0,train
Ocean,South_Asia,North_America,8101.9,309.4,190.6,0.616,Standard,0.99,100.0,57.6,48.6,0.39,0.5983,1,train
Road,East_Asia,East_Asia,150.0,9.3,1.0,0.1075,High,0.7814,16.6,65.5,6.4,0.138,0.5546,1,train
Ocean,South_Asia,Middle_East,10856.7,423.7,287.9,0.6795,Standard,0.7318,42.1,18.0,33.7,0.2629,0.3508,1,train
Rail,East_Asia,Europe,1786.5,81.5,23.6,0.2896,Standard,0.8942,60.0,25.1,15.6,0.1205,0.6417,1,train
Road,East_Asia,East_Asia,1630.5,30.9,24.4,0.7896,High,0.8421,50.8,54.0,16.1,0.0727,0.3041,1,train
Air,North_America,Middle_East,6554.4,39.1,20.8,0.532,Standard,0.8408,100.0,24.5,15.4,0.41,0.3153,1,train
Air,Southeast_Asia,North_America,6251.8,31.1,6.1,0.1961,High,0.6374,18.7,18.5,56.2,0.6161,0.3503,1,train
Road,Europe,Europe,2162.7,42.6,13.2,0.3099,High,0.9317,70.9,55.5,75.9,0.0368,0.8415,1,train
Rail,North_America,North_America,2820.6,89.9,31.7,0.3526,Standard,0.888,73.5,17.6,22.6,0.0895,0.6656,1,train
Rail,Europe,East_Asia,897.3,48.1,27.5,0.5717,High,0.7645,34.5,29.9,56.0,0.4132,0.9105,1,train
Air,North_America,Middle_East,8967.3,39.2,13.3,0.3393,Standard,0.972,48.1,44.3,26.3,0.4911,0.254,1,train
Ocean,East_Asia,North_America,12001.1,456.6,431.9,0.9459,Standard,0.8006,32.8,34.4,12.8,0.6298,0.9256,1,train
Road,Europe,Europe,1623.4,29.0,17.8,0.6138,Standard,0.8397,12.6,49.1,31.5,0.1072,0.7989,1,train
Ocean,Southeast_Asia,Latin_America,13033.4,494.9,444.1,0.8974,High,0.7476,24.0,51.2,15.4,0.7366,0.3388,1,train
Ocean,Southeast_Asia,Europe,5296.3,204.9,145.2,0.7086,High,0.89,23.2,38.8,6.7,0.3815,0.4654,1,train
Road,Europe,North_America,1080.4,22.2,12.2,0.5495,Standard,0.7544,75.2,16.1,7.6,0.576,0.9076,1,train
Rail,South_Asia,South_Asia,5180.9,122.3,22.1,0.1807,Standard,0.9425,21.9,21.3,37.8,0.1478,0.3353,1,train
Air,East_Asia,Europe,8942.0,47.5,42.4,0.8926,Standard,0.8736,30.1,100.0,4.0,0.4065,0.4964,1,train
Ocean,East_Asia,Middle_East,8899.7,321.6,19.3,0.06,High,0.7388,27.5,15.8,49.3,0.7023,0.4069,1,train
Air,Middle_East,Latin_America,5085.1,41.3,12.3,0.2978,Standard,0.7461,54.2,12.4,62.3,0.1245,0.1904,1,train
Ocean,Southeast_Asia,Latin_America,14817.9,502.0,211.5,0.4213,Standard,0.9274,36.1,15.4,31.0,0.3515,0.6229,1,train
Ocean,Europe,Europe,15446.7,557.2,477.7,0.8573,High,0.7637,41.9,55.6,26.9,0.1689,0.6404,1,train
Ocean,East_Asia,Middle_East,8492.7,340.2,316.3,0.9297,Standard,0.9344,25.3,39.5,29.6,0.3717,0.3787,1,train
Rail,South_Asia,South_Asia,4411.1,125.4,37.0,0.2951,Urgent,0.99,26.6,48.4,4.9,0.1279,0.5835,1,train
Ocean,East_Asia,Oceania,12625.1,467.9,329.6,0.7044,High,0.8409,56.1,27.3,23.2,0.5702,0.4967,1,train
Ocean,Southeast_Asia,Europe,8466.4,322.1,227.8,0.7072,High,0.8324,17.6,8.6,59.9,0.3001,0.3697,1,train
Rail,South_Asia,South_Asia,3977.1,125.6,64.1,0.5104,Standard,0.9711,100.0,50.5,28.6,0.1182,0.7196,1,train
Road,North_America,North_America,1641.7,31.4,3.6,0.1146,Standard,0.9454,25.9,34.1,73.9,0.1234,0.0944,1,train
Ocean,East_Asia,Middle_East,9839.5,349.1,89.3,0.2558,High,0.99,87.9,18.0,20.0,0.6507,0.3666,1,train
Ocean,Southeast_Asia,North_America,13996.2,501.5,329.9,0.6578,Urgent,0.8711,38.3,44.7,68.8,0.4543,0.4079,1,train
Rail,East_Asia,East_Asia,3112.8,93.7,67.7,0.7225,Urgent,0.9861,41.3,34.3,8.9,0.0824,0.8534,1,train
Air,South_Asia,Latin_America,6638.5,21.2,15.9,0.75,Urgent,0.771,45.1,25.1,18.5,0.4234,0.5687,1,train
Ocean,Southeast_Asia,North_America,10874.9,407.6,384.8,0.9441,Standard,0.7866,60.0,61.9,26.5,0.3835,0.5105,1,train
Ocean,Europe,North_America,8918.8,348.6,338.5,0.971,Standard,0.9377,50.9,47.8,21.5,0.4433,0.2094,1,train
Ocean,South_Asia,North_America,12563.6,459.8,423.3,0.9206,Standard,0.8299,66.8,31.5,33.6,0.5048,0.0718,1,train
Road,Europe,North_America,1728.8,38.2,34.4,0.9005,High,0.7032,22.7,26.3,20.0,0.1764,0.2087,1,train
Ocean,Europe,Europe,8009.6,328.5,32.1,0.0977,Urgent,0.9723,25.5,51.2,43.7,0.02,0.1167,1,train
Air,North_America,Europe,4840.5,31.5,9.9,0.3143,Standard,0.9725,6.7,17.6,11.7,0.4473,0.247,0,train
Road,Latin_America,Latin_America,833.5,16.5,6.3,0.3818,Standard,0.7789,58.4,55.2,26.0,0.1431,0.1551,1,train
Ocean,South_Asia,Oceania,11921.9,458.0,40.4,0.0882,Standard,0.7043,14.5,48.3,29.4,0.1556,0.7878,1,train
Road,Europe,Latin_America,1690.8,35.4,17.6,0.4972,Standard,0.8217,42.3,26.1,4.8,0.2843,0.908,1,train
Road,Latin_America,Europe,1084.7,28.0,7.4,0.2643,Standard,0.9885,37.3,51.8,21.1,0.7661,0.9226,1,train
Air,North_America,Middle_East,5821.4,31.4,29.3,0.9331,High,0.8431,29.6,32.6,74.2,0.398,0.7182,1,train
Ocean,Europe,Latin_America,7396.6,298.7,156.6,0.5243,High,0.8436,21.5,28.8,7.4,0.8123,0.3674,1,train
Ocean,Europe,Oceania,6140.5,273.3,258.0,0.944,Standard,0.7705,33.6,11.1,15.0,0.6286,0.059,1,train
Road,East_Asia,East_Asia,1043.6,22.3,7.0,0.3139,Standard,0.6525,12.8,41.4,34.5,0.0972,0.8378,1,train
Ocean,East_Asia,Europe,12448.4,462.8,49.8,0.1076,Standard,0.9331,60.3,38.4,13.3,0.5328,0.4828,1,train
Ocean,Southeast_Asia,Oceania,10576.2,401.8,226.3,0.5632,Standard,0.8111,23.6,29.9,36.7,0.3768,0.7697,1,train
Road,East_Asia,East_Asia,192.8,9.3,1.6,0.172,High,0.8966,24.1,23.9,37.5,0.1005,0.5414,1,train
Air,Middle_East,Latin_America,7622.8,34.3,31.4,0.9155,High,0.896,19.7,11.7,18.4,0.613,0.7413,1,train
Ocean,Southeast_Asia,North_America,10806.4,385.1,272.3,0.7071,High,0.8325,41.3,32.9,14.3,0.4455,0.3525,1,train
Ocean,East_Asia,Europe,9310.2,348.4,113.3,0.3252,Standard,0.8607,26.4,52.0,33.5,0.4249,0.4981,1,train
Ocean,Southeast_Asia,Europe,9165.5,346.2,298.4,0.8619,Standard,0.8308,45.8,18.2,29.2,0.3147,0.5644,1,train
Air,Latin_America,East_Asia,4874.9,33.8,26.6,0.787,Standard,0.7653,49.5,36.9,65.1,0.3335,0.2695,1,train
Rail,North_America,Europe,4566.8,138.7,69.3,0.4996,Urgent,0.9044,51.7,84.7,40.7,0.196,0.9728,1,train
Rail,South_Asia,South_Asia,2372.8,64.2,4.3,0.067,Standard,0.7872,44.5,20.2,27.7,0.0741,0.6336,1,train
Road,North_America,Latin_America,1692.1,34.5,8.0,0.2319,Standard,0.7482,21.9,7.5,18.5,0.6551,0.6921,1,train
Rail,Europe,Europe,4749.9,115.0,89.2,0.7757,High,0.6656,31.7,45.0,30.9,0.0778,0.4385,1,train
Rail,South_Asia,South_Asia,3581.6,100.4,22.8,0.2271,Urgent,0.99,38.3,34.2,63.6,0.1242,0.8545,1,train
Ocean,South_Asia,Oceania,12925.0,478.5,287.4,0.6006,Urgent,0.8184,4.1,24.1,26.9,0.2564,0.2734,1,train
Ocean,Europe,Latin_America,9380.0,341.3,242.1,0.7093,High,0.9613,67.9,12.7,29.1,0.7001,0.1812,1,train
Air,North_America,Middle_East,6256.0,24.7,6.5,0.2632,Standard,0.8422,15.4,90.8,5.2,0.2133,0.3532,1,train
Rail,South_Asia,South_Asia,5052.5,134.3,63.7,0.4743,High,0.8025,46.5,20.8,18.3,0.1249,0.5367,1,train
Air,Europe,Latin_America,6427.5,34.2,7.5,0.2193,Urgent,0.7383,21.9,25.6,41.5,0.2365,0.211,1,train
Ocean,Southeast_Asia,Oceania,15442.5,542.7,309.3,0.5699,High,0.935,84.9,46.2,40.9,0.3986,0.2014,1,train
Rail,North_America,Europe,2440.4,94.1,5.3,0.0563,High,0.99,30.6,21.5,11.3,0.4563,0.837,1,train
Ocean,Europe,Oceania,6677.1,252.8,95.1,0.3762,High,0.9337,41.1,13.3,43.1,0.3455,0.0582,1,train
Rail,North_America,North_America,3414.5,108.1,44.4,0.4107,Standard,0.8647,65.4,24.1,39.9,0.162,0.7667,1,train
Air,Europe,Oceania,8663.1,34.3,2.9,0.0845,Standard,0.9399,33.3,19.5,15.6,0.5903,0.3373,1,train
Road,North_America,Europe,2094.5,41.6,6.4,0.1538,Standard,0.7975,23.6,21.6,32.0,0.05,0.716,1,train
Air,Latin_America,Oceania,7069.6,43.6,32.7,0.75,High,0.7257,49.1,35.9,27.9,0.4733,0.9344,1,train
Air,North_America,Latin_America,2491.8,22.8,3.4,0.1491,High,0.8027,30.1,29.3,49.5,0.1869,0.5716,1,train
Air,East_Asia,Latin_America,10782.3,47.2,14.6,0.3093,Urgent,0.9116,33.0,54.5,15.6,0.4208,0.328,1,train
Air,East_Asia,Latin_America,9763.7,44.1,13.1,0.2971,High,0.8936,35.6,11.6,30.1,0.5665,0.6586,1,train
Ocean,Europe,Europe,17319.8,632.6,383.3,0.6059,Urgent,0.8793,32.1,10.5,43.3,0.1525,0.9034,1,train
Ocean,Europe,Oceania,9166.0,329.7,302.6,0.9178,Standard,0.6109,18.5,80.4,36.9,0.1873,0.4705,1,train
Road,Latin_America,Latin_America,1446.1,25.4,2.3,0.0906,High,0.99,56.3,56.9,17.1,0.1106,0.593,1,train
Air,Southeast_Asia,Europe,3746.2,30.8,14.5,0.4708,Standard,0.69,44.9,14.6,50.1,0.2219,0.2874,1,train
Rail,Europe,Europe,5976.7,136.3,44.9,0.3294,Urgent,0.9891,25.3,36.9,55.3,0.02,0.1367,1,train
Ocean,Southeast_Asia,Europe,8350.7,340.0,106.3,0.3126,High,0.6835,22.0,56.2,43.1,0.2372,0.9685,1,train
Air,East_Asia,Latin_America,3653.1,37.9,23.5,0.6201,High,0.8471,11.9,15.8,36.3,0.5896,0.4148,1,train
Road,Europe,Europe,430.5,13.2,5.1,0.3864,Standard,0.99,37.8,34.2,16.4,0.02,0.709,1,train
Ocean,Europe,Oceania,9657.1,354.6,58.2,0.1641,Standard,0.7692,12.4,33.5,10.0,0.4805,0.7052,1,train
Rail,South_Asia,South_Asia,2663.9,80.7,27.7,0.3432,High,0.99,38.6,77.5,26.9,0.085,0.7551,1,train
Ocean,East_Asia,Middle_East,15885.8,540.3,58.9,0.109,High,0.8095,17.1,65.9,35.5,0.4665,0.066,1,train
Air,Southeast_Asia,Latin_America,6835.0,40.9,39.8,0.9731,High,0.99,59.0,27.7,28.0,0.7631,0.3849,1,train
Ocean,East_Asia,Oceania,8713.0,332.8,283.4,0.8516,High,0.863,44.8,32.4,42.0,0.414,0.0825,1,train
Rail,South_Asia,North_America,4632.2,125.4,83.4,0.6651,Urgent,0.9522,25.8,20.8,17.8,0.0788,0.6633,0,train
Road,East_Asia,East_Asia,889.8,20.6,18.7,0.9078,Standard,0.7658,100.0,58.7,18.3,0.1429,0.2219,1,train
Rail,Europe,North_America,4070.7,109.6,10.5,0.0958,High,0.802,25.5,62.3,15.4,0.4128,0.2521,1,train
Ocean,South_Asia,Oceania,10078.1,392.7,153.3,0.3904,Urgent,0.7724,37.9,19.3,10.9,0.35,0.7834,1,train
Air,Latin_America,North_America,8818.8,31.9,12.2,0.3824,Standard,0.887,20.4,62.7,36.4,0.4995,0.9098,1,train
Rail,South_Asia,South_Asia,2769.2,67.6,14.5,0.2145,Standard,0.99,44.2,29.5,42.8,0.0735,0.6231,1,train
Ocean,East_Asia,Europe,14472.6,492.0,102.3,0.2079,Standard,0.9168,20.5,24.9,23.6,0.6866,0.8832,1,train
Ocean,East_Asia,Middle_East,7408.5,320.3,17.0,0.0531,Urgent,0.99,33.6,27.7,18.7,0.513,0.894,1,train
Rail,South_Asia,South_Asia,3315.4,110.2,40.1,0.3639,High,0.847,15.5,58.6,16.3,0.0865,0.4352,1,train
Road,Latin_America,Latin_America,1900.6,41.1,23.4,0.5693,High,0.637,26.3,20.7,47.4,0.1077,0.6812,1,train
Road,North_America,North_America,859.5,27.1,13.0,0.4797,Standard,0.8421,29.2,25.5,57.0,0.1359,0.5316,1,train
Road,North_America,North_America,1361.5,26.1,24.5,0.9387,Standard,0.8738,29.0,79.1,9.3,0.0809,0.735,1,train
Ocean,East_Asia,Middle_East,15016.3,536.8,112.7,0.2099,Standard,0.7524,16.9,29.5,5.0,0.3512,0.5424,1,train
Rail,North_America,North_America,1886.7,53.6,46.7,0.8713,Standard,0.99,47.5,20.5,7.1,0.0277,0.4192,0,train
Ocean,Southeast_Asia,North_America,4841.5,202.4,124.6,0.6156,Standard,0.8149,26.1,58.3,33.6,0.4378,0.0541,1,train
Road,North_America,Latin_America,1100.5,20.7,13.3,0.6425,Standard,0.7069,31.5,15.6,24.8,0.3571,0.2856,1,train
Air,Europe,Middle_East,7582.3,29.4,17.5,0.5952,Standard,0.99,25.0,13.2,32.2,0.6155,0.6736,1,train
Ocean,Europe,Oceania,8598.2,331.3,78.7,0.2375,High,0.6973,19.7,84.2,38.5,0.6033,0.2845,1,train
Rail,North_America,North_America,3126.5,103.6,36.5,0.3523,Standard,0.8783,43.7,44.2,23.8,0.2802,0.8471,1,train
Rail,South_Asia,East_Asia,3986.5,94.7,68.9,0.7276,High,0.99,18.6,27.7,26.9,0.5795,0.9542,1,train
Road,Latin_America,Latin_America,1885.5,37.6,36.3,0.9654,Standard,0.7727,20.4,37.0,10.7,0.0405,0.4363,0,train
Road,Europe,Europe,1029.6,21.2,2.2,0.1038,Standard,0.7405,50.2,9.1,31.7,0.1439,0.3661,1,train
Ocean,East_Asia,Middle_East,6403.6,293.7,25.6,0.0872,High,0.8825,18.2,27.8,12.3,0.4469,0.4066,1,train
Ocean,Europe,North_America,9422.6,383.6,120.3,0.3136,Standard,0.8721,56.9,15.9,12.2,0.2971,0.6547,1,train
Air,Middle_East,Europe,5315.8,29.3,19.9,0.6792,Standard,0.8845,48.2,42.9,21.2,0.4315,0.7514,1,train
Ocean,South_Asia,Latin_America,7015.2,294.8,179.5,0.6089,Standard,0.8511,73.6,32.0,21.0,0.3819,0.1461,1,train
Rail,Europe,Europe,2716.7,92.7,6.2,0.0669,Standard,0.8431,20.3,32.6,50.0,0.1471,0.7444,1,train
Air,North_America,Europe,10170.4,44.7,33.1,0.7405,High,0.8577,49.6,12.1,35.7,0.1089,0.1622,1,train
Air,North_America,Middle_East,7645.6,27.2,8.5,0.3125,Standard,0.8398,26.9,38.4,31.8,0.7905,0.3349,1,train
Ocean,South_Asia,Latin_America,10415.2,416.9,382.2,0.9168,Standard,0.7989,7.8,28.4,27.2,0.8289,0.4444,1,train
Road,Latin_America,North_America,168.6,12.4,2.4,0.1935,Standard,0.792,13.3,31.3,33.9,0.5562,0.409,1,train
Air,Middle_East,Latin_America,8625.3,37.0,21.4,0.5784,High,0.8063,50.1,29.1,53.4,0.6823,0.3716,1,train
Road,Latin_America,Latin_America,150.0,15.6,13.7,0.8782,Urgent,0.7852,10.7,17.1,60.9,0.144,0.9771,1,train
Road,East_Asia,Latin_America,1017.7,20.2,14.9,0.7376,Standard,0.7753,9.6,63.0,35.5,0.5737,0.541,1,train
Road,Europe,Europe,1706.9,36.5,19.2,0.526,Standard,0.7835,54.5,45.1,21.3,0.0655,0.372,1,train
Air,East_Asia,Oceania,7372.0,40.8,4.8,0.1176,Standard,0.8237,32.4,13.5,33.6,0.6104,0.8916,1,train
Ocean,East_Asia,Latin_America,13414.7,489.5,357.7,0.7307,Standard,0.99,14.1,76.8,24.0,0.7941,0.7304,1,train
Ocean,East_Asia,Europe,11443.5,405.5,273.3,0.674,High,0.8586,19.4,71.5,24.4,0.2537,0.8156,1,train
Ocean,Southeast_Asia,North_America,12325.1,448.6,345.8,0.7708,Standard,0.7652,23.8,26.6,21.9,0.63,0.2781,1,train
Road,Europe,Europe,1357.1,26.6,25.2,0.9474,High,0.8534,11.8,8.6,33.8,0.1135,0.7751,0,train
Ocean,Southeast_Asia,North_America,12663.0,449.8,129.3,0.2875,Standard,0.4871,36.8,17.2,30.0,0.6924,0.253,1,train
Ocean,South_Asia,North_America,16890.2,580.6,103.2,0.1777,Urgent,0.6996,22.6,30.3,3.8,0.312,0.1103,1,train
Ocean,Southeast_Asia,Europe,10704.1,421.4,201.9,0.4791,High,0.6796,24.9,12.4,11.2,0.5485,0.2204,1,train
Road,Europe,Europe,1148.0,31.4,17.5,0.5573,Standard,0.7453,57.6,47.5,24.4,0.2067,0.5573,1,train
Ocean,South_Asia,Oceania,8749.9,319.4,255.8,0.8009,High,0.7658,53.6,40.1,18.3,0.262,0.6757,1,train
Rail,North_America,East_Asia,5313.4,124.4,9.5,0.0764,High,0.7806,61.5,41.1,50.9,0.4216,0.7938,1,train
Rail,Europe,Europe,540.6,40.9,13.0,0.3178,High,0.8948,27.4,48.7,10.3,0.2037,0.5795,1,train
Rail,North_America,East_Asia,3084.5,94.5,68.8,0.728,Standard,0.9181,8.6,30.4,33.8,0.2567,0.9788,1,train
Ocean,East_Asia,Europe,11355.3,442.4,28.0,0.0633,Standard,0.6874,48.6,72.2,24.8,0.441,0.6854,1,train
Rail,Europe,Europe,2547.5,79.1,60.3,0.7623,Standard,0.99,40.5,34.9,45.6,0.0615,0.1038,1,train
Ocean,Southeast_Asia,Oceania,11976.6,427.1,288.8,0.6762,Standard,0.9727,15.1,16.8,34.9,0.2247,0.7218,1,train
Road,Latin_America,Latin_America,1013.9,20.8,17.3,0.8317,High,0.7805,68.3,22.6,8.3,0.2918,0.8563,1,train
Ocean,Europe,Oceania,9610.6,347.2,29.2,0.0841,High,0.7473,14.7,60.5,24.0,0.4992,0.7925,1,train
Air,South_Asia,North_America,7403.5,22.6,8.8,0.3894,Standard,0.767,22.7,19.4,48.5,0.3629,0.8474,1,train
Ocean,Europe,Europe,14198.3,514.4,364.5,0.7086,High,0.99,6.6,30.8,31.5,0.0671,0.1522,1,train
Air,East_Asia,Latin_America,5515.6,35.0,33.6,0.96,Standard,0.9092,44.6,86.8,15.4,0.5347,0.3115,1,train
Rail,East_Asia,East_Asia,1443.4,52.4,3.1,0.0592,Standard,0.8036,50.5,42.7,16.3,0.1564,0.5442,1,train
Ocean,Southeast_Asia,Oceania,9238.9,336.3,212.4,0.6316,Standard,0.7496,15.5,50.9,2.3,0.5046,0.1523,1,train
Ocean,South_Asia,North_America,12651.0,481.2,171.1,0.3556,High,0.7805,33.1,15.0,13.6,0.2167,0.5708,1,train
Road,East_Asia,East_Asia,1445.7,30.3,2.9,0.0957,High,0.7523,31.9,29.4,11.2,0.042,0.2836,1,train
Ocean,Europe,Middle_East,11683.1,445.3,211.2,0.4743,High,0.8029,23.6,30.2,39.8,0.3629,0.865,1,train
Ocean,Europe,Oceania,15257.4,522.4,31.7,0.0607,High,0.7657,27.0,17.6,51.3,0.4353,0.0557,1,train
Ocean,Southeast_Asia,North_America,8251.0,341.0,220.6,0.6469,Standard,0.99,100.0,39.8,24.9,0.4357,0.2399,1,train
Road,Europe,Europe,184.0,17.3,3.1,0.1792,Urgent,0.7753,62.7,33.2,34.2,0.0837,0.2416,1,train
Ocean,Southeast_Asia,Oceania,7292.2,287.7,154.6,0.5374,Standard,0.8143,17.2,100.0,46.1,0.4986,0.4847,1,train
Rail,North_America,North_America,5653.4,128.1,18.9,0.1475,Standard,0.6476,46.7,69.5,29.3,0.1835,0.4021,1,train
Ocean,South_Asia,Europe,9728.5,364.2,187.8,0.5157,Standard,0.8796,59.7,27.5,47.1,0.3671,0.0845,1,train
Rail,Europe,Europe,4072.0,116.0,7.3,0.0629,Urgent,0.8834,57.0,53.4,26.4,0.0864,0.3585,1,train
Air,South_Asia,Europe,4143.8,39.8,2.8,0.0704,Standard,0.8495,37.9,29.7,20.0,0.3267,0.9598,1,train
Ocean,Southeast_Asia,North_America,8878.8,346.0,184.6,0.5335,High,0.8913,21.7,26.6,16.8,0.235,0.5916,1,train
Road,North_America,Latin_America,443.2,19.7,9.6,0.4873,Standard,0.9407,40.1,41.2,61.1,0.24,0.4752,1,train
Rail,North_America,North_America,3817.0,96.7,37.7,0.3899,High,0.9071,7.8,16.5,68.7,0.1093,0.7934,1,train
Road,Latin_America,Europe,1877.9,41.7,5.3,0.1271,Standard,0.7757,19.1,40.4,10.5,0.1308,0.9265,1,train
Air,Southeast_Asia,North_America,6376.7,30.2,28.7,0.9503,High,0.8026,28.7,24.1,12.7,0.637,0.1159,1,train
Road,Latin_America,Latin_America,1296.8,31.2,10.2,0.3269,Standard,0.897,19.6,19.6,20.6,0.0932,0.6894,1,train
Road,East_Asia,East_Asia,454.8,18.2,5.6,0.3077,Standard,0.9256,36.8,19.8,12.1,0.0281,0.149,0,train
Ocean,Europe,Middle_East,16810.3,590.9,465.0,0.7869,High,0.7509,17.3,25.5,87.5,0.1842,0.423,1,train
Ocean,East_Asia,Europe,13284.5,506.5,193.4,0.3818,Standard,0.8095,36.2,51.7,23.0,0.5506,0.2474,1,train
Rail,East_Asia,East_Asia,3232.6,98.4,95.2,0.9675,High,0.848,26.6,28.4,21.5,0.0868,0.1432,1,train
Road,Latin_America,Latin_America,389.2,15.6,7.7,0.4936,Standard,0.7963,28.3,40.4,37.0,0.1461,0.1901,1,train
Road,East_Asia,North_America,834.3,24.2,15.3,0.6322,Standard,0.99,18.9,36.7,55.4,0.418,0.9132,1,train
Rail,South_Asia,South_Asia,3881.9,101.6,39.6,0.3898,Standard,0.99,16.7,7.5,45.5,0.1864,0.2921,0,train
Rail,Europe,Europe,3392.1,88.5,64.7,0.7311,Urgent,0.7906,27.9,36.4,37.8,0.0607,0.5795,1,train
Rail,Europe,East_Asia,2501.6,93.2,35.8,0.3841,Standard,0.6679,87.3,39.3,53.9,0.6177,0.6022,1,train
Road,Europe,Europe,788.2,19.4,16.2,0.8351,Standard,0.9608,37.0,30.0,28.4,0.1388,0.6079,1,train
Road,Latin_America,Latin_America,466.3,19.7,3.8,0.1929,Urgent,0.9637,15.7,66.6,32.6,0.02,0.9643,1,train
Rail,Europe,Europe,2752.0,92.6,65.5,0.7073,Urgent,0.9498,55.5,16.4,34.2,0.1482,0.4616,1,train
Air,South_Asia,North_America,7199.3,40.0,19.2,0.48,Standard,0.99,83.0,24.2,10.6,0.4437,0.1594,1,train
Ocean,Southeast_Asia,Latin_America,9488.6,341.9,54.4,0.1591,Standard,0.7952,48.7,43.6,9.6,0.3237,0.7265,1,train
Road,Europe,Europe,1766.0,40.4,7.3,0.1807,Standard,0.9218,32.6,60.0,30.3,0.02,0.3813,1,train
Air,Europe,East_Asia,6202.1,39.3,24.4,0.6209,Standard,0.6418,29.4,59.0,28.6,0.3687,0.4995,1,train
Ocean,Southeast_Asia,Latin_America,10949.9,415.5,204.2,0.4915,High,0.7804,16.8,26.9,17.3,0.2797,0.2345,1,train
Ocean,East_Asia,Latin_America,7394.3,318.8,269.1,0.8441,Standard,0.7852,18.7,35.7,14.0,0.5668,0.1117,1,train
Rail,East_Asia,East_Asia,2435.1,61.3,49.9,0.814,Urgent,0.99,15.2,51.6,11.8,0.1959,0.9277,1,train
Ocean,South_Asia,Oceania,18341.5,634.3,582.1,0.9177,Standard,0.8445,16.3,34.6,61.2,0.6114,0.8313,1,train
Air,Europe,Latin_America,4643.3,21.7,9.8,0.4516,Standard,0.7446,6.2,73.3,47.6,0.4801,0.7038,1,train
Ocean,Southeast_Asia,Oceania,5767.3,249.0,155.2,0.6233,Standard,0.6422,44.7,25.3,8.7,0.409,0.6637,1,train
Ocean,Europe,Latin_America,13673.4,464.5,110.3,0.2375,Standard,0.8286,42.0,56.0,31.9,0.5669,0.1286,1,train
Road,Europe,Europe,640.2,18.2,8.8,0.4835,High,0.8157,8.3,73.5,28.8,0.2109,0.8816,1,train
Road,East_Asia,East_Asia,1676.2,38.0,22.3,0.5868,Standard,0.6032,22.3,43.0,28.8,0.0912,0.798,1,train
Air,Southeast_Asia,Latin_America,10871.9,28.2,24.2,0.8582,High,0.7408,18.1,71.8,36.8,0.3832,0.714,1,train
Road,North_America,North_America,855.6,19.7,11.4,0.5787,Standard,0.7902,24.5,21.2,9.6,0.1769,0.6713,1,train
Road,Latin_America,Latin_America,1271.1,32.7,4.4,0.1346,Urgent,0.9197,35.7,48.2,11.4,0.0924,0.2954,1,train
Air,Middle_East,Latin_America,9200.1,26.9,3.5,0.1301,Urgent,0.8119,21.5,40.7,39.3,0.2597,0.7544,1,train
Ocean,Europe,Middle_East,9196.4,368.9,237.8,0.6446,Standard,0.7662,32.2,22.7,34.2,0.8453,0.9049,1,train
Road,East_Asia,East_Asia,981.5,20.0,6.5,0.325,High,0.9401,12.1,66.6,44.2,0.0482,0.461,1,train
Ocean,Europe,Oceania,13919.8,478.9,85.8,0.1792,High,0.8976,16.8,75.6,9.1,0.4606,0.1312,1,train
Road,Europe,Europe,1592.9,30.9,1.9,0.0615,Standard,0.8536,15.4,23.9,16.1,0.0586,0.5826,0,train
Rail,Europe,Europe,6775.3,147.7,122.3,0.828,Standard,0.9767,11.8,11.4,5.2,0.0221,0.3823,0,train
Ocean,East_Asia,Oceania,5407.2,245.0,206.3,0.842,Standard,0.8454,62.9,14.4,53.9,0.6369,0.7797,1,train
Road,Latin_America,Latin_America,1414.3,25.6,7.4,0.2891,Standard,0.8608,18.0,72.3,62.7,0.2551,0.5345,1,train
Air,Southeast_Asia,Oceania,6731.8,39.1,30.3,0.7749,High,0.7087,26.6,13.9,27.4,0.4609,0.569,1,train
Road,Latin_America,North_America,1166.9,23.3,10.2,0.4378,High,0.8142,27.9,42.4,5.3,0.7891,0.9132,1,train
Road,North_America,North_America,1030.8,21.9,10.5,0.4795,High,0.7338,49.9,70.9,10.8,0.1258,0.7763,1,train
Ocean,Europe,North_America,12704.8,473.9,254.2,0.5364,Standard,0.8605,7.2,9.5,15.9,0.4297,0.75,1,train
Ocean,Southeast_Asia,North_America,12901.9,471.5,371.9,0.7888,High,0.7122,11.1,17.7,17.1,0.471,0.5273,1,train
Ocean,Europe,Oceania,11103.5,418.3,396.5,0.9479,Urgent,0.99,13.6,19.7,27.4,0.2669,0.6949,1,train
Rail,Europe,North_America,3141.8,92.3,62.6,0.6782,Standard,0.8072,59.2,31.1,7.3,0.5712,0.8395,1,train
Road,North_America,Europe,1290.1,23.7,14.7,0.6203,Standard,0.7294,45.6,38.8,19.3,0.4927,0.5671,1,train
Air,Latin_America,East_Asia,9128.0,30.3,4.7,0.1551,Standard,0.7385,14.4,56.0,27.9,0.6155,0.4637,1,train
Ocean,East_Asia,Oceania,9728.6,375.6,256.7,0.6834,Standard,0.8908,43.4,26.4,11.8,0.4733,0.4099,1,train
Road,North_America,Latin_America,805.7,27.1,7.1,0.262,Standard,0.8677,62.0,28.0,11.2,0.4038,0.105,1,train
Road,Latin_America,Latin_America,2014.9,35.4,24.5,0.6921,Standard,0.874,14.9,21.4,4.8,0.0961,0.5622,0,train
Air,South_Asia,East_Asia,4562.9,41.1,19.3,0.4696,High,0.7632,74.9,12.4,5.6,0.639,0.6171,1,train
Ocean,Europe,North_America,7212.4,304.3,187.9,0.6175,High,0.6837,33.4,88.7,8.6,0.4393,0.4097,1,train
Air,Europe,North_America,6007.2,34.2,32.2,0.9415,Urgent,0.7987,30.5,17.4,21.6,0.2801,0.0589,1,train
Ocean,South_Asia,North_America,15939.9,570.4,464.0,0.8135,High,0.8256,55.5,33.9,17.2,0.3861,0.8255,1,train
Air,South_Asia,Europe,9001.2,26.6,4.1,0.1541,High,0.6191,22.7,27.5,19.0,0.3791,0.3193,1,train
Road,North_America,Latin_America,1567.9,33.9,9.5,0.2802,High,0.99,27.0,29.1,12.3,0.3755,0.7269,1,train
Ocean,South_Asia,Middle_East,10348.1,379.2,137.9,0.3637,High,0.7347,34.2,100.0,8.0,0.4334,0.7064,1,train
Road,Latin_America,Latin_America,1289.8,29.6,9.7,0.3277,Standard,0.8973,42.8,19.7,20.4,0.1495,0.8247,1,train
Ocean,Europe,Middle_East,8497.3,331.0,295.5,0.8927,Standard,0.8366,67.4,37.7,58.9,0.449,0.7112,1,train
Ocean,South_Asia,Latin_America,8327.5,352.3,106.5,0.3023,Standard,0.99,22.3,34.8,38.3,0.3558,0.4713,1,train
Ocean,South_Asia,Middle_East,12790.2,460.6,365.1,0.7927,Standard,0.7918,12.2,34.4,59.7,0.3837,0.2361,1,train
Ocean,East_Asia,Latin_America,10002.4,356.3,65.4,0.1836,Standard,0.8287,25.7,20.5,19.8,0.5482,0.8598,1,train
Road,North_America,North_America,1280.8,25.7,24.6,0.9572,Urgent,0.9261,41.0,100.0,14.3,0.2116,0.1866,1,train
Ocean,East_Asia,Latin_America,11372.1,392.2,27.4,0.0699,High,0.99,34.6,9.7,27.1,0.716,0.3557,1,train
Rail,North_America,North_America,592.3,57.0,52.0,0.9123,High,0.9328,25.8,35.1,31.0,0.1059,0.7474,1,train
Ocean,Europe,Latin_America,16159.4,542.5,310.6,0.5725,Standard,0.8786,27.2,46.6,77.7,0.05,0.0985,1,train
Air,South_Asia,East_Asia,8533.5,34.1,10.1,0.2962,Standard,0.7741,20.8,10.7,39.0,0.2951,0.9528,1,train
Air,North_America,Middle_East,9519.9,33.5,23.3,0.6955,Standard,0.7952,13.2,24.3,47.3,0.4701,0.7556,1,train
Air,Latin_America,Middle_East,9739.3,34.5,31.6,0.9159,Urgent,0.7848,20.7,15.8,16.2,0.4582,0.8926,1,train
Air,Europe,Middle_East,5465.5,22.2,13.6,0.6126,Standard,0.6779,15.0,11.3,22.7,0.592,0.9733,1,train
Ocean,Europe,Middle_East,13788.4,508.9,60.2,0.1183,High,0.8236,68.0,13.9,54.1,0.4112,0.4258,1,train
Ocean,Southeast_Asia,Oceania,12149.5,445.0,234.9,0.5279,Standard,0.6858,23.8,38.0,17.8,0.05,0.7272,1,train
Ocean,Southeast_Asia,Latin_America,4706.2,193.7,43.9,0.2266,Standard,0.99,48.4,28.6,36.3,0.4956,0.6902,1,train
Road,Europe,Europe,604.9,15.8,15.3,0.9684,Standard,0.99,43.5,28.7,8.3,0.2529,0.0872,0,train
Ocean,East_Asia,Latin_America,16247.9,583.9,269.2,0.461,Urgent,0.7797,15.4,24.3,40.9,0.1767,0.517,1,train
Air,Middle_East,North_America,11735.0,30.5,14.3,0.4689,High,0.8356,32.5,18.1,51.7,0.5181,0.3406,1,train
Road,Europe,Europe,650.4,22.3,17.5,0.7848,Standard,0.785,46.9,65.5,41.6,0.0576,0.7527,1,train
Ocean,East_Asia,North_America,11820.6,435.4,147.9,0.3397,Standard,0.8748,38.2,49.2,15.8,0.2252,0.8895,1,train
Ocean,East_Asia,Europe,13567.0,484.4,270.5,0.5584,Standard,0.7796,18.6,35.8,31.7,0.2705,0.5696,1,train
Rail,East_Asia,East_Asia,4758.8,138.6,108.0,0.7792,Standard,0.8632,83.0,29.0,18.7,0.1103,0.067,1,train
Rail,East_Asia,East_Asia,3612.2,86.1,22.1,0.2567,High,0.99,30.2,33.5,24.8,0.0915,0.5126,1,train
Air,Southeast_Asia,North_America,11281.1,28.2,11.2,0.3972,Standard,0.7467,32.2,49.0,9.0,0.5157,0.0728,1,train
Ocean,South_Asia,Middle_East,9783.4,360.1,327.5,0.9095,Standard,0.9517,7.3,90.9,4.5,0.5908,0.3865,1,train
Air,Europe,Latin_America,7650.0,28.8,12.9,0.4479,Urgent,0.7148,88.3,24.9,18.6,0.6757,0.9287,1,train
Road,East_Asia,East_Asia,2502.6,46.6,39.2,0.8412,High,0.7015,20.8,32.1,18.5,0.1594,0.7908,1,train
Ocean,Southeast_Asia,Latin_America,12214.8,418.6,45.3,0.1082,Standard,0.7958,46.8,15.4,23.1,0.3628,0.5781,1,train
Road,Latin_America,Latin_America,1479.2,36.9,23.7,0.6423,Standard,0.8187,29.5,27.9,18.2,0.1235,0.1255,1,train
Ocean,East_Asia,North_America,11307.3,423.6,372.7,0.8798,Standard,0.8499,38.0,14.1,10.0,0.2617,0.7725,1,train
Road,North_America,Europe,1949.9,35.4,24.3,0.6864,High,0.8535,15.6,37.9,6.0,0.1692,0.6126,1,train
Road,North_America,North_America,963.2,23.8,16.6,0.6975,High,0.9235,15.6,30.4,5.4,0.0603,0.369,0,train
Rail,South_Asia,South_Asia,2630.8,73.6,67.0,0.9103,High,0.7468,100.0,42.5,11.0,0.1739,0.761,1,train
Rail,East_Asia,East_Asia,2477.1,71.7,33.7,0.47,Standard,0.7412,17.6,31.0,21.4,0.1289,0.1136,1,train
Rail,South_Asia,North_America,4468.3,119.2,23.9,0.2005,Standard,0.5401,45.1,74.0,25.0,0.208,0.9538,1,train
Ocean,Southeast_Asia,North_America,14101.8,478.2,61.7,0.129,Standard,0.8517,31.0,16.3,25.6,0.55,0.3435,1,train
Air,Southeast_Asia,Europe,4053.2,19.3,1.4,0.0725,Standard,0.8841,73.8,39.1,14.4,0.4034,0.6181,1,train
Ocean,Europe,Latin_America,6127.8,240.3,85.2,0.3546,Standard,0.9731,69.3,9.6,40.6,0.3878,0.1315,1,train
Road,East_Asia,East_Asia,2039.5,36.2,9.7,0.268,Standard,0.9766,29.8,53.9,15.3,0.02,0.8402,0,train
Ocean,Europe,Middle_East,7639.4,284.1,253.6,0.8926,Standard,0.9656,50.0,51.4,28.8,0.7098,0.2143,1,train
Air,South_Asia,Europe,4681.9,31.1,4.0,0.1286,Standard,0.6925,34.5,32.8,28.3,0.3867,0.5709,1,train
Ocean,Europe,Oceania,9794.6,347.8,198.8,0.5716,Standard,0.8908,37.9,39.8,28.2,0.3445,0.1213,1,train
Air,Southeast_Asia,Europe,6182.9,25.9,4.9,0.1892,Urgent,0.8762,51.8,29.4,29.6,0.5911,0.4302,1,train
Road,Europe,Europe,1330.0,27.8,17.6,0.6331,Standard,0.7872,12.2,37.1,60.9,0.1722,0.7872,1,train
Ocean,Southeast_Asia,Middle_East,15406.9,557.8,174.0,0.3119,High,0.8624,29.0,76.1,21.4,0.3471,0.3231,1,train
Rail,North_America,North_America,5117.4,139.3,40.5,0.2907,Standard,0.9177,33.1,57.7,4.2,0.1417,0.2677,1,train
Road,East_Asia,East_Asia,975.4,28.5,12.4,0.4351,Urgent,0.8819,48.3,25.1,17.5,0.0934,0.37,1,train
Road,North_America,North_America,826.9,25.5,3.9,0.1529,Urgent,0.9091,10.8,18.9,22.3,0.1377,0.7756,1,train
Ocean,East_Asia,Oceania,14136.4,534.8,302.7,0.566,Standard,0.6266,15.2,34.1,15.0,0.5421,0.8,1,train
Ocean,South_Asia,Oceania,8257.7,320.5,258.7,0.8072,Standard,0.9579,32.1,14.8,31.3,0.5247,0.324,1,train
Ocean,South_Asia,Oceania,10947.1,424.2,282.7,0.6664,Standard,0.7207,18.0,28.9,27.8,0.3065,0.7207,1,train
Rail,East_Asia,East_Asia,2935.2,96.4,54.2,0.5622,Standard,0.9092,31.8,13.4,44.7,0.0408,0.7807,1,train
Rail,Europe,East_Asia,3846.2,111.8,50.1,0.4481,High,0.7765,48.3,60.4,46.1,0.333,0.3315,1,train
Ocean,Southeast_Asia,Middle_East,8747.5,333.1,118.8,0.3566,High,0.99,24.2,13.4,8.5,0.2736,0.3403,0,train
Air,North_America,Europe,9194.1,34.3,18.8,0.5481,High,0.6634,34.4,34.5,27.6,0.5044,0.6269,1,train
Ocean,Southeast_Asia,Europe,6534.6,265.5,164.5,0.6196,Standard,0.6369,27.0,47.8,34.1,0.6588,0.9231,1,train
Ocean,South_Asia,Oceania,14821.1,544.6,376.5,0.6913,High,0.9321,73.0,15.5,22.8,0.4766,0.22,1,train
Air,Europe,Latin_America,8090.6,24.2,2.2,0.0909,High,0.9228,15.2,16.3,33.2,0.4554,0.722,1,train
Ocean,Europe,Middle_East,13203.7,493.0,313.4,0.6357,High,0.6665,18.2,73.8,35.1,0.5322,0.0635,1,train
Ocean,South_Asia,Oceania,15313.2,525.5,29.5,0.0561,Urgent,0.98,36.6,18.2,39.4,0.5267,0.6889,1,train
Air,Middle_East,Oceania,5978.4,25.0,13.4,0.536,Standard,0.7976,21.6,3.4,24.7,0.3586,0.6704,1,train
Air,East_Asia,Europe,6772.2,28.3,8.8,0.311,High,0.7664,22.5,43.0,44.0,0.1577,0.19,1,train
Rail,South_Asia,North_America,5262.2,150.4,142.9,0.9501,Standard,0.8829,40.5,16.0,15.4,0.6048,0.1325,1,train
Road,Europe,Europe,706.8,16.7,4.2,0.2515,Standard,0.5228,84.2,40.3,13.1,0.0819,0.3603,1,train
Road,Europe,Europe,1314.9,32.5,15.3,0.4708,Standard,0.99,12.6,42.4,49.6,0.25,0.4932,1,train
Ocean,Southeast_Asia,North_America,8714.2,360.8,344.8,0.9557,High,0.9723,17.3,18.1,12.9,0.4575,0.673,1,train
Road,Europe,Europe,1708.5,28.5,20.7,0.7263,Urgent,0.99,100.0,34.4,13.1,0.2089,0.9626,1,train
Air,East_Asia,Europe,5880.8,23.6,7.9,0.3347,Standard,0.8526,63.6,22.0,100.0,0.3854,0.9468,1,train
Ocean,Europe,Latin_America,10090.5,411.3,164.4,0.3997,Standard,0.6254,70.2,26.3,16.4,0.4176,0.8562,1,train
Road,Latin_America,Latin_America,2275.9,44.5,40.8,0.9169,High,0.99,2.3,16.5,18.9,0.1011,0.4949,0,train
Air,East_Asia,Latin_America,6852.6,40.8,36.4,0.8922,Standard,0.6829,30.4,28.6,14.7,0.3764,0.8742,1,train
Air,East_Asia,Europe,8484.1,35.8,2.9,0.081,High,0.8979,38.2,51.0,19.4,0.2716,0.65,1,train
Rail,Europe,Europe,2433.0,75.1,7.9,0.1052,Standard,0.8575,64.1,31.3,43.9,0.0743,0.5886,1,train
Road,East_Asia,East_Asia,1318.6,31.9,15.1,0.4734,Standard,0.8647,46.7,21.7,80.2,0.0516,0.5815,1,train
Road,Europe,Europe,1940.9,34.1,15.8,0.4633,High,0.8982,15.8,59.0,42.6,0.0999,0.5179,1,train
Rail,South_Asia,North_America,2726.6,81.6,31.7,0.3885,Standard,0.99,52.2,15.4,10.1,0.2735,0.1632,1,train
Air,South_Asia,East_Asia,8021.7,45.8,11.2,0.2445,Standard,0.9231,21.8,37.2,26.1,0.05,0.4522,1,train
Ocean,East_Asia,North_America,10210.9,402.5,92.6,0.2301,Standard,0.8247,46.3,31.2,24.6,0.4385,0.3399,1,train
Ocean,Europe,Europe,14930.7,557.6,67.3,0.1207,Standard,0.99,35.6,33.8,30.2,0.2565,0.2353,1,train
Ocean,Europe,North_America,11653.6,435.6,41.5,0.0953,Urgent,0.7858,70.7,14.9,31.9,0.6743,0.492,1,train
Rail,North_America,North_America,3676.4,107.8,30.0,0.2783,Standard,0.8287,30.7,10.6,11.0,0.1749,0.6366,0,train
Ocean,East_Asia,Latin_America,17316.3,633.3,587.5,0.9277,High,0.99,21.2,59.0,33.4,0.4568,0.1863,1,train
Rail,South_Asia,South_Asia,6481.4,171.7,106.5,0.6203,Standard,0.9205,60.5,36.1,41.3,0.0917,0.3554,1,train
Rail,East_Asia,East_Asia,3038.7,80.5,18.0,0.2236,Standard,0.99,36.5,25.7,26.1,0.0409,0.6766,0,train
Ocean,Europe,Latin_America,15935.5,573.4,223.7,0.3901,Urgent,0.7454,14.0,59.0,43.6,0.7519,0.2871,1,train
Ocean,Southeast_Asia,Europe,6640.4,293.1,152.0,0.5186,High,0.9494,25.0,18.8,13.8,0.3214,0.8694,1,train
Road,North_America,North_America,1875.7,33.5,29.6,0.8836,Standard,0.9164,41.0,31.8,38.8,0.02,0.5608,1,train
Road,North_America,North_America,1316.2,30.8,22.8,0.7403,Standard,0.7789,40.8,16.9,11.7,0.02,0.3267,0,train
Road,Europe,Europe,1054.6,27.1,4.6,0.1697,Standard,0.99,43.6,30.9,18.2,0.131,0.8692,1,train
Road,Latin_America,Latin_America,2279.2,38.8,5.2,0.134,Urgent,0.9268,58.5,17.9,20.3,0.1607,0.4534,1,train
Rail,South_Asia,South_Asia,2053.0,78.5,34.2,0.4357,Standard,0.838,2.9,40.2,18.0,0.02,0.4343,1,train
Rail,South_Asia,East_Asia,1767.1,63.6,42.1,0.6619,Standard,0.99,15.2,17.3,54.6,0.2704,0.5802,1,train
Air,East_Asia,North_America,9438.8,29.3,2.2,0.0751,Standard,0.6665,41.4,32.3,17.6,0.2146,0.651,1,train
Air,Latin_America,North_America,4392.5,18.6,9.1,0.4892,High,0.8068,25.1,41.7,27.3,0.5772,0.3668,1,train
Air,Middle_East,Latin_America,6356.0,23.7,11.2,0.4726,Standard,0.946,21.1,29.6,10.7,0.6786,0.4372,1,train
Rail,East_Asia,East_Asia,6150.7,152.1,105.2,0.6917,Standard,0.6011,24.0,28.6,27.3,0.1083,0.5141,1,train
Ocean,Southeast_Asia,Latin_America,8790.1,316.9,68.0,0.2146,High,0.7721,13.5,37.1,6.9,0.451,0.4914,1,train
Air,Latin_America,Middle_East,3357.5,34.4,6.6,0.1919,Standard,0.6235,26.3,10.0,30.9,0.4395,0.4109,1,train
Ocean,East_Asia,North_America,9214.9,326.3,170.5,0.5225,Urgent,0.792,15.2,34.0,26.1,0.1758,0.7116,1,train
Rail,Europe,Europe,3317.2,101.8,87.8,0.8625,High,0.8524,32.0,35.3,20.8,0.0547,0.2024,1,train
Ocean,Europe,Latin_America,4877.3,194.6,89.7,0.4609,Standard,0.7238,41.8,30.4,27.5,0.1464,0.6207,1,train
Rail,North_America,East_Asia,3097.5,97.9,63.6,0.6496,Standard,0.8597,53.3,52.3,17.1,0.3347,0.2259,1,train
Ocean,Southeast_Asia,Oceania,11120.7,430.1,187.6,0.4362,High,0.99,18.6,29.2,17.0,0.3113,0.2969,1,train
Ocean,Southeast_Asia,North_America,10257.7,384.5,234.4,0.6096,Standard,0.8997,37.0,98.6,54.5,0.4641,0.8204,1,train
Air,North_America,Oceania,8787.7,40.7,33.4,0.8206,Standard,0.831,55.3,45.3,7.7,0.5061,0.5666,1,train
Rail,Europe,Europe,1443.5,57.1,46.9,0.8214,Standard,0.9644,54.6,45.0,59.9,0.1578,0.1688,1,train
Air,Middle_East,Oceania,10318.2,36.5,12.6,0.3452,Standard,0.9734,44.9,16.6,55.4,0.4295,0.772,1,train
Rail,North_America,North_America,3679.4,109.9,32.2,0.293,High,0.7921,32.9,36.7,41.1,0.1157,0.5693,1,train
Air,North_America,Oceania,7939.1,28.4,19.8,0.6972,Standard,0.8128,22.5,48.3,21.5,0.5636,0.9469,1,train
Air,North_America,Oceania,9611.1,29.3,23.2,0.7918,Standard,0.797,47.6,24.7,22.4,0.5178,0.5399,1,train
Ocean,South_Asia,Middle_East,10679.4,403.5,140.4,0.348,High,0.928,30.9,48.7,27.0,0.6276,0.0646,1,train
Air,Latin_America,East_Asia,3658.1,30.2,7.8,0.2583,Standard,0.7574,71.7,27.3,24.6,0.449,0.5352,1,train
Ocean,Southeast_Asia,Middle_East,4257.8,178.0,30.0,0.1685,High,0.9662,27.2,23.0,78.0,0.3848,0.1809,1,train
Rail,North_America,North_America,4129.1,115.1,56.7,0.4926,Urgent,0.9329,17.3,11.6,36.4,0.02,0.0933,0,train
Rail,Europe,Europe,2373.5,63.1,56.7,0.8986,Standard,0.99,33.9,6.6,25.2,0.0644,0.8257,1,train
Road,North_America,North_America,616.5,20.3,12.2,0.601,Standard,0.6909,14.0,9.5,24.6,0.1184,0.2411,1,train
Rail,Europe,Europe,1627.9,50.5,19.0,0.3762,Standard,0.7862,58.6,44.5,14.5,0.1396,0.7289,1,train
Ocean,Southeast_Asia,North_America,6064.5,262.5,45.4,0.173,Standard,0.99,21.3,42.1,21.6,0.4363,0.1776,1,train
Air,Europe,North_America,7982.7,30.9,24.9,0.8058,Standard,0.7526,31.0,57.1,21.2,0.3449,0.5344,1,train
Air,Europe,Oceania,5583.8,22.7,17.3,0.7621,Standard,0.7734,45.4,28.8,27.0,0.2423,0.5128,1,train
Ocean,South_Asia,Middle_East,12311.7,454.0,38.1,0.0839,Urgent,0.99,35.1,22.4,10.9,0.2143,0.126,1,train
Road,East_Asia,Europe,1451.0,28.7,23.2,0.8084,Urgent,0.9838,39.1,18.5,5.1,0.5318,0.3607,1,train
Ocean,Southeast_Asia,Middle_East,12143.8,423.5,150.9,0.3563,High,0.887,9.8,39.0,59.6,0.1442,0.5866,1,train
Road,Europe,Europe,1249.6,23.3,12.8,0.5494,Standard,0.99,36.2,51.2,27.5,0.049,0.4044,1,train
Air,North_America,East_Asia,9782.7,47.3,31.2,0.6596,Standard,0.7485,15.2,45.3,26.1,0.4185,0.2587,1,train
Ocean,Europe,Europe,11349.0,397.0,138.8,0.3496,Urgent,0.8321,18.1,45.1,10.8,0.1176,0.5971,1,train
Rail,Europe,Europe,2990.7,106.3,54.4,0.5118,Standard,0.9096,22.3,34.8,53.5,0.1243,0.5309,1,train
Road,East_Asia,East_Asia,150.0,16.8,11.8,0.7024,High,0.8607,57.4,84.4,27.5,0.0875,0.8813,1,train
Ocean,East_Asia,Middle_East,14276.4,514.7,219.1,0.4257,Standard,0.9418,49.9,42.8,9.5,0.3179,0.8922,1,train
Ocean,East_Asia,Oceania,14352.3,531.0,404.7,0.7621,Standard,0.6615,24.9,36.3,7.3,0.2341,0.7451,1,train
Ocean,East_Asia,Europe,9964.1,370.7,224.2,0.6048,Standard,0.8973,31.3,38.5,12.3,0.5531,0.6261,1,train
Ocean,Europe,Oceania,10835.0,416.9,202.9,0.4867,Standard,0.9742,19.0,19.1,15.2,0.4948,0.5557,1,train
Road,North_America,North_America,150.0,10.9,2.7,0.2477,High,0.6297,45.2,33.4,16.2,0.1693,0.6023,1,train
Rail,South_Asia,South_Asia,5543.5,140.1,108.7,0.7759,Standard,0.7683,30.3,32.5,21.5,0.0875,0.4871,1,train
Road,Europe,North_America,1401.2,30.3,9.1,0.3003,High,0.5886,16.9,10.2,85.0,0.4097,0.7694,1,train
Air,Middle_East,Latin_America,5057.5,30.4,12.0,0.3947,Standard,0.7504,7.0,30.2,39.1,0.0756,0.7138,1,train
Ocean,South_Asia,Oceania,10907.0,421.7,386.0,0.9153,Standard,0.8444,27.3,70.6,44.3,0.2378,0.7972,1,train
Air,Latin_America,East_Asia,3700.3,28.0,5.1,0.1821,Standard,0.8316,28.4,100.0,33.5,0.7356,0.2259,1,train
Ocean,South_Asia,Europe,11317.9,412.5,170.4,0.4131,Standard,0.8617,32.2,55.9,36.1,0.6265,0.2714,1,train
Air,Middle_East,North_America,10254.4,41.7,23.1,0.554,Standard,0.8319,14.1,16.3,10.0,0.3203,0.6272,1,train
Ocean,East_Asia,North_America,7249.5,297.0,254.4,0.8566,High,0.9586,78.9,77.1,15.7,0.381,0.6746,1,train
Ocean,Europe,Oceania,10271.4,383.4,59.8,0.156,Standard,0.8093,27.4,67.0,20.7,0.0948,0.9092,1,train
Air,Middle_East,North_America,1216.9,33.3,24.9,0.7477,Urgent,0.99,14.8,17.0,29.3,0.3476,0.0919,0,train
Ocean,Europe,Europe,11472.7,398.3,279.7,0.7022,Standard,0.795,20.9,29.8,15.3,0.2134,0.5469,1,train
Road,Europe,Europe,1397.2,29.0,22.1,0.7621,Standard,0.975,19.0,15.6,32.3,0.1354,0.357,0,train
Air,East_Asia,Middle_East,7542.9,44.9,16.3,0.363,High,0.99,24.6,6.2,41.7,0.4664,0.5449,1,train
Ocean,East_Asia,North_America,15547.0,568.1,354.8,0.6245,Standard,0.8761,27.2,100.0,14.6,0.2302,0.856,1,train
Road,Europe,Europe,277.8,9.5,5.8,0.6105,High,0.8489,37.3,36.9,9.5,0.1234,0.2065,1,train
Ocean,Europe,Oceania,9117.6,342.5,194.7,0.5685,Standard,0.9064,12.5,82.0,7.0,0.3618,0.9017,1,train
Ocean,South_Asia,Europe,9104.9,343.0,89.6,0.2612,High,0.8939,45.6,32.5,63.9,0.4794,0.4226,1,train
Road,Europe,Europe,680.1,23.3,12.0,0.515,Standard,0.99,22.3,85.7,21.1,0.1378,0.5703,1,train
Rail,Europe,North_America,2035.8,80.3,6.0,0.0747,Standard,0.9089,17.1,38.2,13.4,0.6747,0.8499,1,train
Ocean,Europe,Latin_America,16213.4,564.7,488.6,0.8652,Standard,0.9622,46.1,87.3,21.5,0.5628,0.6146,1,train
Ocean,Europe,Middle_East,11340.0,427.2,373.8,0.875,High,0.99,25.2,10.1,27.7,0.3144,0.7746,1,train
Ocean,East_Asia,Latin_America,8066.0,300.2,28.8,0.0959,High,0.8752,30.4,11.7,31.1,0.5885,0.4394,1,train
Ocean,South_Asia,Middle_East,10734.5,419.4,405.2,0.9661,High,0.9826,39.8,34.1,6.2,0.3463,0.7661,1,train
Ocean,South_Asia,Europe,14629.7,549.1,397.7,0.7243,Standard,0.9845,54.6,24.9,22.7,0.8851,0.7369,1,train
Ocean,South_Asia,Oceania,9859.9,382.6,373.8,0.977,Standard,0.779,63.7,18.9,29.6,0.3643,0.9788,1,train
Ocean,East_Asia,North_America,11285.9,399.4,29.7,0.0744,Standard,0.7431,45.6,34.9,43.9,0.5207,0.1516,1,train
Rail,Europe,Europe,4778.3,108.8,34.0,0.3125,High,0.99,30.4,18.9,1.1,0.2237,0.1125,0,train
Air,Middle_East,Latin_America,6913.6,26.6,25.7,0.9662,High,0.9445,80.1,31.9,5.2,0.2499,0.8276,1,train
Road,North_America,North_America,1715.0,32.9,4.1,0.1246,Standard,0.7995,21.0,54.7,26.3,0.0965,0.3816,1,train
Air,South_Asia,Middle_East,4193.9,18.4,11.8,0.6413,Standard,0.6414,15.8,22.8,57.5,0.3956,0.8646,1,train
Road,East_Asia,East_Asia,1175.0,28.1,20.3,0.7224,High,0.8797,13.6,55.6,36.4,0.0889,0.7445,1,train
Air,Europe,Middle_East,3103.5,17.5,2.9,0.1657,Urgent,0.7331,57.6,26.2,5.4,0.3836,0.885,1,train
Air,Middle_East,Oceania,3428.6,33.2,24.0,0.7229,High,0.9187,49.1,21.3,3.7,0.4353,0.1263,1,train
Rail,North_America,North_America,3632.9,97.5,57.2,0.5867,Standard,0.8065,49.0,48.3,13.7,0.1882,0.8662,1,train
Ocean,South_Asia,Latin_America,7843.8,333.3,263.7,0.7912,High,0.8303,57.9,17.3,26.9,0.7746,0.4574,1,train
Ocean,Europe,Latin_America,12442.2,458.9,394.9,0.8605,Standard,0.9542,45.7,23.3,17.7,0.5935,0.7158,1,train
Rail,South_Asia,North_America,3065.4,107.3,77.6,0.7232,Standard,0.8064,14.3,72.9,10.3,0.306,0.4127,1,train
Air,Latin_America,North_America,4295.1,35.5,9.9,0.2789,High,0.7315,4.2,24.2,22.4,0.2669,0.137,1,train
Ocean,East_Asia,Middle_East,17131.1,611.6,412.9,0.6751,Standard,0.8938,69.4,27.7,50.0,0.6203,0.9207,1,train
Road,North_America,North_America,1773.3,35.9,8.9,0.2479,High,0.8752,21.7,31.9,34.0,0.1118,0.5687,1,train
Ocean,Southeast_Asia,Latin_America,12298.0,467.6,239.2,0.5115,Standard,0.7557,21.2,25.4,7.9,0.1357,0.3604,1,train
Rail,South_Asia,South_Asia,3412.8,84.4,64.8,0.7678,High,0.7842,14.5,13.8,5.7,0.1518,0.3689,0,train
Ocean,Southeast_Asia,Middle_East,12877.5,493.8,325.8,0.6598,Standard,0.9038,28.1,40.9,22.5,0.3997,0.6268,1,train
Air,South_Asia,Oceania,6491.2,23.5,9.8,0.417,Standard,0.7614,42.8,58.2,8.6,0.4934,0.6381,1,train
Ocean,Europe,Europe,3500.0,186.8,70.0,0.3747,Standard,0.6355,19.1,23.5,20.1,0.1017,0.0516,1,train
Rail,Europe,Europe,3014.2,103.8,101.4,0.9769,Standard,0.8976,68.2,12.0,35.0,0.1536,0.4455,1,train
Rail,East_Asia,North_America,3657.3,107.4,43.2,0.4022,Standard,0.7075,59.1,35.1,28.6,0.5005,0.9206,1,train
Air,Middle_East,Europe,5079.7,22.6,2.6,0.115,Standard,0.7213,54.9,7.5,18.1,0.5316,0.7367,1,train
Ocean,East_Asia,Oceania,15785.4,549.0,207.5,0.378,Standard,0.99,64.5,17.3,24.0,0.7866,0.0741,1,train
Rail,North_America,North_America,2238.1,62.7,18.4,0.2935,Urgent,0.878,36.0,77.7,52.6,0.0283,0.6941,1,train
Road,North_America,North_America,413.2,11.3,9.5,0.8407,High,0.99,23.9,18.3,59.6,0.0993,0.1633,0,train
Rail,South_Asia,South_Asia,2429.9,71.2,49.9,0.7008,Standard,0.9268,73.2,4.2,51.5,0.204,0.8245,1,train
Road,Europe,Latin_America,2460.5,41.9,38.8,0.926,Standard,0.8591,23.0,16.0,13.6,0.05,0.2367,0,train
Ocean,Southeast_Asia,Oceania,15412.3,559.0,240.7,0.4306,High,0.8954,76.1,25.2,10.0,0.4593,0.9152,1,train
Air,Europe,East_Asia,3674.2,25.9,18.4,0.7104,Standard,0.7829,16.0,24.4,69.2,0.7063,0.2977,1,train
Rail,North_America,North_America,4015.0,102.2,99.7,0.9755,Standard,0.841,19.6,13.6,9.6,0.02,0.6706,0,train
Rail,South_Asia,North_America,3349.1,105.1,93.8,0.8925,Urgent,0.6171,10.8,21.2,11.8,0.3468,0.7979,1,train
Road,Latin_America,Latin_America,232.4,11.2,5.9,0.5268,Standard,0.8096,35.7,26.1,68.7,0.1774,0.2186,1,train
Rail,Europe,Europe,1400.3,54.0,20.9,0.387,Urgent,0.8895,93.5,31.3,53.3,0.1892,0.8115,1,train
Ocean,Southeast_Asia,Middle_East,8711.8,356.0,128.0,0.3596,Standard,0.7461,41.3,10.9,44.7,0.5225,0.4564,1,train
Ocean,South_Asia,North_America,5670.8,234.9,74.7,0.318,Standard,0.8399,55.8,100.0,30.7,0.3044,0.8137,1,train
Air,East_Asia,Europe,3952.8,23.5,12.9,0.5489,Standard,0.9213,44.1,29.9,30.5,0.5198,0.4999,1,train
Road,North_America,North_America,599.2,14.5,1.6,0.1103,High,0.99,48.4,45.8,38.3,0.1028,0.6832,1,train
Road,Latin_America,Latin_America,641.2,15.8,7.5,0.4747,Standard,0.99,18.6,30.9,24.5,0.153,0.1308,0,train
Ocean,Southeast_Asia,Europe,4498.6,188.4,129.2,0.6858,Urgent,0.8688,74.3,36.9,67.8,0.79,0.8723,1,train
Ocean,South_Asia,Europe,9903.1,404.0,382.4,0.9465,High,0.9165,32.9,79.9,9.5,0.3255,0.8292,1,train
Air,Southeast_Asia,Middle_East,5891.3,41.1,6.9,0.1679,Standard,0.9669,72.3,34.0,11.9,0.3403,0.0699,1,train
Rail,East_Asia,East_Asia,4172.4,121.4,16.0,0.1318,High,0.942,27.3,34.4,39.1,0.0888,0.7423,1,train
Ocean,Southeast_Asia,Middle_East,10090.3,381.3,286.7,0.7519,High,0.8265,28.1,45.0,27.7,0.4874,0.4072,1,train
Ocean,East_Asia,Latin_America,10491.2,421.1,229.0,0.5438,Standard,0.99,48.1,37.6,61.4,0.3911,0.0587,1,train
Rail,South_Asia,South_Asia,4484.6,135.6,109.4,0.8068,Standard,0.99,52.1,12.8,17.8,0.1143,0.0993,0,train
Road,East_Asia,East_Asia,1187.0,32.7,20.7,0.633,Standard,0.7824,12.9,5.8,13.2,0.1339,0.3999,0,train
Ocean,South_Asia,Europe,11481.8,414.2,382.8,0.9242,Standard,0.6888,29.9,18.4,15.4,0.5169,0.3922,1,train
Ocean,Europe,North_America,18902.9,658.2,308.1,0.4681,High,0.787,26.3,28.6,18.7,0.6163,0.5088,1,train
Air,South_Asia,North_America,3485.1,35.6,14.5,0.4073,High,0.782,29.3,12.2,40.0,0.5202,0.8699,1,train
Road,Europe,Europe,1853.5,33.0,22.2,0.6727,Standard,0.9138,29.2,26.8,49.2,0.0641,0.7089,1,train
Rail,East_Asia,East_Asia,2061.4,81.7,13.6,0.1665,Standard,0.7029,59.8,32.2,41.0,0.2051,0.5013,1,train
Rail,Europe,Europe,4866.0,112.1,22.2,0.198,Standard,0.9502,15.6,13.0,28.7,0.2226,0.7197,0,train
Air,South_Asia,Europe,5292.4,36.6,29.4,0.8033,High,0.8695,25.2,23.9,51.7,0.7157,0.5471,1,train
Rail,East_Asia,Europe,5861.7,159.9,37.5,0.2345,Standard,0.8203,32.6,58.8,51.3,0.4105,0.4573,1,train
Rail,South_Asia,South_Asia,3736.8,101.9,6.8,0.0667,Standard,0.9274,55.8,7.5,6.3,0.02,0.757,1,train
Road,Latin_America,Latin_America,1153.9,30.4,17.0,0.5592,Standard,0.9474,26.4,7.4,14.8,0.1498,0.613,0,train
Rail,Europe,Europe,3072.8,77.2,75.3,0.9754,High,0.99,18.1,23.3,25.3,0.1398,0.8117,1,train
Road,East_Asia,East_Asia,1537.0,36.1,16.1,0.446,Urgent,0.8318,21.6,12.2,8.9,0.0764,0.7519,1,train
Ocean,South_Asia,North_America,10146.1,366.3,168.4,0.4597,Standard,0.8533,22.9,15.5,23.7,0.2824,0.677,1,train
Air,East_Asia,Europe,5788.3,35.6,21.4,0.6011,Standard,0.6665,24.2,12.0,15.2,0.4115,0.1931,1,train
Ocean,Southeast_Asia,Europe,11083.5,433.3,140.5,0.3243,High,0.6358,24.5,47.3,2.9,0.4532,0.5826,1,train
Ocean,East_Asia,Latin_America,12418.2,482.3,297.8,0.6175,Urgent,0.8953,27.1,56.1,32.5,0.2229,0.9117,1,train
Ocean,Europe,North_America,11844.5,456.3,38.1,0.0835,Standard,0.7722,53.6,65.3,68.0,0.7232,0.8561,1,train
Road,Latin_America,Latin_America,1004.6,19.7,1.5,0.0761,Urgent,0.7712,71.4,50.3,27.3,0.1456,0.6388,1,train
Air,South_Asia,Middle_East,2017.9,30.9,26.0,0.8414,Standard,0.99,25.1,17.2,17.1,0.6144,0.8032,1,train
Ocean,East_Asia,North_America,8289.6,312.6,209.0,0.6686,Standard,0.8822,39.3,16.6,26.7,0.4672,0.23,1,train
Road,Europe,Europe,1112.6,28.0,13.9,0.4964,Standard,0.9015,47.2,21.7,33.1,0.02,0.1866,1,train
Air,Europe,Middle_East,7536.4,44.6,10.8,0.2422,Standard,0.6738,41.8,29.4,32.8,0.3092,0.4126,1,train
Road,East_Asia,East_Asia,586.4,19.3,10.4,0.5389,High,0.7579,36.9,20.4,22.9,0.1171,0.108,0,train
Ocean,East_Asia,Latin_America,6814.5,261.9,74.2,0.2833,Standard,0.6501,29.0,10.1,19.8,0.6504,0.4179,1,train
Rail,North_America,Europe,4684.3,126.5,16.3,0.1289,Standard,0.6488,25.7,35.5,19.7,0.638,0.4053,1,train
Air,North_America,Latin_America,5057.0,34.8,21.1,0.6063,Standard,0.9253,28.8,40.5,25.5,0.682,0.1992,1,train
Road,Latin_America,Latin_America,505.3,20.3,4.6,0.2266,Standard,0.8343,33.2,27.3,11.8,0.1144,0.9163,1,train
Road,North_America,North_America,1990.5,33.4,27.2,0.8144,Standard,0.9515,20.6,12.9,26.4,0.2261,0.8062,1,train
Road,Europe,North_America,1481.3,35.4,13.2,0.3729,Urgent,0.7332,7.6,42.0,13.2,0.4859,0.4775,1,train
Rail,North_America,North_America,2950.7,94.8,10.0,0.1055,Standard,0.99,43.8,83.1,52.2,0.0356,0.3444,1,train
Road,Latin_America,Latin_America,1011.0,21.3,19.3,0.9061,Standard,0.6921,25.6,59.3,16.2,0.1444,0.4528,1,train
Rail,North_America,North_America,2500.2,98.0,71.7,0.7316,Standard,0.891,7.5,30.3,26.4,0.0516,0.8589,1,train
Rail,Europe,East_Asia,1686.1,59.9,50.7,0.8464,Standard,0.5803,48.5,37.7,4.0,0.1735,0.1062,1,train
Air,Southeast_Asia,East_Asia,8637.3,40.3,35.6,0.8834,High,0.8042,27.5,36.5,24.8,0.639,0.3177,1,train
Air,East_Asia,Oceania,6554.5,41.0,20.3,0.4951,Standard,0.845,84.0,53.6,29.2,0.49,0.2074,1,train
Ocean,South_Asia,Latin_America,6721.2,269.3,16.3,0.0605,Standard,0.99,16.0,46.6,27.9,0.1192,0.5342,1,train
Ocean,Europe,Oceania,12277.2,479.1,194.2,0.4053,High,0.899,29.7,22.3,5.6,0.4342,0.6645,1,train
Rail,East_Asia,East_Asia,5686.0,146.2,62.1,0.4248,Standard,0.99,17.1,13.3,18.8,0.0617,0.8387,0,train
Rail,South_Asia,South_Asia,1871.4,83.2,25.3,0.3041,Urgent,0.99,28.4,9.9,42.2,0.1142,0.3655,0,train
Air,Latin_America,Oceania,10010.3,31.4,7.3,0.2325,Standard,0.9294,49.5,23.9,13.5,0.2951,0.6949,1,train
Road,East_Asia,East_Asia,2588.3,46.7,29.9,0.6403,Standard,0.8483,42.3,14.6,8.6,0.1682,0.5098,1,train
Road,Europe,Europe,1342.8,27.2,25.1,0.9228,High,0.8534,40.7,42.8,8.3,0.0787,0.7083,1,train
Road,North_America,North_America,1255.2,30.5,6.6,0.2164,Urgent,0.6049,57.4,44.3,14.4,0.116,0.1718,1,train
Ocean,East_Asia,North_America,11796.5,428.7,44.3,0.1033,High,0.9663,48.8,72.7,20.9,0.3811,0.0919,1,train
Road,East_Asia,East_Asia,441.9,11.8,11.4,0.9661,Standard,0.714,38.9,11.3,9.3,0.1912,0.5754,1,train
Rail,East_Asia,North_America,3717.1,105.2,8.6,0.0817,Standard,0.9101,12.5,44.4,6.0,0.4859,0.1969,1,train
Ocean,Europe,North_America,20692.4,726.9,115.4,0.1588,Standard,0.99,14.9,19.7,23.0,0.5458,0.1656,1,train
Ocean,South_Asia,Middle_East,13131.1,447.5,124.7,0.2787,Urgent,0.7932,60.2,45.0,19.0,0.4395,0.0938,1,train
Air,South_Asia,Oceania,6290.6,38.7,9.5,0.2455,Standard,0.9657,21.1,32.0,9.5,0.2983,0.5385,1,train
Air,Europe,Oceania,7208.1,30.4,3.8,0.125,Standard,0.8284,40.8,16.6,46.8,0.3718,0.4327,1,train
Air,South_Asia,East_Asia,8689.4,42.1,24.3,0.5772,High,0.7014,34.9,43.2,6.9,0.4426,0.9433,1,train
Road,North_America,North_America,855.0,25.3,19.0,0.751,Standard,0.87,86.5,17.6,34.0,0.1136,0.6832,1,train
Air,East_Asia,Latin_America,15000.0,37.1,22.3,0.6011,Standard,0.7635,25.0,81.6,46.7,0.513,0.9462,1,train
Ocean,East_Asia,Oceania,10970.3,436.0,284.4,0.6523,Standard,0.9606,7.1,45.8,13.3,0.5886,0.5737,1,train
Rail,East_Asia,Europe,3049.8,101.5,52.5,0.5172,High,0.8998,36.1,24.6,2.4,0.05,0.905,0,train
Ocean,East_Asia,Middle_East,17025.3,620.6,413.5,0.6663,High,0.99,34.5,24.7,43.7,0.3506,0.5635,1,train
Air,North_America,East_Asia,6208.6,22.7,6.4,0.2819,Standard,0.7672,29.8,23.0,7.4,0.6198,0.5094,1,train
Road,Europe,Europe,1744.2,34.0,20.8,0.6118,Standard,0.8816,100.0,49.3,50.4,0.1499,0.2817,1,train
Road,Europe,Europe,892.8,28.2,6.8,0.2411,Urgent,0.7945,23.8,37.6,7.5,0.0739,0.6203,1,train
Rail,North_America,North_America,3029.4,78.0,53.2,0.6821,High,0.761,46.2,38.2,35.0,0.1507,0.2733,1,train
Road,Europe,Europe,1285.8,28.0,6.4,0.2286,High,0.8044,70.3,14.9,15.8,0.0281,0.0812,1,train
Road,North_America,North_America,2342.8,44.2,9.3,0.2104,Urgent,0.8648,49.7,30.0,12.0,0.1082,0.3053,1,train
Rail,Europe,North_America,2723.8,69.4,60.7,0.8746,Standard,0.6581,28.2,29.9,35.1,0.3998,0.8759,1,train
Road,East_Asia,North_America,2275.2,44.5,42.0,0.9438,Standard,0.8405,53.9,12.3,12.4,0.472,0.534,1,train
Air,Europe,Oceania,8817.4,31.3,1.7,0.0543,Urgent,0.9099,37.4,42.8,24.4,0.5482,0.3092,1,train
Ocean,East_Asia,Middle_East,8886.8,336.8,108.3,0.3216,Standard,0.7886,12.4,98.8,31.8,0.3479,0.3301,1,train
Ocean,Europe,Europe,9381.0,373.8,49.2,0.1316,Urgent,0.9085,69.6,15.4,32.7,0.1514,0.2192,1,train
Air,Middle_East,Oceania,6914.4,30.6,29.6,0.9673,Standard,0.99,58.0,45.2,100.0,0.5943,0.6629,1,train
Air,Southeast_Asia,Middle_East,9214.9,31.1,20.9,0.672,Standard,0.8614,22.1,18.4,19.4,0.3208,0.5712,1,train
Road,Europe,Europe,1492.1,35.2,8.0,0.2273,Standard,0.783,46.0,15.0,25.2,0.02,0.054,0,train
Ocean,East_Asia,Middle_East,10447.1,363.9,72.3,0.1987,Standard,0.9853,17.4,18.5,11.1,0.7302,0.8855,1,train
Ocean,Europe,North_America,14589.3,543.5,129.4,0.2381,High,0.7839,8.7,33.2,18.3,0.09,0.1915,1,train
Ocean,Europe,Oceania,13293.5,466.3,449.1,0.9631,High,0.8547,38.2,43.1,31.6,0.3316,0.9337,1,train
Air,South_Asia,Oceania,7038.6,28.3,3.6,0.1272,High,0.9094,14.5,52.7,33.0,0.5054,0.976,1,train
Rail,Europe,North_America,4178.9,117.9,87.1,0.7388,Urgent,0.8719,46.9,18.3,24.7,0.3248,0.115,0,train
Ocean,South_Asia,Latin_America,14280.9,499.8,212.7,0.4256,Standard,0.8723,61.2,38.7,32.8,0.706,0.4981,1,train
Air,East_Asia,Latin_America,8613.1,32.3,26.6,0.8235,Standard,0.9326,43.1,30.8,19.6,0.4042,0.6231,1,train
Ocean,East_Asia,Middle_East,13218.4,492.3,300.1,0.6096,Standard,0.9107,29.0,6.7,33.8,0.4966,0.6462,1,train
Road,North_America,North_America,752.2,26.1,6.9,0.2644,Standard,0.7918,25.7,33.2,25.6,0.0827,0.3132,1,train
Ocean,Southeast_Asia,Oceania,11457.5,448.9,97.7,0.2176,Standard,0.99,72.4,16.3,39.2,0.1483,0.9537,1,train
Ocean,South_Asia,Oceania,7996.4,289.6,163.4,0.5642,Urgent,0.9253,29.8,25.3,18.3,0.2551,0.6401,1,train
Road,Latin_America,Latin_America,1488.0,30.1,4.7,0.1561,High,0.9342,20.0,33.4,34.6,0.0608,0.749,1,train
Road,North_America,Latin_America,1837.8,36.2,9.3,0.2569,High,0.99,25.2,3.8,40.8,0.6649,0.1626,1,train
Ocean,Southeast_Asia,Latin_America,9574.7,347.3,62.2,0.1791,High,0.8466,7.2,28.3,30.5,0.5527,0.9796,1,train
Road,Latin_America,Europe,1011.1,26.0,5.3,0.2038,High,0.6582,25.6,26.6,25.0,0.4959,0.5973,1,train
Rail,South_Asia,South_Asia,4251.7,132.8,97.4,0.7334,Standard,0.9585,32.3,85.4,12.8,0.1727,0.9026,1,train
Ocean,Southeast_Asia,North_America,8977.0,353.7,123.2,0.3483,Standard,0.772,18.8,23.8,19.0,0.3908,0.9222,1,train
Road,East_Asia,North_America,444.2,16.3,12.9,0.7914,High,0.8192,40.7,66.9,27.1,0.2316,0.7042,1,train
Air,Europe,East_Asia,4108.3,33.4,12.2,0.3653,Standard,0.916,37.9,16.5,14.9,0.8629,0.0567,1,train
Air,Middle_East,North_America,6490.9,30.0,24.0,0.8,Standard,0.7223,20.9,65.5,20.5,0.4261,0.4048,1,train
Road,Latin_America,Latin_America,1995.3,36.1,34.1,0.9446,Standard,0.7608,26.9,26.9,15.5,0.1829,0.1272,1,train
Ocean,East_Asia,Europe,6152.3,238.4,122.5,0.5138,Urgent,0.9349,7.0,76.8,26.0,0.5466,0.2431,1,train
Road,East_Asia,East_Asia,413.5,11.3,9.3,0.823,Urgent,0.99,19.5,17.4,24.5,0.1057,0.886,0,train
Ocean,Europe,Europe,7223.7,305.7,154.6,0.5057,High,0.6517,21.0,21.0,26.2,0.2273,0.386,1,train
Road,Latin_America,Latin_America,977.6,26.3,10.2,0.3878,Standard,0.809,39.2,49.2,11.5,0.1013,0.2572,0,train
Ocean,Europe,Latin_America,12192.1,451.3,127.7,0.283,Standard,0.8782,46.6,48.9,42.0,0.2267,0.9241,1,train
Ocean,Europe,Oceania,15381.2,569.7,463.4,0.8134,Standard,0.6805,24.3,21.4,52.4,0.4355,0.8992,1,train
Ocean,East_Asia,Latin_America,10412.2,415.3,210.6,0.5071,Standard,0.8133,22.6,32.6,42.0,0.1674,0.1877,1,train
Ocean,Europe,Latin_America,11816.4,443.9,124.6,0.2807,High,0.7624,55.1,77.4,14.0,0.4875,0.6509,1,train
Rail,South_Asia,South_Asia,3506.8,108.7,34.9,0.3211,High,0.99,70.4,55.7,21.9,0.1281,0.1619,1,train
Rail,East_Asia,East_Asia,3257.7,97.3,75.8,0.779,Standard,0.6407,80.7,39.5,23.2,0.0402,0.3275,1,train
Rail,Europe,Europe,3940.5,100.6,51.4,0.5109,Standard,0.8077,26.1,24.3,18.7,0.1211,0.0738,0,train
Ocean,Europe,Oceania,17382.4,626.5,253.6,0.4048,High,0.7741,16.5,32.0,3.5,0.4044,0.5125,1,train
Ocean,East_Asia,Oceania,7373.6,297.5,222.9,0.7492,High,0.8639,23.3,26.1,17.7,0.4667,0.7617,1,train
Air,East_Asia,Oceania,9405.0,48.2,13.0,0.2697,Standard,0.9697,16.7,38.4,47.5,0.4094,0.5795,1,train
Rail,North_America,Europe,2483.5,89.5,52.4,0.5855,Standard,0.8744,64.3,15.3,23.9,0.4028,0.5464,1,train
Rail,Europe,North_America,6302.1,168.6,163.5,0.9698,Standard,0.6859,43.2,19.1,12.1,0.05,0.7677,1,train
Ocean,East_Asia,North_America,13303.3,461.8,202.7,0.4389,Standard,0.8699,12.8,36.5,22.7,0.2811,0.5897,1,train
Air,South_Asia,Middle_East,6070.8,28.2,4.4,0.156,Standard,0.5812,8.7,44.6,20.5,0.3277,0.5396,1,train
Ocean,South_Asia,Latin_America,11309.5,409.1,120.3,0.2941,Standard,0.8423,49.6,20.8,37.1,0.6432,0.7454,1,train
Rail,South_Asia,South_Asia,3256.2,77.8,29.3,0.3766,Standard,0.8134,29.0,23.0,15.4,0.2645,0.5226,1,train
Rail,South_Asia,North_America,3919.6,117.1,59.6,0.509,Standard,0.99,54.3,53.0,32.4,0.3686,0.7345,1,train
Rail,Europe,Europe,5590.6,131.4,64.3,0.4893,Urgent,0.9138,13.5,24.9,3.2,0.1548,0.7394,0,train
Road,East_Asia,North_America,1174.8,27.3,22.8,0.8352,Standard,0.763,26.8,53.4,8.7,0.3161,0.4625,1,train
Rail,North_America,North_America,3412.6,98.0,18.0,0.1837,High,0.9714,10.6,23.0,35.3,0.1292,0.5964,1,train
Ocean,Europe,Europe,15251.6,550.6,264.8,0.4809,Standard,0.7703,62.2,39.1,20.0,0.0854,0.209,1,train
Road,North_America,Europe,762.6,25.0,17.8,0.712,Standard,0.7454,23.9,20.7,29.4,0.535,0.3411,1,train
Air,Europe,East_Asia,4688.5,27.3,25.5,0.9341,Standard,0.9552,29.8,14.2,69.6,0.9176,0.5616,1,train
Ocean,Europe,Europe,10449.3,368.8,222.2,0.6025,High,0.6231,41.0,49.8,24.5,0.1436,0.7024,1,train
Ocean,Southeast_Asia,Latin_America,11537.7,440.4,275.9,0.6265,High,0.7098,66.9,24.2,51.9,0.2629,0.9088,1,train
Road,Latin_America,Latin_America,1943.1,43.3,41.2,0.9515,High,0.9179,26.3,44.2,11.0,0.1544,0.718,1,train
Road,Europe,Europe,945.7,18.1,17.3,0.9558,Standard,0.7363,70.5,22.3,1.1,0.3265,0.2031,1,train
Ocean,Southeast_Asia,Latin_America,13744.8,488.1,326.8,0.6695,High,0.9563,29.0,20.3,36.0,0.3964,0.836,1,train
Ocean,Southeast_Asia,North_America,8097.5,318.1,271.1,0.8522,Standard,0.6511,26.1,41.0,37.0,0.2738,0.3546,1,train
Ocean,Southeast_Asia,Oceania,10721.7,406.6,32.0,0.0787,Standard,0.7519,29.0,19.5,27.8,0.29,0.7235,1,train
Road,Latin_America,Latin_America,3282.7,58.5,3.7,0.0632,Standard,0.8796,20.5,55.8,49.2,0.1413,0.2042,1,train
Road,East_Asia,East_Asia,1366.8,27.5,2.1,0.0764,Standard,0.99,69.8,28.6,13.7,0.1904,0.2235,1,train
Air,Southeast_Asia,North_America,7415.7,45.4,19.5,0.4295,High,0.8995,46.7,22.1,12.8,0.2255,0.2855,1,train
Air,East_Asia,North_America,6546.3,21.2,18.9,0.8915,High,0.7115,21.6,5.4,84.7,0.6226,0.8269,1,train
Rail,East_Asia,East_Asia,6148.5,154.6,62.3,0.403,Standard,0.8765,18.3,10.1,19.1,0.094,0.4584,1,train
Air,East_Asia,Oceania,9802.6,38.3,14.6,0.3812,Standard,0.645,75.9,49.4,19.3,0.56,0.4687,1,train
Road,Latin_America,North_America,1605.4,35.7,9.7,0.2717,Standard,0.9238,28.8,46.6,45.3,0.2371,0.4961,1,train
Rail,North_America,North_America,500.0,22.6,9.1,0.4027,Standard,0.8342,27.9,11.0,37.6,0.0937,0.8035,1,train
Air,Latin_America,Middle_East,8702.7,31.2,1.9,0.0609,Standard,0.99,34.6,71.1,13.3,0.2084,0.4271,1,train
Air,South_Asia,Middle_East,13534.3,36.6,18.1,0.4945,Standard,0.99,80.8,19.0,10.7,0.6116,0.4194,1,train
Road,Latin_America,Latin_America,574.7,16.1,1.1,0.0683,Standard,0.9315,37.1,31.4,7.7,0.1524,0.6894,1,train
Air,South_Asia,North_America,10235.0,30.7,27.2,0.886,Standard,0.7934,35.7,24.0,40.5,0.3154,0.5721,1,train
Ocean,South_Asia,North_America,6521.8,277.2,206.0,0.7431,High,0.8352,28.8,34.4,51.3,0.4822,0.8457,1,train
Ocean,South_Asia,Oceania,13943.4,502.3,307.3,0.6118,Standard,0.99,5.0,40.2,57.5,0.1591,0.536,1,train
Rail,Europe,Europe,3914.2,117.4,95.1,0.8101,Standard,0.7513,37.5,43.0,7.5,0.0423,0.4382,1,train
Rail,Europe,North_America,4856.3,132.8,115.4,0.869,Standard,0.9541,32.8,28.2,36.0,0.4554,0.6326,1,train
Air,Middle_East,Oceania,6688.1,27.7,14.0,0.5054,Standard,0.7689,5.8,21.7,23.8,0.5958,0.4731,1,train
Rail,South_Asia,South_Asia,4804.4,123.6,102.0,0.8252,High,0.9108,16.5,10.4,43.3,0.2217,0.5869,1,train
Ocean,Europe,Latin_America,17284.5,581.6,289.2,0.4972,High,0.9739,34.7,38.4,25.3,0.1574,0.2334,1,train
Air,East_Asia,Latin_America,6589.9,43.2,5.4,0.125,High,0.7894,37.6,29.9,22.7,0.2394,0.565,1,train
Road,Europe,Latin_America,525.9,17.3,14.9,0.8613,Urgent,0.99,30.7,55.8,11.3,0.4164,0.3338,1,train
Rail,North_America,North_America,3349.8,95.2,87.6,0.9202,Urgent,0.8911,36.1,17.9,37.1,0.1874,0.5161,1,train
Road,Latin_America,Latin_America,2640.3,50.8,18.1,0.3563,Standard,0.8694,33.3,80.0,25.3,0.2186,0.7577,1,train
Air,East_Asia,Europe,5742.5,29.5,11.8,0.4,Standard,0.7038,46.3,26.5,22.6,0.3952,0.8412,1,train
Ocean,Southeast_Asia,North_America,7060.8,264.0,135.8,0.5144,High,0.99,17.4,40.5,35.6,0.4822,0.2249,1,train
Road,Europe,Europe,1034.5,27.7,3.8,0.1372,Standard,0.8987,54.7,20.4,8.4,0.0569,0.7808,1,train
Road,East_Asia,East_Asia,1188.6,22.4,15.5,0.692,Standard,0.9461,41.3,58.8,55.5,0.1856,0.777,1,train
Rail,North_America,North_America,2030.1,74.1,29.4,0.3968,Standard,0.9152,8.7,27.4,12.1,0.1018,0.9607,1,train
Air,Southeast_Asia,North_America,8211.5,42.2,7.2,0.1706,Standard,0.8926,32.4,15.8,21.8,0.5065,0.5236,1,train
Ocean,Europe,Oceania,17146.7,619.5,432.8,0.6986,Standard,0.6805,9.8,7.9,63.9,0.6631,0.6694,1,train
Ocean,Europe,Oceania,16059.6,545.1,216.8,0.3977,High,0.5947,25.8,32.1,13.4,0.1559,0.9703,1,train
Rail,South_Asia,South_Asia,3522.5,109.0,74.1,0.6798,Standard,0.99,69.9,12.6,15.9,0.1333,0.2181,1,train
Ocean,Southeast_Asia,Latin_America,12301.3,474.3,48.8,0.1029,Standard,0.9015,39.4,34.2,13.7,0.4496,0.4366,1,train
Ocean,Southeast_Asia,Europe,7971.9,336.6,106.8,0.3173,High,0.9303,43.5,19.7,17.1,0.4924,0.4699,1,train
Road,Latin_America,Latin_America,479.9,12.7,1.4,0.1102,Standard,0.99,56.2,36.3,14.0,0.0203,0.3179,0,train
Air,Southeast_Asia,Latin_America,3084.1,21.3,12.2,0.5728,High,0.6513,13.4,88.6,56.3,0.208,0.1618,1,train
Air,Southeast_Asia,Latin_America,6132.6,32.1,13.4,0.4174,Standard,0.99,22.3,13.0,28.1,0.05,0.7255,0,train
Rail,East_Asia,East_Asia,3865.7,109.5,72.0,0.6575,Standard,0.9612,35.5,32.5,31.4,0.1228,0.2591,1,train
Road,Europe,Europe,682.8,23.0,5.3,0.2304,Urgent,0.7738,60.4,3.8,15.2,0.1856,0.9344,1,train
Air,South_Asia,East_Asia,5541.1,22.9,10.5,0.4585,Standard,0.9138,13.3,52.7,29.5,0.2284,0.5651,1,train
Road,North_America,North_America,1851.3,35.7,29.7,0.8319,High,0.8224,15.1,42.9,10.6,0.1313,0.8935,1,train
Road,North_America,North_America,1377.1,25.0,11.4,0.456,Standard,0.7721,9.8,14.1,100.0,0.0608,0.5706,1,train
Ocean,Europe,Latin_America,11076.5,385.8,158.1,0.4098,Standard,0.714,35.5,12.5,4.5,0.6893,0.1942,1,train
Rail,South_Asia,South_Asia,2149.3,74.5,5.3,0.0711,Standard,0.9475,31.0,7.0,11.2,0.1601,0.4305,0,train
Ocean,South_Asia,Latin_America,11773.7,445.1,58.2,0.1308,Standard,0.7335,6.4,72.0,30.6,0.5422,0.7741,1,train
Ocean,South_Asia,Middle_East,15486.7,569.4,426.7,0.7494,Urgent,0.6845,41.4,15.2,45.9,0.4578,0.4711,1,train
Road,East_Asia,North_America,1578.5,30.2,3.3,0.1093,Standard,0.8847,44.1,56.5,68.7,0.7228,0.4653,1,train
Ocean,East_Asia,Oceania,14528.2,506.5,436.8,0.8624,High,0.7974,45.1,28.1,15.1,0.6439,0.6816,1,train
Ocean,South_Asia,Middle_East,8182.8,346.6,122.4,0.3531,Standard,0.8341,42.7,35.3,20.6,0.5989,0.7576,1,train
Ocean,South_Asia,North_America,10446.6,381.3,60.1,0.1576,High,0.7676,49.3,32.9,23.1,0.4112,0.9794,1,train
Rail,North_America,North_America,1785.0,51.7,43.7,0.8453,Standard,0.7653,22.3,59.8,38.6,0.089,0.2297,1,train
Road,Europe,North_America,2012.8,40.4,5.2,0.1287,High,0.9518,55.8,44.1,30.4,0.4976,0.8603,1,train
Rail,Europe,North_America,3769.6,91.8,57.2,0.6231,Standard,0.7389,52.5,21.2,9.3,0.5638,0.0783,1,train
Ocean,Southeast_Asia,Oceania,8763.6,314.4,91.4,0.2907,High,0.9431,30.7,57.9,35.8,0.5234,0.4173,1,train
Ocean,East_Asia,Middle_East,7180.4,281.6,255.2,0.9062,High,0.9411,30.6,14.0,68.3,0.4591,0.7327,1,train
Ocean,Europe,North_America,10725.6,408.7,387.1,0.9471,Urgent,0.702,36.5,78.6,98.8,0.3873,0.7548,1,train
Road,Europe,Europe,1883.9,35.1,28.4,0.8091,Standard,0.8494,21.3,42.2,43.1,0.1366,0.2422,1,train
Ocean,South_Asia,Middle_East,8377.3,319.8,46.4,0.1451,Standard,0.888,62.9,90.6,13.2,0.1454,0.1042,1,train
Road,Latin_America,Latin_America,846.7,22.0,4.0,0.1818,Standard,0.99,10.3,55.9,12.4,0.0689,0.6194,0,train
Rail,East_Asia,East_Asia,4665.0,125.4,105.8,0.8437,Standard,0.933,64.9,64.1,29.1,0.1748,0.6161,1,train
Rail,Europe,East_Asia,3756.5,94.5,21.4,0.2265,High,0.8963,55.2,22.8,15.3,0.1099,0.1928,0,train
Rail,South_Asia,South_Asia,5082.8,145.6,92.9,0.638,Standard,0.9035,17.9,17.0,44.9,0.2751,0.7521,1,train
Rail,South_Asia,South_Asia,2883.1,98.1,12.5,0.1274,High,0.9788,24.3,94.0,25.5,0.0352,0.3679,1,train
Ocean,Europe,Latin_America,9337.6,351.3,167.7,0.4774,Standard,0.7676,21.9,24.8,41.2,0.4779,0.0895,1,train
Air,Europe,East_Asia,6130.5,39.4,10.5,0.2665,High,0.7084,26.1,23.7,32.8,0.1807,0.9146,1,train
Road,North_America,North_America,928.4,23.2,5.2,0.2241,Standard,0.7701,22.8,27.3,80.6,0.1713,0.1537,1,train
Air,Europe,East_Asia,5223.8,30.3,15.3,0.505,Standard,0.8225,66.4,34.9,8.6,0.5048,0.5948,1,train
Ocean,East_Asia,Europe,10316.2,361.6,120.9,0.3343,Standard,0.99,22.1,23.8,38.8,0.4629,0.3017,1,train
Road,Europe,Europe,853.8,21.1,11.3,0.5355,High,0.8218,20.3,33.7,23.8,0.1209,0.2568,1,train
Ocean,South_Asia,Oceania,8756.4,345.5,270.9,0.7841,High,0.9092,11.0,50.3,44.5,0.7243,0.36,1,train
Road,Latin_America,Latin_America,522.0,16.5,15.7,0.9515,Standard,0.8364,24.1,52.3,23.4,0.1367,0.261,1,train
Road,Latin_America,Latin_America,329.8,11.4,1.7,0.1491,Standard,0.6658,27.2,21.2,33.9,0.2065,0.6444,1,train
Ocean,Southeast_Asia,Latin_America,8205.3,317.3,238.0,0.7501,High,0.8209,100.0,53.3,59.6,0.536,0.8996,1,train
Ocean,Southeast_Asia,Europe,8427.4,335.7,279.8,0.8335,Standard,0.689,9.2,41.3,49.9,0.2843,0.6333,1,train
Ocean,South_Asia,Latin_America,9105.3,357.6,207.6,0.5805,Standard,0.8871,39.6,16.7,18.7,0.5353,0.2389,1,train
Ocean,Southeast_Asia,North_America,12881.7,455.5,245.7,0.5394,High,0.99,12.0,17.0,100.0,0.05,0.3085,1,train
Road,East_Asia,East_Asia,1986.9,40.9,18.7,0.4572,Standard,0.937,23.6,75.2,12.8,0.118,0.6744,1,train
Road,East_Asia,East_Asia,763.2,22.6,14.9,0.6593,High,0.8032,4.5,30.4,34.7,0.1445,0.4622,1,train
Road,Latin_America,Europe,351.4,13.4,2.0,0.1493,Urgent,0.8555,20.4,27.4,13.7,0.447,0.955,1,train
Ocean,East_Asia,Middle_East,13570.2,461.2,283.6,0.6149,Standard,0.9713,17.9,45.5,11.9,0.0757,0.9572,1,train
Air,Latin_America,North_America,7741.1,32.4,14.1,0.4352,Standard,0.9706,36.1,34.2,44.9,0.1907,0.9783,1,train
Road,Europe,Europe,441.5,20.0,16.6,0.83,Standard,0.9128,29.4,51.1,18.7,0.0711,0.5472,1,train
Ocean,Europe,Europe,9418.6,361.7,285.7,0.7899,Standard,0.8302,30.1,53.4,16.2,0.1596,0.5082,1,train
Road,North_America,North_America,1437.2,27.3,15.7,0.5751,Standard,0.7925,33.5,32.1,20.9,0.1076,0.8864,1,train
Ocean,Europe,North_America,10788.3,394.4,386.1,0.979,Standard,0.99,26.0,39.5,16.8,0.3089,0.9277,1,train
Air,North_America,Middle_East,7864.0,34.7,4.6,0.1326,High,0.99,20.0,53.8,29.2,0.3914,0.2427,1,train
Ocean,South_Asia,North_America,9603.7,371.7,175.0,0.4708,Standard,0.6201,8.2,29.2,30.0,0.3517,0.133,1,train
Rail,East_Asia,North_America,4510.0,106.5,58.3,0.5474,Standard,0.9233,85.8,27.2,12.2,0.6671,0.2789,1,train
Rail,East_Asia,North_America,4209.7,120.1,73.7,0.6137,Urgent,0.747,50.4,13.8,9.0,0.3726,0.8444,1,train
Ocean,Southeast_Asia,Latin_America,14763.3,519.9,259.9,0.4999,Standard,0.7375,30.7,37.2,7.3,0.7006,0.4383,1,train
Road,Europe,Latin_America,2068.0,35.8,26.2,0.7318,Standard,0.8402,10.3,91.0,19.6,0.5903,0.8248,1,train
Ocean,Southeast_Asia,Middle_East,10871.9,435.7,412.9,0.9477,High,0.6632,34.1,58.6,12.0,0.7358,0.1748,1,train
Road,Europe,Europe,1806.1,35.2,29.0,0.8239,High,0.9402,33.6,58.2,27.4,0.2452,0.8856,1,train
Air,Europe,North_America,7152.0,41.9,25.4,0.6062,High,0.7591,52.8,32.3,37.4,0.6583,0.1928,1,train
Ocean,Southeast_Asia,Europe,8512.3,310.4,38.7,0.1247,Standard,0.7381,65.5,45.0,47.6,0.5929,0.7398,1,train
Ocean,East_Asia,Oceania,10626.0,404.9,250.3,0.6182,Urgent,0.8976,32.8,40.0,15.0,0.6545,0.1571,1,train
Road,Latin_America,Latin_America,1678.5,38.5,26.4,0.6857,Standard,0.7368,44.0,43.4,35.7,0.1373,0.3498,1,train
Air,South_Asia,East_Asia,6189.2,28.3,24.6,0.8693,High,0.7579,18.3,45.0,36.1,0.6822,0.4163,1,train
Road,North_America,Europe,1511.6,37.4,10.9,0.2914,High,0.9157,35.2,45.5,20.9,0.1316,0.5971,1,train
Ocean,Southeast_Asia,Latin_America,3732.4,176.7,130.6,0.7391,High,0.873,31.0,42.7,11.5,0.2398,0.266,1,train
Air,South_Asia,East_Asia,5504.5,35.2,6.0,0.1705,High,0.99,12.4,46.9,10.5,0.98,0.8986,1,train
Air,Middle_East,East_Asia,3928.9,37.2,34.2,0.9194,Standard,0.9362,22.7,46.5,53.1,0.5474,0.916,1,train
Ocean,East_Asia,Europe,7399.2,307.1,34.9,0.1136,Standard,0.6864,60.7,30.7,21.3,0.2996,0.8782,1,train
Ocean,South_Asia,Oceania,13615.6,506.6,102.4,0.2021,Standard,0.7139,30.0,67.1,8.5,0.3014,0.7699,1,train
Rail,North_America,North_America,2624.5,68.3,56.8,0.8316,High,0.6311,22.2,68.9,12.7,0.1419,0.2605,1,train
Rail,Europe,Europe,2210.9,57.3,22.6,0.3944,Standard,0.9454,40.1,34.3,30.1,0.0388,0.3792,1,train
Ocean,East_Asia,Europe,15490.8,547.9,314.6,0.5742,Standard,0.7992,50.5,46.8,19.0,0.3418,0.4861,1,train
Ocean,East_Asia,North_America,9815.8,383.3,65.1,0.1698,High,0.8337,4.9,16.9,46.3,0.3511,0.2839,1,train
Road,Latin_America,North_America,1692.8,33.7,27.9,0.8279,High,0.9296,34.6,15.5,9.4,0.1879,0.4575,0,train
Road,Latin_America,Latin_America,687.7,22.5,20.7,0.92,Urgent,0.9349,41.3,23.0,35.3,0.0591,0.2,1,train
Air,North_America,Oceania,1250.5,18.6,13.3,0.7151,Standard,0.81,29.8,24.6,25.3,0.4902,0.2482,1,train
Ocean,Europe,Europe,10808.3,399.7,158.7,0.397,Standard,0.99,31.6,17.9,15.1,0.2015,0.3922,1,train
Ocean,East_Asia,North_America,7334.4,298.6,60.6,0.2029,Standard,0.7929,59.4,25.4,12.3,0.6371,0.6051,1,train
Ocean,East_Asia,Middle_East,7433.2,272.5,109.9,0.4033,Standard,0.8089,14.6,50.0,5.3,0.3638,0.4151,1,train
Ocean,East_Asia,North_America,15760.2,583.3,174.2,0.2986,Standard,0.8063,35.6,67.9,20.2,0.5315,0.0916,1,train
Ocean,Europe,Latin_America,8008.9,299.3,271.6,0.9075,Standard,0.8351,26.4,36.3,34.0,0.2443,0.8754,1,train
Ocean,Southeast_Asia,Oceania,11847.4,440.2,136.2,0.3094,High,0.99,51.6,54.8,31.2,0.3891,0.2787,1,train
Air,Middle_East,Latin_America,8176.0,36.7,11.9,0.3243,Standard,0.9469,60.0,43.9,40.6,0.3112,0.8339,1,train
Ocean,Europe,Europe,13923.7,522.8,63.3,0.1211,Standard,0.6268,53.0,6.3,29.9,0.1859,0.4137,1,train
Ocean,East_Asia,Middle_East,9368.7,337.2,122.6,0.3636,Standard,0.6965,48.9,16.6,10.6,0.1853,0.3911,1,train
Ocean,Southeast_Asia,Europe,9557.0,354.1,208.0,0.5874,Standard,0.9268,67.1,32.0,27.5,0.3952,0.5777,1,train
Ocean,Southeast_Asia,Oceania,10497.0,406.2,222.7,0.5483,High,0.771,33.6,5.9,23.9,0.4599,0.2901,1,train
Road,North_America,North_America,1745.8,34.4,21.6,0.6279,Standard,0.7908,30.0,31.3,9.3,0.1427,0.0654,0,train
Air,North_America,Europe,5342.6,38.7,21.9,0.5659,Urgent,0.807,47.7,18.2,57.0,0.6907,0.0808,1,train
Road,East_Asia,East_Asia,1919.8,34.0,32.6,0.9588,High,0.6706,37.2,7.5,25.4,0.02,0.888,1,train
Road,North_America,North_America,1405.2,36.0,14.8,0.4111,High,0.9824,62.5,33.4,24.4,0.02,0.4576,1,train
Rail,South_Asia,East_Asia,3641.0,119.4,44.3,0.371,Standard,0.9337,55.4,28.4,11.1,0.2344,0.3653,1,train
Ocean,Europe,Oceania,11438.8,431.0,228.6,0.5304,High,0.8979,44.2,23.2,29.3,0.4457,0.1771,1,train
Air,East_Asia,Europe,5922.8,41.4,7.7,0.186,High,0.961,32.7,26.2,6.5,0.306,0.8955,1,train
Rail,Europe,East_Asia,1142.9,40.4,9.6,0.2376,Standard,0.8787,15.5,13.8,21.9,0.2712,0.5396,1,train
Ocean,East_Asia,North_America,16042.9,547.9,170.8,0.3117,Standard,0.6633,27.6,28.2,28.1,0.1847,0.3451,1,train
Air,South_Asia,North_America,9792.3,41.7,35.9,0.8609,Standard,0.8132,28.9,62.6,35.1,0.05,0.4558,1,train
Road,Latin_America,North_America,807.3,21.7,7.3,0.3364,High,0.99,51.6,27.5,15.8,0.3055,0.3617,1,train
Road,Latin_America,Latin_America,752.7,19.3,5.4,0.2798,High,0.99,54.7,32.3,46.8,0.1598,0.2173,1,train
Ocean,East_Asia,Europe,14480.8,529.6,150.6,0.2844,High,0.7931,41.4,53.1,69.2,0.4301,0.5456,1,train
Ocean,Southeast_Asia,Europe,13868.3,504.6,220.0,0.436,Urgent,0.8057,24.7,27.2,13.5,0.3235,0.4332,1,train
Ocean,Southeast_Asia,Latin_America,11940.8,442.5,184.0,0.4158,Standard,0.7482,42.5,21.7,26.3,0.1331,0.3849,1,train
Air,Europe,Oceania,6288.3,40.3,20.2,0.5012,Standard,0.6703,35.7,41.2,26.2,0.4504,0.1255,1,train
Road,Europe,Europe,1060.1,26.5,12.6,0.4755,High,0.99,39.9,22.8,35.0,0.0654,0.2894,1,train
Ocean,East_Asia,Middle_East,8506.7,338.4,27.5,0.0813,Standard,0.9539,33.1,17.5,2.9,0.279,0.6543,1,train
Ocean,Southeast_Asia,Oceania,10707.9,377.1,271.3,0.7194,Standard,0.99,45.4,19.2,24.0,0.5167,0.9541,1,train
Ocean,South_Asia,Middle_East,14196.3,533.2,215.8,0.4047,High,0.8895,31.9,66.1,38.8,0.3832,0.4211,1,train
Air,Europe,Oceania,2617.1,18.2,7.7,0.4231,Standard,0.8036,6.1,22.6,33.6,0.4516,0.6744,1,train
Air,Middle_East,Latin_America,7574.9,30.0,14.2,0.4733,Standard,0.9347,74.3,11.2,15.8,0.3239,0.4904,1,train
Rail,North_America,North_America,1808.2,71.8,11.7,0.163,Standard,0.7488,34.8,12.1,17.9,0.1379,0.6821,1,train
Rail,South_Asia,South_Asia,4888.6,125.4,76.8,0.6124,Urgent,0.7911,44.7,48.7,15.2,0.1708,0.2216,1,train
Air,East_Asia,North_America,3790.7,27.5,2.3,0.0836,Standard,0.823,14.0,16.4,32.1,0.5214,0.9432,1,train
Ocean,Southeast_Asia,Latin_America,10886.1,420.2,48.0,0.1142,Standard,0.8393,51.9,39.5,35.7,0.378,0.1861,1,train
Ocean,South_Asia,Oceania,10114.0,398.1,90.8,0.2281,Standard,0.99,38.8,40.8,26.4,0.5097,0.4891,1,train
Road,Latin_America,North_America,187.1,11.6,10.6,0.9138,Standard,0.99,35.5,38.2,22.5,0.437,0.18,1,train
Air,Southeast_Asia,Oceania,8593.6,43.8,14.9,0.3402,Standard,0.8634,67.9,43.5,12.0,0.5803,0.287,1,train
Air,North_America,Oceania,12914.2,38.4,14.6,0.3802,High,0.7907,21.0,16.5,22.8,0.5208,0.0981,1,train
Road,Latin_America,Europe,1616.8,27.3,18.6,0.6813,Standard,0.8168,42.9,14.8,13.8,0.2876,0.497,1,train
Air,South_Asia,East_Asia,7696.1,46.1,13.3,0.2885,High,0.8991,45.0,32.3,11.3,0.7276,0.2491,1,train
Ocean,South_Asia,Oceania,4825.9,224.0,179.1,0.7996,High,0.9632,51.1,10.1,8.2,0.2847,0.4718,1,train
Ocean,Europe,North_America,13265.4,493.2,246.2,0.4992,High,0.7345,61.9,37.3,39.2,0.4976,0.1068,1,train
Road,North_America,North_America,1725.0,36.8,9.2,0.25,Standard,0.8392,55.1,23.5,5.0,0.1992,0.9542,1,train
Air,East_Asia,North_America,6249.1,33.4,15.9,0.476,High,0.9787,32.4,18.2,22.5,0.5226,0.6608,1,train
Ocean,East_Asia,Europe,15296.4,529.0,213.2,0.403,Standard,0.7023,23.0,19.0,57.7,0.3198,0.6953,1,train
Ocean,Europe,Middle_East,3500.0,187.1,100.5,0.5371,Standard,0.7739,43.6,27.9,28.3,0.4394,0.8779,1,train
Air,Southeast_Asia,Oceania,5206.8,26.5,21.9,0.8264,High,0.9293,19.7,11.4,10.1,0.6183,0.1531,1,train
Ocean,Europe,Europe,12284.4,475.3,384.6,0.8092,Standard,0.9247,26.5,56.8,29.1,0.1596,0.3269,1,train
Road,North_America,North_America,1474.1,32.0,27.0,0.8438,Urgent,0.8406,36.0,10.2,9.7,0.1607,0.0779,0,train
Road,Latin_America,Latin_America,1231.5,23.1,9.7,0.4199,Standard,0.99,22.8,57.8,54.1,0.1962,0.5073,1,train
Air,Middle_East,North_America,8792.3,31.9,14.0,0.4389,High,0.6756,50.3,34.0,27.9,0.2667,0.789,1,train
Road,North_America,North_America,1418.3,25.6,8.5,0.332,Standard,0.7525,38.2,11.5,37.5,0.0367,0.6193,1,train
Road,Europe,North_America,1668.7,28.9,10.9,0.3772,Standard,0.9413,29.9,39.5,28.1,0.05,0.761,1,train
Ocean,East_Asia,Europe,9933.8,380.0,344.8,0.9074,High,0.8295,46.8,20.8,8.7,0.4142,0.3727,1,train
Ocean,East_Asia,Middle_East,9562.8,386.6,223.6,0.5784,Urgent,0.9684,22.9,42.2,21.4,0.1262,0.1431,1,train
Road,East_Asia,Europe,1454.9,31.1,26.0,0.836,High,0.99,30.9,16.1,11.6,0.3759,0.164,0,train
Ocean,Southeast_Asia,Oceania,8223.3,304.8,29.8,0.0978,Standard,0.9786,59.1,65.9,38.7,0.3072,0.2731,1,train
Road,East_Asia,Europe,1194.0,28.2,25.1,0.8901,High,0.7421,67.0,18.9,23.7,0.1999,0.7101,1,train
Ocean,Europe,Europe,13913.5,517.3,450.8,0.8714,High,0.8213,31.7,25.5,55.8,0.1245,0.4792,1,train
Rail,Europe,Europe,1723.9,52.2,48.9,0.9368,Urgent,0.5954,28.1,16.8,4.6,0.0512,0.5858,1,train
Ocean,East_Asia,Europe,10573.8,412.9,252.0,0.6103,Standard,0.6271,25.0,43.8,22.0,0.369,0.4194,1,train
Rail,South_Asia,South_Asia,1149.6,67.0,37.4,0.5582,High,0.8659,34.2,4.6,58.1,0.0946,0.9021,1,train
Ocean,East_Asia,Oceania,11096.4,419.8,172.9,0.4119,Standard,0.904,24.4,40.5,16.0,0.2837,0.471,1,train
Air,South_Asia,Middle_East,4229.8,26.9,16.2,0.6022,High,0.8109,5.5,60.9,54.0,0.6086,0.0971,1,train
Rail,North_America,Europe,5499.2,133.5,41.0,0.3071,Standard,0.8589,7.6,33.1,18.1,0.3359,0.601,1,train
Ocean,South_Asia,Middle_East,19218.8,691.5,502.5,0.7267,Standard,0.7574,65.0,18.9,35.9,0.2917,0.5326,1,train
Ocean,Europe,Middle_East,12838.1,440.6,51.2,0.1162,Standard,0.7717,22.3,18.0,18.1,0.1732,0.9176,1,train
Air,Southeast_Asia,Oceania,4828.3,40.4,3.4,0.0842,Standard,0.6722,21.0,49.9,44.1,0.6128,0.5926,1,train
Rail,North_America,North_America,4025.9,113.2,71.3,0.6299,Urgent,0.774,44.3,56.1,56.4,0.1254,0.23,1,train
Road,North_America,North_America,288.1,19.3,1.6,0.0829,High,0.9629,58.7,24.1,17.9,0.1688,0.4725,1,train
Air,North_America,Oceania,7420.5,34.7,5.0,0.1441,Standard,0.99,100.0,35.6,27.5,0.4284,0.6429,1,train
Road,North_America,North_America,803.8,19.7,7.6,0.3858,Urgent,0.908,39.6,28.5,12.3,0.02,0.9069,1,train
Rail,South_Asia,East_Asia,2919.9,83.2,68.5,0.8233,Standard,0.9319,3.7,19.0,45.7,0.2327,0.8771,1,train
Ocean,South_Asia,Oceania,17693.4,609.7,468.4,0.7682,Standard,0.981,13.3,24.6,30.1,0.1741,0.8618,1,train
Rail,North_America,North_America,6589.4,176.5,140.0,0.7932,Standard,0.7259,36.5,72.7,12.3,0.0915,0.2263,1,train
Air,South_Asia,East_Asia,7622.8,42.8,38.0,0.8879,Standard,0.9119,53.0,24.5,66.4,0.3079,0.5953,1,train
Ocean,East_Asia,Latin_America,15416.8,548.2,306.0,0.5582,Standard,0.6401,19.0,8.0,9.8,0.587,0.9325,1,train
Air,Middle_East,Latin_America,8891.7,41.7,30.4,0.729,Standard,0.9785,13.3,29.9,52.8,0.3374,0.5002,1,train
Ocean,Europe,Latin_America,7858.1,301.6,275.6,0.9138,Standard,0.9271,55.0,79.9,7.2,0.3753,0.3439,1,train
Air,Southeast_Asia,Oceania,7298.5,36.8,33.5,0.9103,High,0.7456,35.3,33.3,36.4,0.1367,0.9135,1,train
Air,East_Asia,Oceania,5133.0,32.7,18.0,0.5505,Urgent,0.8785,20.3,11.5,32.0,0.6484,0.3814,1,train
Road,Latin_America,North_America,970.1,26.7,23.0,0.8614,Standard,0.8734,6.7,12.1,18.9,0.3339,0.7326,0,train
Ocean,East_Asia,Latin_America,14555.5,521.7,36.1,0.0692,Standard,0.6886,10.3,9.5,10.7,0.5388,0.3097,1,train
Air,Southeast_Asia,Oceania,7870.3,29.6,1.9,0.0642,High,0.9254,13.7,25.7,27.2,0.6773,0.1111,1,train
Air,Southeast_Asia,Europe,7308.0,28.2,3.1,0.1099,Standard,0.7267,48.0,24.2,41.4,0.4231,0.7023,1,train
Road,Europe,Europe,839.7,25.0,21.3,0.852,Standard,0.9544,9.0,81.0,33.6,0.1374,0.7928,1,train
Ocean,South_Asia,Middle_East,10387.7,373.7,123.5,0.3305,Standard,0.8829,38.4,50.2,41.4,0.1736,0.3457,1,train
Road,North_America,North_America,1712.4,29.7,9.4,0.3165,Standard,0.8126,23.2,81.9,26.8,0.1306,0.2515,1,train
Ocean,Southeast_Asia,Europe,15195.0,520.8,445.8,0.856,High,0.927,12.3,35.3,31.5,0.6008,0.8546,1,train
Ocean,South_Asia,Latin_America,14476.3,525.8,487.0,0.9262,High,0.7578,15.4,100.0,80.0,0.2902,0.7706,1,train
Ocean,South_Asia,North_America,13268.0,501.0,388.4,0.7752,Standard,0.99,49.7,48.8,34.5,0.2418,0.6337,1,train
Rail,East_Asia,East_Asia,4002.4,122.6,102.3,0.8344,High,0.687,40.9,14.6,16.4,0.0377,0.1223,1,train
Air,Europe,Middle_East,11353.3,50.1,9.5,0.1896,Standard,0.5773,98.1,12.2,51.8,0.259,0.695,1,train
Ocean,East_Asia,Latin_America,16054.2,563.8,538.1,0.9544,High,0.8725,31.3,5.2,8.5,0.7265,0.2591,1,train
Rail,East_Asia,Europe,2658.2,95.0,52.9,0.5568,Standard,0.8299,10.2,40.7,20.6,0.1434,0.2463,0,train
Ocean,South_Asia,Latin_America,10855.7,410.9,261.4,0.6362,Standard,0.9558,22.2,50.5,2.9,0.5742,0.1826,1,train
Road,North_America,Europe,2129.4,41.2,23.9,0.5801,Standard,0.9533,36.3,28.6,31.8,0.3232,0.6117,1,train
Rail,North_America,North_America,2620.7,91.2,27.5,0.3015,Standard,0.8842,68.1,38.6,15.4,0.0222,0.7359,1,train
Ocean,East_Asia,North_America,11852.2,433.5,213.6,0.4927,Standard,0.6135,18.0,31.8,17.4,0.2722,0.1995,1,train
Ocean,East_Asia,Europe,10272.9,396.6,139.5,0.3517,Standard,0.9041,46.1,20.5,18.3,0.1077,0.5193,1,train
Air,Middle_East,North_America,9576.9,30.8,23.7,0.7695,Urgent,0.9549,48.3,47.9,1.1,0.4337,0.1006,1,train
Road,North_America,North_America,737.8,23.5,10.8,0.4596,Standard,0.8528,15.4,66.2,40.0,0.1872,0.4931,1,train
Air,Middle_East,Oceania,5450.8,31.8,10.0,0.3145,Urgent,0.8734,5.0,56.1,69.8,0.3948,0.4458,1,train
Ocean,East_Asia,Europe,14266.4,524.7,388.0,0.7395,Urgent,0.9134,22.5,75.1,17.4,0.6274,0.8799,1,train
Ocean,Southeast_Asia,Oceania,14260.0,482.0,245.3,0.5089,Standard,0.8847,15.4,45.7,15.7,0.1527,0.0903,1,train
Air,Middle_East,East_Asia,3665.3,17.0,2.1,0.1235,Standard,0.8396,83.2,63.4,30.2,0.1541,0.7351,1,train
Ocean,Southeast_Asia,Oceania,13336.5,494.4,182.6,0.3693,High,0.8218,51.1,81.2,9.5,0.392,0.6506,1,train
Air,South_Asia,Oceania,7018.7,44.4,30.3,0.6824,Standard,0.7648,38.3,14.9,59.1,0.4772,0.3926,1,train
Ocean,Europe,Europe,16802.8,606.8,269.5,0.4441,Standard,0.99,23.7,39.2,25.8,0.0852,0.436,1,train
Rail,South_Asia,South_Asia,3663.3,104.0,60.5,0.5817,High,0.9128,36.3,66.3,39.5,0.1457,0.465,1,train
Rail,Europe,North_America,4847.8,140.7,88.9,0.6318,High,0.9459,7.8,11.6,30.8,0.0645,0.3757,0,train
Road,East_Asia,North_America,1834.7,32.4,2.8,0.0864,Standard,0.707,43.3,72.3,35.8,0.3833,0.7485,1,train
Ocean,East_Asia,Oceania,9095.0,320.8,210.8,0.6571,Standard,0.8956,19.7,11.1,14.0,0.3512,0.4228,0,train
Ocean,South_Asia,North_America,13231.1,490.0,261.7,0.5341,Standard,0.9184,23.0,14.3,25.4,0.6694,0.4134,1,train
Rail,North_America,North_America,6658.7,146.5,106.1,0.7242,High,0.6746,24.6,16.5,38.8,0.1163,0.2278,1,train
Air,South_Asia,Latin_America,11932.9,35.6,25.4,0.7135,Standard,0.8725,8.5,23.0,10.6,0.4553,0.3754,1,train
Road,Europe,Europe,1359.9,32.3,22.1,0.6842,High,0.8398,11.2,100.0,44.9,0.0262,0.5233,1,train
Ocean,Southeast_Asia,Middle_East,5861.9,248.1,148.3,0.5977,High,0.99,32.7,59.4,19.3,0.3761,0.5346,1,train
Road,North_America,North_America,332.6,10.4,4.0,0.3846,High,0.99,36.6,47.0,3.7,0.0588,0.2149,0,train
Ocean,Europe,North_America,8358.3,301.5,146.0,0.4842,Standard,0.8147,27.4,41.7,33.6,0.1379,0.065,1,train
Road,North_America,North_America,413.6,17.4,14.7,0.8448,High,0.7999,23.8,20.8,11.5,0.1087,0.9287,0,train
Ocean,Europe,Europe,12813.5,439.3,128.1,0.2916,Standard,0.7005,28.5,61.0,12.4,0.1198,0.6733,1,train
Air,East_Asia,Middle_East,7392.2,30.8,8.4,0.2727,Standard,0.5757,31.3,26.6,39.1,0.6574,0.8223,1,train
Road,Europe,Europe,2057.6,35.8,18.5,0.5168,High,0.99,26.2,90.9,14.2,0.0375,0.5759,1,train
Ocean,Southeast_Asia,Oceania,14605.4,513.3,436.7,0.8508,Standard,0.6962,63.2,23.1,8.7,0.3718,0.5177,1,train
Ocean,East_Asia,Europe,12832.6,438.9,283.9,0.6468,Standard,0.8988,35.4,42.4,14.6,0.8242,0.6598,1,train
Ocean,East_Asia,Latin_America,11143.4,409.0,223.9,0.5474,High,0.99,14.9,6.8,22.6,0.3295,0.8364,1,train
Ocean,South_Asia,Oceania,12229.2,478.1,42.1,0.0881,Standard,0.9376,34.8,10.3,52.9,0.0814,0.912,1,train
Ocean,Europe,Oceania,12907.4,447.6,357.9,0.7996,High,0.8398,93.2,33.2,58.7,0.4487,0.0569,1,train
Ocean,Southeast_Asia,Latin_America,8832.7,332.4,102.3,0.3078,Standard,0.8279,33.2,76.3,12.5,0.4532,0.4638,1,train
Ocean,Southeast_Asia,Middle_East,8387.2,345.2,134.3,0.389,Urgent,0.5453,42.5,68.3,32.3,0.5331,0.436,1,train
Air,Middle_East,Oceania,6040.8,30.3,5.9,0.1947,High,0.8255,59.6,36.5,23.8,0.3891,0.9374,1,train
Air,South_Asia,East_Asia,8225.8,35.7,24.2,0.6779,Standard,0.6427,16.0,20.0,49.9,0.3304,0.1529,1,train
Road,North_America,North_America,544.6,13.8,6.8,0.4928,Standard,0.99,40.7,23.7,34.2,0.2064,0.2701,1,train
Road,Europe,North_America,1298.5,25.9,7.5,0.2896,Standard,0.9893,26.8,41.1,14.7,0.3688,0.4299,1,train
Ocean,Southeast_Asia,Oceania,11023.1,405.7,238.3,0.5874,Standard,0.6003,34.1,44.8,15.5,0.1205,0.534,1,train
Air,North_America,Europe,12607.4,42.0,30.2,0.719,Standard,0.99,20.1,42.2,17.2,0.3028,0.367,1,train
Rail,North_America,North_America,3786.7,102.3,23.6,0.2307,Urgent,0.7361,20.1,30.3,28.6,0.0561,0.3362,1,train
Air,Europe,Latin_America,7103.0,32.3,19.0,0.5882,Standard,0.6606,62.0,34.5,18.5,0.3685,0.5716,1,train
Air,East_Asia,Middle_East,8337.6,26.2,19.8,0.7557,Standard,0.9788,33.2,65.7,12.8,0.6591,0.119,1,train
Air,East_Asia,Latin_America,5872.2,21.5,4.6,0.214,High,0.8612,12.9,84.1,56.8,0.2079,0.5841,1,train
Road,North_America,North_America,876.0,27.2,11.6,0.4265,Standard,0.7111,9.5,48.8,12.6,0.2333,0.6974,1,train
Air,North_America,East_Asia,2070.4,21.5,12.8,0.5953,Standard,0.6394,16.8,19.4,12.5,0.5815,0.7133,1,train
Road,East_Asia,East_Asia,1237.7,27.0,17.8,0.6593,Standard,0.99,19.9,100.0,39.1,0.096,0.2227,1,train
Ocean,East_Asia,Europe,14118.1,532.4,115.2,0.2164,Urgent,0.8825,8.2,54.2,14.8,0.5565,0.8182,1,train
Ocean,Southeast_Asia,North_America,10919.2,400.7,63.2,0.1577,Standard,0.7349,52.8,50.0,46.4,0.0744,0.7625,1,train
Ocean,South_Asia,North_America,13636.3,470.0,135.8,0.2889,Standard,0.5977,27.7,24.5,54.6,0.3761,0.9329,1,train
Rail,South_Asia,East_Asia,3770.5,116.7,15.8,0.1354,Urgent,0.6337,30.2,56.3,22.6,0.4541,0.2431,1,train
Road,East_Asia,Latin_America,1187.3,27.4,10.2,0.3723,High,0.8564,38.6,14.9,53.1,0.7322,0.1035,1,train
Ocean,Europe,Oceania,8835.5,362.0,193.4,0.5343,High,0.7451,23.7,58.7,10.1,0.5238,0.2177,1,train
Ocean,Southeast_Asia,Middle_East,9227.9,370.2,242.2,0.6542,High,0.99,25.2,21.7,10.0,0.6708,0.662,1,train
Rail,South_Asia,South_Asia,3943.7,113.9,37.7,0.331,High,0.8026,22.9,24.2,26.1,0.2203,0.2657,1,train
Rail,Europe,Europe,3379.1,112.9,62.2,0.5509,High,0.8433,57.7,28.1,38.7,0.0745,0.7194,1,train
Road,Europe,Europe,1175.0,30.3,24.9,0.8218,Standard,0.6181,13.7,22.6,49.1,0.1542,0.9289,1,train
Road,Latin_America,Latin_America,2341.9,37.7,22.1,0.5862,High,0.8577,76.1,50.0,17.6,0.1117,0.1408,1,train
Road,North_America,North_America,1341.3,24.6,1.5,0.061,High,0.6798,4.3,15.1,30.3,0.0771,0.418,1,train
Ocean,Southeast_Asia,Oceania,14637.2,506.5,273.9,0.5408,Standard,0.8196,27.6,33.7,9.3,0.1462,0.1991,1,train
Ocean,East_Asia,Europe,15435.1,549.1,395.8,0.7208,Standard,0.99,36.8,24.5,37.9,0.5547,0.2909,1,train
Road,East_Asia,East_Asia,2265.6,45.7,16.3,0.3567,Standard,0.8133,25.4,49.6,7.7,0.1372,0.6004,1,train
Ocean,South_Asia,Middle_East,10656.1,392.5,299.2,0.7623,Standard,0.9837,40.4,42.9,11.4,0.4211,0.4392,1,train
Road,North_America,Latin_America,960.0,23.5,4.0,0.1702,High,0.8487,72.6,62.6,28.7,0.6329,0.2634,1,train
Road,Latin_America,North_America,1621.4,28.3,12.9,0.4558,High,0.8243,42.6,53.4,8.0,0.4154,0.4719,1,train
Ocean,Southeast_Asia,Europe,9802.6,385.1,358.6,0.9312,Standard,0.9019,52.6,11.6,29.5,0.3648,0.8372,1,train
Ocean,Europe,Middle_East,9969.2,355.1,33.0,0.0929,Standard,0.85,39.8,17.0,32.6,0.3875,0.9493,1,train
Ocean,South_Asia,Europe,8507.6,302.6,103.5,0.342,Urgent,0.99,38.3,18.2,74.8,0.2806,0.7867,1,train
Road,East_Asia,East_Asia,2738.8,43.4,21.4,0.4931,Standard,0.8793,100.0,9.7,26.0,0.0623,0.2627,1,train
Ocean,Southeast_Asia,Oceania,8225.2,312.3,188.9,0.6049,High,0.6867,44.6,85.8,18.0,0.1742,0.8366,1,train
Air,Latin_America,Europe,5937.7,21.7,2.2,0.1014,Standard,0.7278,7.1,53.1,15.1,0.3782,0.2403,1,train
Air,Europe,Middle_East,5354.2,25.0,5.4,0.216,Standard,0.99,23.9,46.2,12.3,0.1268,0.7571,1,train
Ocean,Europe,Oceania,5746.9,261.7,82.4,0.3149,Standard,0.8951,32.4,57.5,39.9,0.4784,0.4698,1,train
Ocean,Europe,North_America,9719.8,345.7,315.0,0.9112,Standard,0.99,79.5,37.5,21.4,0.6781,0.2469,1,train
Air,Southeast_Asia,Europe,5873.8,36.9,12.6,0.3415,Standard,0.7495,28.3,11.1,6.5,0.5679,0.1363,1,train
Road,North_America,North_America,925.2,23.7,8.5,0.3586,High,0.8568,26.0,23.7,28.1,0.0414,0.252,0,train
Ocean,East_Asia,North_America,9537.5,392.8,382.7,0.9743,Urgent,0.8912,22.4,41.2,39.3,0.6541,0.9005,1,train
Road,Latin_America,Latin_America,1400.1,29.7,18.1,0.6094,Standard,0.7774,38.6,12.2,28.3,0.1,0.5842,1,train
Air,Southeast_Asia,Latin_America,7049.0,32.5,21.5,0.6615,Standard,0.4555,37.5,41.7,30.6,0.2389,0.7341,1,train
Ocean,South_Asia,Middle_East,10660.5,402.8,354.8,0.8808,Standard,0.7354,11.7,72.1,18.6,0.05,0.2089,1,train
Air,Southeast_Asia,Europe,8325.1,43.1,6.0,0.1392,Standard,0.7062,23.1,37.7,4.7,0.581,0.7323,1,train
Rail,North_America,North_America,3376.2,81.3,32.7,0.4022,Standard,0.7989,17.6,29.3,28.6,0.02,0.9493,1,train
Ocean,East_Asia,North_America,8298.7,327.3,171.9,0.5252,Standard,0.8973,24.5,28.1,14.1,0.472,0.9777,1,train
Air,North_America,Latin_America,8280.4,41.0,25.9,0.6317,Standard,0.5441,1.8,39.8,49.4,0.2632,0.824,1,train
Ocean,East_Asia,Latin_America,11149.9,390.5,27.5,0.0704,High,0.6272,72.0,45.8,16.9,0.5932,0.6114,1,train
Road,North_America,North_America,681.7,20.0,7.2,0.36,Urgent,0.99,42.4,3.8,16.9,0.0445,0.9008,1,train
Rail,South_Asia,South_Asia,4841.9,111.7,17.4,0.1558,Urgent,0.9315,37.7,9.0,13.0,0.1092,0.9315,1,train
Air,Latin_America,Europe,7868.7,26.3,20.7,0.7871,Standard,0.8754,38.5,57.5,43.6,0.3879,0.8456,1,train
Rail,Europe,Europe,4419.4,129.0,75.9,0.5884,Standard,0.6848,100.0,53.5,9.4,0.1277,0.703,1,train
Ocean,East_Asia,Oceania,9820.3,379.6,348.9,0.9191,Standard,0.6989,22.7,19.8,41.4,0.5411,0.9588,1,train
Road,North_America,North_America,2284.9,43.2,23.9,0.5532,High,0.8115,36.6,13.4,31.6,0.1248,0.9523,1,train
Ocean,East_Asia,Latin_America,14145.7,503.0,328.3,0.6527,Standard,0.9127,100.0,32.3,63.9,0.535,0.3813,1,train
Ocean,Europe,Europe,6490.6,285.2,115.7,0.4057,High,0.99,20.7,50.6,58.2,0.1966,0.872,1,train
Rail,East_Asia,Europe,5981.8,145.7,80.0,0.5491,High,0.7883,18.9,5.4,19.6,0.3571,0.1245,0,train
Ocean,Southeast_Asia,Oceania,13177.5,477.8,99.6,0.2085,Standard,0.9121,57.3,43.4,32.9,0.7118,0.8456,1,train
Air,Middle_East,East_Asia,3582.6,31.4,24.7,0.7866,Standard,0.7788,63.8,36.3,23.1,0.4525,0.805,1,train
Rail,East_Asia,Europe,6298.2,138.1,48.8,0.3534,High,0.7861,22.7,45.3,25.4,0.1092,0.2439,1,train
Ocean,Europe,Oceania,9415.0,385.0,76.2,0.1979,Standard,0.99,29.6,34.3,22.1,0.3987,0.9084,1,train
Air,South_Asia,Middle_East,6917.4,31.2,22.0,0.7051,High,0.9819,56.3,48.9,31.6,0.5005,0.3016,1,train
Ocean,Southeast_Asia,Middle_East,8077.4,289.3,32.4,0.112,Standard,0.7559,26.3,21.2,21.1,0.5566,0.4631,1,train
Ocean,Europe,Latin_America,13794.5,484.5,405.8,0.8376,High,0.6338,28.9,24.7,34.0,0.3054,0.942,1,train
Ocean,East_Asia,Latin_America,14792.2,505.4,250.0,0.4947,Standard,0.5568,42.7,55.2,61.9,0.231,0.7218,1,train
Ocean,Southeast_Asia,North_America,10766.6,408.8,36.5,0.0893,Urgent,0.7805,15.7,37.9,48.2,0.3639,0.484,1,train
Ocean,East_Asia,Europe,12134.2,466.8,129.7,0.2778,Standard,0.8372,51.9,39.0,23.6,0.2588,0.7708,1,train
Road,North_America,Europe,587.7,22.7,20.3,0.8943,Standard,0.8047,62.0,52.8,11.0,0.1022,0.4973,1,train
Ocean,Europe,Latin_America,14910.7,522.7,426.3,0.8156,Standard,0.7665,49.9,21.3,38.7,0.2218,0.2603,1,train
Air,Europe,Latin_America,7909.6,31.2,24.8,0.7949,Standard,0.9017,39.3,64.1,40.7,0.6006,0.0592,1,train
Road,Latin_America,Latin_America,1113.9,25.5,2.2,0.0863,Standard,0.8878,24.0,42.7,32.3,0.1188,0.8954,1,train
Road,East_Asia,East_Asia,1064.6,20.7,3.2,0.1546,Standard,0.8208,11.0,28.0,16.9,0.1213,0.4008,0,train
Rail,South_Asia,South_Asia,2677.0,99.5,84.3,0.8472,High,0.4977,46.5,8.3,13.2,0.1324,0.251,1,train
Ocean,South_Asia,Europe,15034.4,524.3,113.1,0.2157,Standard,0.9756,37.2,17.0,19.1,0.6269,0.3251,1,train
Ocean,Southeast_Asia,Middle_East,15795.0,578.7,213.4,0.3688,Standard,0.799,39.4,20.0,8.3,0.3235,0.8805,1,train
Ocean,South_Asia,Europe,14925.7,560.0,467.1,0.8341,Standard,0.8494,70.7,13.2,39.5,0.9595,0.3762,1,train
Road,East_Asia,Europe,1785.4,29.8,22.8,0.7651,Urgent,0.9074,24.8,100.0,15.2,0.2184,0.3012,1,train
Ocean,South_Asia,Middle_East,12609.1,440.3,278.2,0.6318,High,0.8314,20.9,37.4,19.7,0.4566,0.4472,1,train
Road,East_Asia,East_Asia,2105.4,44.0,7.6,0.1727,High,0.7014,52.9,61.5,20.8,0.2141,0.3779,1,train
Rail,East_Asia,East_Asia,4229.0,124.4,71.2,0.5723,Standard,0.99,12.0,43.5,37.6,0.0786,0.7206,1,train
Road,Latin_America,Latin_America,2156.1,37.7,31.9,0.8462,High,0.7917,63.1,24.7,41.9,0.1633,0.6425,1,train
Ocean,East_Asia,Latin_America,11541.1,425.2,230.1,0.5412,Urgent,0.99,41.5,46.6,78.2,0.5214,0.1858,1,train
Rail,North_America,Europe,1265.0,57.8,54.1,0.936,Standard,0.812,24.6,28.2,36.6,0.8404,0.7342,1,train
Road,Latin_America,North_America,1652.9,34.2,12.3,0.3596,High,0.9269,22.0,61.6,13.3,0.6491,0.7161,1,train
Ocean,Southeast_Asia,Middle_East,11963.6,418.9,304.3,0.7264,Urgent,0.976,7.8,38.4,20.8,0.3187,0.7101,1,train
Air,Southeast_Asia,Oceania,9214.2,41.8,28.5,0.6818,Standard,0.8943,60.6,17.6,46.8,0.1729,0.1939,1,train
Road,Latin_America,Latin_America,476.7,11.2,1.2,0.1071,Standard,0.807,69.5,34.0,6.6,0.1757,0.4271,1,train
Rail,North_America,Europe,3677.8,118.7,28.1,0.2367,Standard,0.99,32.2,54.4,12.4,0.3783,0.6604,1,train
Air,North_America,Oceania,9411.2,38.0,10.3,0.2711,High,0.7016,66.7,48.9,21.9,0.5741,0.5635,1,train
Air,East_Asia,Europe,7813.7,38.8,36.5,0.9407,Standard,0.99,13.6,49.3,37.1,0.32,0.4452,1,train
Road,North_America,North_America,1471.0,27.7,10.4,0.3755,Standard,0.9627,45.3,26.7,21.2,0.1067,0.9672,1,train
Road,East_Asia,East_Asia,602.3,14.4,9.1,0.6319,High,0.8125,64.4,24.6,16.2,0.2217,0.5852,1,train
Air,North_America,Europe,5692.0,41.6,23.5,0.5649,Standard,0.9355,18.8,25.6,28.2,0.2361,0.0605,1,train
Ocean,Europe,Oceania,9646.6,347.6,205.2,0.5903,Urgent,0.9617,28.2,32.5,18.0,0.2121,0.2282,1,train
Road,East_Asia,East_Asia,1290.9,30.4,17.6,0.5789,Standard,0.99,42.7,79.6,24.5,0.0501,0.5507,1,train
Ocean,South_Asia,Oceania,12661.7,439.0,383.7,0.874,Standard,0.8572,34.0,22.2,45.3,0.711,0.1062,1,train
Air,Southeast_Asia,Oceania,10424.0,42.7,18.3,0.4286,Urgent,0.7755,35.6,9.0,44.5,0.5472,0.9189,1,train
Rail,East_Asia,North_America,500.0,25.9,4.7,0.1815,Standard,0.7687,45.6,20.1,25.1,0.3003,0.0676,1,train
Air,Southeast_Asia,Latin_America,3808.9,17.3,5.2,0.3006,Standard,0.9343,29.1,41.4,6.3,0.4509,0.4282,1,train
Rail,Europe,Europe,2404.7,92.2,37.6,0.4078,Urgent,0.783,32.4,15.3,20.0,0.0768,0.8378,1,train
Road,North_America,North_America,1857.3,39.0,4.4,0.1128,Standard,0.8769,86.9,34.4,15.6,0.1286,0.1303,1,train
Road,Europe,Europe,1748.2,40.5,5.6,0.1383,Standard,0.8309,55.3,24.3,18.5,0.0988,0.2517,1,train
Rail,Europe,Europe,4410.9,101.4,93.0,0.9172,Standard,0.8011,50.3,30.0,79.5,0.0897,0.4553,1,train
Road,Europe,Europe,1800.0,34.8,3.5,0.1006,Standard,0.765,33.1,73.1,29.3,0.1731,0.3924,1,train
Road,Latin_America,Latin_America,872.6,19.4,1.8,0.0928,Standard,0.864,34.2,26.4,7.9,0.1602,0.0908,0,train
Air,Middle_East,East_Asia,2989.3,34.8,25.8,0.7414,High,0.8571,7.3,18.2,0.6,0.5274,0.3297,0,train
Ocean,Southeast_Asia,North_America,9768.3,366.9,303.7,0.8277,Standard,0.6896,42.4,23.5,12.5,0.1843,0.5769,1,train
Air,East_Asia,Middle_East,6361.2,29.8,23.5,0.7886,High,0.9661,21.8,31.6,7.6,0.4693,0.2082,0,train
Road,North_America,North_America,718.4,24.4,15.1,0.6189,High,0.8281,23.2,67.4,32.6,0.0998,0.6749,1,train
Road,Europe,Europe,1624.3,37.1,35.5,0.9569,High,0.7951,30.3,15.1,24.1,0.1066,0.6099,1,train
Ocean,East_Asia,Latin_America,14677.9,549.3,350.1,0.6374,Standard,0.9076,9.0,17.6,8.2,0.5352,0.921,1,train
Air,Middle_East,Europe,7280.5,43.3,3.4,0.0785,Standard,0.9618,12.3,15.2,13.7,0.3519,0.4844,0,train
Ocean,South_Asia,North_America,13848.9,520.3,34.0,0.0653,Standard,0.6936,31.1,13.4,36.0,0.3559,0.4048,1,train
Ocean,South_Asia,Middle_East,6394.6,266.9,186.9,0.7003,Urgent,0.8334,23.0,31.5,31.8,0.4996,0.6791,1,train
Road,Latin_America,Latin_America,1602.3,35.2,8.5,0.2415,High,0.6568,37.5,8.4,27.5,0.0469,0.3735,1,train
Ocean,Europe,Europe,10120.2,393.3,236.7,0.6018,High,0.8149,7.4,11.3,16.9,0.1435,0.7236,1,train
Ocean,South_Asia,Middle_East,16494.9,585.2,307.6,0.5256,Standard,0.99,29.4,24.2,27.1,0.5276,0.9104,1,train
Air,Southeast_Asia,East_Asia,8563.2,34.0,28.8,0.8471,High,0.6964,13.7,18.8,21.6,0.5105,0.3832,1,train
Road,North_America,North_America,394.2,15.1,9.5,0.6291,Urgent,0.9165,15.1,23.3,2.5,0.1667,0.1695,0,train
Ocean,Southeast_Asia,North_America,9945.0,371.4,58.1,0.1564,Urgent,0.7342,88.3,19.3,59.6,0.6472,0.82,1,train
Road,North_America,North_America,1161.4,21.2,11.2,0.5283,Standard,0.8795,55.9,44.9,16.4,0.0515,0.3649,1,train
Road,Europe,Europe,1513.8,25.8,20.0,0.7752,Standard,0.7734,27.4,75.4,20.5,0.1649,0.9543,1,train
Rail,East_Asia,East_Asia,1456.5,61.6,8.0,0.1299,Standard,0.8597,9.7,55.7,59.5,0.1792,0.9446,1,train
Air,South_Asia,Europe,4668.4,41.8,10.9,0.2608,Standard,0.868,29.5,19.1,6.9,0.4768,0.4205,1,train
Air,Europe,North_America,8398.0,40.6,23.8,0.5862,Standard,0.8437,25.0,41.2,4.4,0.147,0.6299,1,train
Road,East_Asia,East_Asia,150.0,16.6,5.5,0.3313,Standard,0.6247,17.2,40.6,12.3,0.0515,0.9178,1,train
Road,Latin_America,Latin_America,871.0,22.9,16.2,0.7074,Urgent,0.8525,34.0,75.3,40.5,0.02,0.4086,1,train
Air,Southeast_Asia,Latin_America,3519.8,37.2,5.6,0.1505,Standard,0.8542,32.9,39.3,18.2,0.3351,0.8629,1,train
Air,North_America,Middle_East,4101.2,32.3,16.5,0.5108,Standard,0.8232,23.3,15.1,24.1,0.3574,0.7249,1,train
Road,Latin_America,Latin_America,1433.6,28.4,2.8,0.0986,Standard,0.7364,35.3,19.5,47.4,0.1725,0.8554,1,train
Air,South_Asia,East_Asia,4347.9,18.4,15.7,0.8533,Standard,0.8871,5.6,33.7,34.2,0.4547,0.3432,1,train
Rail,East_Asia,North_America,2880.4,72.2,34.6,0.4792,Standard,0.8983,25.4,33.5,42.6,0.5178,0.61,1,train
Ocean,Southeast_Asia,Middle_East,11172.5,406.5,50.0,0.123,High,0.7578,23.4,51.0,0.9,0.3472,0.2042,1,train
Road,Europe,Europe,150.0,15.2,14.2,0.9342,High,0.8712,21.2,52.5,38.1,0.1869,0.5862,1,train
Air,South_Asia,Europe,4670.5,41.1,32.2,0.7835,Urgent,0.8453,50.9,59.6,20.4,0.4691,0.9161,1,train
Road,Europe,Europe,1798.9,31.6,4.5,0.1424,High,0.9311,100.0,20.6,39.9,0.1306,0.8489,1,train
Air,Middle_East,Europe,8047.0,34.1,3.0,0.088,Standard,0.7953,56.7,6.0,20.0,0.2282,0.3376,1,train
Air,East_Asia,Middle_East,7318.0,32.4,21.7,0.6698,Standard,0.8072,29.2,100.0,16.3,0.4094,0.0972,1,train
Rail,East_Asia,East_Asia,1804.3,65.7,10.2,0.1553,Standard,0.6675,38.9,52.0,19.8,0.1407,0.4488,1,train
Ocean,Europe,Latin_America,6639.8,266.9,188.3,0.7055,Urgent,0.9757,29.8,17.4,86.4,0.6457,0.8984,1,train
Air,Latin_America,North_America,3529.2,24.1,14.8,0.6141,Standard,0.9369,46.2,19.1,39.5,0.1192,0.8898,1,train
Ocean,Europe,Europe,13950.9,492.4,288.3,0.5855,High,0.6632,66.0,9.3,7.7,0.1414,0.6767,1,train
Ocean,Europe,Latin_America,14078.2,508.2,162.0,0.3188,High,0.99,19.0,7.0,30.1,0.3751,0.0718,1,train
Rail,Europe,Europe,3604.9,93.4,74.5,0.7976,Standard,0.8914,22.7,58.8,4.4,0.0625,0.6487,1,train
Road,Europe,Europe,878.5,18.0,10.6,0.5889,High,0.99,61.6,20.4,31.4,0.1325,0.2848,1,train
Ocean,East_Asia,Oceania,8470.6,313.2,302.5,0.9658,Standard,0.8085,24.2,45.2,20.3,0.4592,0.9552,1,train
Ocean,East_Asia,North_America,15733.6,530.4,66.8,0.1259,Standard,0.9503,24.9,40.1,40.7,0.617,0.8044,1,train
Ocean,South_Asia,Oceania,5372.5,238.5,209.8,0.8797,Standard,0.7819,70.7,32.3,22.4,0.2308,0.4228,1,train
Ocean,South_Asia,Oceania,9071.0,362.4,341.9,0.9434,Standard,0.843,34.6,34.2,11.7,0.203,0.5772,1,train
Road,North_America,Latin_America,1345.6,32.5,27.8,0.8554,High,0.99,66.0,45.9,47.1,0.4658,0.604,1,train
Ocean,East_Asia,North_America,9878.1,357.8,245.1,0.685,High,0.8144,68.4,16.9,30.6,0.3767,0.8962,1,train
Road,East_Asia,Latin_America,2049.3,38.9,4.0,0.1028,Standard,0.9438,20.9,49.7,58.4,0.3876,0.5922,1,train
Ocean,South_Asia,Europe,10884.5,431.2,106.9,0.2479,High,0.7489,61.7,39.1,19.6,0.4676,0.6723,1,train
Ocean,Southeast_Asia,Middle_East,14541.0,517.8,347.6,0.6713,Urgent,0.9747,25.3,46.5,54.3,0.382,0.1384,1,train
Road,Europe,Europe,1667.1,35.4,6.2,0.1751,Standard,0.8363,37.5,37.1,33.5,0.1334,0.3191,1,train
Air,South_Asia,North_America,7369.3,41.8,33.0,0.7895,Standard,0.9891,51.5,77.1,42.2,0.0722,0.1584,1,train
Road,Europe,Europe,662.8,17.3,5.7,0.3295,High,0.5976,7.8,58.8,61.1,0.1526,0.2123,1,train
Ocean,East_Asia,Oceania,8361.9,305.7,140.9,0.4609,Urgent,0.99,37.5,17.8,10.6,0.3614,0.2452,0,train
Rail,Europe,East_Asia,4588.2,113.0,103.1,0.9124,High,0.7285,18.0,42.7,23.9,0.5783,0.3302,1,train
Ocean,Europe,Latin_America,9745.1,368.4,233.0,0.6325,Urgent,0.8735,51.5,15.6,35.4,0.3965,0.8508,1,train
Ocean,Southeast_Asia,Oceania,4446.9,175.8,119.8,0.6815,High,0.7001,36.0,17.7,32.1,0.4267,0.664,1,train
Ocean,South_Asia,North_America,13547.2,483.9,31.4,0.0649,Standard,0.99,24.6,16.0,50.5,0.5316,0.1587,1,train
Rail,South_Asia,South_Asia,6343.8,144.9,132.9,0.9172,High,0.7285,18.7,25.3,21.9,0.0586,0.6184,1,train
Air,North_America,Oceania,9105.8,41.9,39.5,0.9427,Standard,0.9216,46.0,25.3,19.9,0.2083,0.4864,1,train
Air,North_America,Oceania,5613.3,28.2,7.0,0.2482,High,0.99,54.8,24.6,41.0,0.572,0.4087,1,train
Ocean,South_Asia,Europe,10961.0,397.4,295.7,0.7441,Standard,0.9842,37.6,42.4,47.0,0.2702,0.2515,1,train
Road,Europe,Europe,1642.3,37.2,19.4,0.5215,Standard,0.9262,38.9,40.9,8.8,0.1749,0.8585,1,train
Air,North_America,Oceania,5488.7,35.1,7.1,0.2023,Urgent,0.8942,65.7,32.8,4.4,0.349,0.2792,1,train
Road,North_America,North_America,1410.8,33.8,14.4,0.426,High,0.8647,31.6,8.3,14.0,0.0805,0.7296,0,train
Air,Southeast_Asia,Latin_America,5846.2,33.4,14.0,0.4192,High,0.99,10.5,34.5,24.9,0.2718,0.9166,1,train
Ocean,Europe,Oceania,10600.8,387.2,171.5,0.4429,Urgent,0.5767,13.5,22.6,23.4,0.267,0.6965,1,train
Air,Southeast_Asia,Oceania,8115.2,34.4,3.0,0.0872,Standard,0.9282,52.3,32.7,72.9,0.3394,0.1966,1,train
Ocean,South_Asia,North_America,12023.5,445.2,304.9,0.6849,Standard,0.8207,2.1,5.1,18.3,0.2613,0.1145,0,train
Road,North_America,North_America,1342.6,27.1,2.2,0.0812,High,0.8526,56.3,76.9,25.6,0.1377,0.4823,1,train
Ocean,South_Asia,Latin_America,10682.5,386.2,251.8,0.652,High,0.8497,29.9,53.1,6.8,0.7012,0.4879,1,train
Ocean,Southeast_Asia,Europe,18342.8,632.7,416.1,0.6577,High,0.9074,43.0,54.6,13.3,0.4504,0.2834,1,train
Road,North_America,North_America,590.2,20.4,17.6,0.8627,High,0.8883,67.7,31.5,28.3,0.1896,0.1067,1,train
Ocean,East_Asia,North_America,8815.1,363.2,102.2,0.2814,Standard,0.9128,32.8,23.5,68.5,0.98,0.8275,1,train
Rail,North_America,East_Asia,500.0,45.7,39.2,0.8578,Standard,0.9101,14.2,33.0,60.4,0.5897,0.9114,1,train
Air,Latin_America,North_America,7215.6,44.6,5.3,0.1188,High,0.8762,36.5,29.1,19.1,0.3617,0.2036,1,train
Ocean,East_Asia,Latin_America,15685.3,540.9,105.2,0.1945,Standard,0.8441,35.3,14.0,22.0,0.4643,0.5512,1,train
Ocean,Europe,Europe,7405.9,275.4,183.5,0.6663,Standard,0.99,22.7,100.0,36.6,0.1758,0.619,1,train
Ocean,Southeast_Asia,Oceania,8683.5,347.2,127.9,0.3684,High,0.8587,44.9,13.9,34.3,0.3247,0.6242,1,train
Road,East_Asia,East_Asia,627.2,18.6,6.0,0.3226,Standard,0.8154,22.4,24.4,17.0,0.02,0.7215,0,train
Air,Southeast_Asia,North_America,8004.3,41.0,25.2,0.6146,High,0.8477,20.7,32.9,68.2,0.3345,0.617,1,train
Road,East_Asia,North_America,277.4,18.4,4.1,0.2228,Standard,0.6308,20.2,8.3,45.6,0.5779,0.7239,1,train
Ocean,Europe,North_America,9400.0,361.1,154.9,0.429,Standard,0.9089,53.5,12.7,20.3,0.05,0.6338,1,train
Ocean,East_Asia,Oceania,11657.0,453.9,443.2,0.9764,Standard,0.5467,77.6,19.7,28.3,0.5201,0.4873,1,train
Ocean,Europe,Oceania,9127.2,362.4,258.5,0.7133,High,0.7991,16.1,22.9,36.6,0.4667,0.439,1,train
Ocean,Europe,Europe,8580.6,318.8,237.9,0.7462,High,0.8393,83.6,19.1,14.6,0.2087,0.8406,1,train
Ocean,East_Asia,Europe,13108.0,460.6,167.7,0.3641,High,0.99,36.7,64.2,29.7,0.3631,0.2619,1,train
Road,East_Asia,Europe,1643.7,27.5,10.9,0.3964,Urgent,0.8547,13.4,51.0,53.1,0.5785,0.66,1,train
Air,Southeast_Asia,Middle_East,2706.8,28.1,22.9,0.8149,Urgent,0.7885,50.5,59.7,27.9,0.2605,0.972,1,train
Rail,South_Asia,South_Asia,3317.1,102.2,76.5,0.7485,High,0.8771,27.3,51.8,51.6,0.2351,0.2534,1,train
Ocean,East_Asia,North_America,5192.2,241.9,183.9,0.7602,Standard,0.9544,30.1,19.1,7.7,0.4332,0.9699,1,train
Road,North_America,North_America,877.6,21.0,13.5,0.6429,Standard,0.976,39.3,44.5,47.7,0.0813,0.6977,1,train
Rail,North_America,Europe,4148.6,126.5,49.4,0.3905,Standard,0.99,23.2,100.0,71.3,0.3502,0.7514,1,train
Ocean,East_Asia,Oceania,6326.1,284.2,134.6,0.4736,Standard,0.99,38.0,28.5,23.4,0.7277,0.3623,1,train
Road,Latin_America,Latin_America,772.6,17.9,8.4,0.4693,Standard,0.8544,23.8,36.6,31.7,0.1334,0.505,1,train
Road,Europe,Europe,1829.4,39.9,22.7,0.5689,High,0.8922,11.8,57.5,14.1,0.04,0.8937,1,train
Rail,North_America,North_America,3406.5,82.6,9.0,0.109,Standard,0.8176,56.3,87.1,14.4,0.1286,0.6943,1,train
Ocean,East_Asia,Europe,12436.1,470.6,168.0,0.357,High,0.6972,42.5,68.3,39.1,0.575,0.9699,1,train
Road,Europe,Europe,1855.7,38.1,36.5,0.958,Standard,0.99,15.2,10.5,12.5,0.1817,0.7843,0,train
Ocean,East_Asia,Europe,10891.0,409.5,269.6,0.6584,High,0.9312,73.2,12.0,50.3,0.391,0.5252,1,train
Ocean,East_Asia,Oceania,9063.2,372.0,51.9,0.1395,Standard,0.6496,35.2,37.7,10.1,0.3767,0.658,1,train
Ocean,East_Asia,Europe,8670.7,310.7,91.8,0.2955,High,0.99,44.2,28.4,6.3,0.6703,0.8562,1,train
Ocean,South_Asia,Europe,10632.1,392.5,38.9,0.0991,Standard,0.7736,18.5,85.7,41.2,0.3291,0.9014,1,train
Road,East_Asia,East_Asia,1603.7,33.3,21.2,0.6366,Standard,0.7292,54.7,40.9,39.0,0.0249,0.556,1,train
Ocean,Europe,Middle_East,13951.7,499.6,94.8,0.1898,High,0.9262,21.7,98.9,14.6,0.2037,0.9322,1,train
Road,Europe,Europe,825.0,24.4,12.3,0.5041,High,0.7688,41.1,33.3,11.2,0.1602,0.6777,1,train
Ocean,Europe,Oceania,6399.1,266.5,236.8,0.8886,Standard,0.806,35.7,44.2,37.5,0.5713,0.1787,1,train
Rail,South_Asia,South_Asia,3781.0,103.4,5.4,0.0522,Urgent,0.7643,16.7,36.1,16.1,0.1615,0.7548,1,train
Ocean,Europe,Middle_East,9782.1,396.1,200.0,0.5049,Standard,0.7982,13.4,24.8,43.8,0.1398,0.9446,1,train
Rail,Europe,Europe,3434.6,102.3,33.6,0.3284,Standard,0.8603,6.9,28.1,36.3,0.1787,0.7231,1,train
Rail,Europe,Europe,3627.9,118.7,114.1,0.9612,Standard,0.9672,21.1,28.8,63.2,0.1778,0.5102,1,train
Road,Latin_America,Latin_America,883.5,21.5,11.0,0.5116,Urgent,0.9618,43.2,18.2,6.6,0.1509,0.8806,1,train
Ocean,East_Asia,North_America,10383.8,388.8,22.5,0.0579,High,0.7829,56.3,45.3,36.0,0.341,0.9359,1,train
Air,Middle_East,North_America,8376.8,31.9,25.0,0.7837,Standard,0.9887,67.8,10.8,11.1,0.108,0.8614,1,train
Rail,North_America,Europe,701.9,52.1,14.4,0.2764,Standard,0.9508,12.5,43.5,41.4,0.568,0.7985,1,train
Ocean,Southeast_Asia,Middle_East,9989.1,367.5,346.8,0.9437,Standard,0.8003,32.2,74.0,13.1,0.6029,0.834,1,train
Ocean,East_Asia,North_America,9263.8,368.1,200.4,0.5444,High,0.8374,36.4,55.1,38.6,0.434,0.6411,1,train
Ocean,East_Asia,Oceania,7363.5,268.0,225.8,0.8425,High,0.7362,52.0,27.8,17.7,0.1546,0.2687,1,train
Rail,Europe,Europe,2699.6,99.1,62.2,0.6276,Standard,0.7711,18.8,42.9,32.4,0.082,0.2079,1,train
Ocean,Europe,Europe,8147.7,298.9,136.7,0.4573,Urgent,0.9041,19.0,10.3,32.9,0.118,0.7877,1,train
Rail,Europe,Europe,5613.3,128.0,120.7,0.943,High,0.8622,42.8,62.1,51.3,0.1527,0.0803,1,train
Ocean,East_Asia,Middle_East,14104.0,504.8,164.5,0.3259,Standard,0.8008,28.1,42.1,25.2,0.8195,0.7447,1,train
Road,Europe,Latin_America,344.3,16.3,9.3,0.5706,Standard,0.9332,31.2,44.2,5.2,0.05,0.7853,1,train
Air,South_Asia,Middle_East,5799.8,27.2,2.7,0.0993,Standard,0.99,36.9,59.4,6.6,0.2526,0.6315,1,train
Ocean,East_Asia,North_America,11150.2,444.4,326.8,0.7354,Standard,0.879,56.9,42.0,20.7,0.6623,0.606,1,train
Rail,East_Asia,East_Asia,2711.6,95.7,21.5,0.2247,Standard,0.9163,27.7,100.0,28.6,0.0885,0.5848,1,train
Air,North_America,Oceania,2172.9,23.2,16.2,0.6983,Urgent,0.9369,44.3,11.6,10.5,0.4415,0.132,0,train
Air,Southeast_Asia,North_America,11576.8,50.0,16.0,0.32,High,0.7269,14.1,29.3,32.5,0.5143,0.9403,1,train
Road,Latin_America,Latin_America,1795.5,39.8,38.2,0.9598,Standard,0.8594,88.7,9.3,30.9,0.0594,0.4572,1,train
Ocean,Southeast_Asia,Latin_America,14985.1,512.1,437.6,0.8545,High,0.8924,23.3,51.2,8.9,0.3821,0.4652,1,train
Ocean,Southeast_Asia,Europe,14745.3,513.7,89.3,0.1738,Standard,0.702,20.8,15.6,24.9,0.2557,0.6772,1,train
Road,Latin_America,Latin_America,690.7,14.5,3.3,0.2276,Standard,0.7633,56.1,60.2,11.7,0.0647,0.7847,1,train
Air,North_America,Latin_America,5974.5,41.0,36.7,0.8951,Standard,0.6921,30.3,32.3,7.9,0.3485,0.8631,1,train
Ocean,South_Asia,Europe,11811.0,407.7,224.9,0.5516,High,0.9618,42.2,41.6,3.9,0.7464,0.4259,1,train
Rail,North_America,North_America,4276.0,117.4,13.7,0.1167,High,0.99,21.6,37.8,20.0,0.1107,0.2779,0,train
Road,Europe,Europe,1000.0,20.7,2.2,0.1063,Standard,0.7409,28.3,45.5,27.3,0.1286,0.3131,1,train
Rail,Europe,Europe,2349.5,68.8,59.2,0.8605,Urgent,0.8342,51.6,35.2,43.3,0.142,0.8045,1,train
Ocean,Europe,Middle_East,3500.0,193.5,10.5,0.0543,Standard,0.794,40.3,7.0,22.9,0.731,0.0946,1,train
Ocean,Europe,Europe,7731.7,282.6,201.6,0.7134,Standard,0.7988,13.5,29.9,7.1,0.1795,0.4822,1,train
Road,Latin_America,Latin_America,1994.1,36.5,5.9,0.1616,Standard,0.9053,22.3,12.0,45.6,0.1343,0.5811,1,train
Ocean,South_Asia,Europe,8153.5,312.7,275.1,0.8798,Standard,0.8713,23.0,48.1,11.1,0.7931,0.7096,1,train
Ocean,Europe,Middle_East,14139.9,491.5,305.0,0.6205,Standard,0.7202,18.3,78.0,26.1,0.5855,0.6295,1,train
Road,North_America,North_America,286.0,19.7,11.0,0.5584,Standard,0.8599,7.7,32.7,46.1,0.2167,0.2122,1,train
Ocean,East_Asia,Middle_East,10088.5,364.8,344.4,0.9441,Urgent,0.6843,23.4,18.2,33.9,0.4187,0.1309,1,train
Road,North_America,Europe,652.3,16.8,14.3,0.8512,Standard,0.9279,46.7,74.2,12.8,0.2733,0.7785,1,train
Rail,Europe,Europe,3885.6,103.7,59.9,0.5776,High,0.8509,39.1,71.8,31.8,0.0966,0.8965,1,train
Road,East_Asia,North_America,1556.2,34.9,32.3,0.9255,Standard,0.882,100.0,63.6,15.9,0.366,0.1022,1,train
Air,Europe,East_Asia,5382.9,28.4,4.1,0.1444,Urgent,0.9763,38.0,12.7,77.4,0.796,0.1738,1,train
Ocean,South_Asia,North_America,12970.9,499.1,57.8,0.1158,High,0.99,60.1,21.2,37.1,0.05,0.2745,1,train
Ocean,East_Asia,Middle_East,15165.5,541.8,226.7,0.4184,Standard,0.9757,38.3,16.3,25.3,0.7597,0.917,1,train
Ocean,South_Asia,Middle_East,9436.3,356.2,292.9,0.8223,Urgent,0.9144,80.6,22.1,11.2,0.3583,0.4733,1,train
Rail,South_Asia,South_Asia,1036.7,52.8,9.0,0.1705,High,0.7472,15.2,3.7,31.8,0.123,0.0714,0,train
Road,North_America,North_America,150.0,16.2,3.1,0.1914,Standard,0.6914,73.3,33.2,45.4,0.1951,0.2466,1,train
Ocean,Europe,Middle_East,9753.8,389.9,351.8,0.9023,Standard,0.9582,44.7,44.4,31.1,0.3141,0.5652,1,train
Road,East_Asia,East_Asia,2738.1,49.0,7.7,0.1571,Standard,0.7567,34.3,36.7,12.8,0.1688,0.72,1,train
Ocean,Europe,Oceania,10370.9,398.5,347.6,0.8723,Standard,0.9507,50.8,6.9,30.8,0.4723,0.9078,1,train
Road,Europe,North_America,1246.7,33.8,16.7,0.4941,High,0.9451,59.7,27.1,24.6,0.6131,0.0742,1,train
Ocean,East_Asia,Europe,6510.2,270.4,13.7,0.0507,Standard,0.913,13.1,48.4,23.2,0.4384,0.1293,1,train
Ocean,Europe,Oceania,14590.7,550.4,518.1,0.9413,Standard,0.6917,37.6,20.8,30.6,0.6869,0.8489,1,train
Ocean,South_Asia,Oceania,12577.1,437.1,326.7,0.7474,Standard,0.8231,62.6,16.7,18.0,0.5349,0.5826,1,train
Ocean,Southeast_Asia,Latin_America,7739.4,310.7,27.6,0.0888,Standard,0.7623,30.1,16.3,24.5,0.4688,0.2606,1,train
Ocean,Europe,Middle_East,14866.6,554.1,127.2,0.2296,High,0.933,27.0,48.4,25.1,0.4913,0.3883,1,train
Road,Latin_America,Latin_America,1707.9,37.7,31.7,0.8408,Standard,0.9786,95.7,49.2,33.7,0.02,0.1586,1,train
Ocean,Southeast_Asia,Latin_America,12096.2,459.3,149.3,0.3251,Standard,0.9504,26.8,41.5,63.0,0.5224,0.9074,1,train
Road,North_America,North_America,261.9,9.7,8.1,0.8351,Standard,0.6987,41.4,19.9,53.9,0.1528,0.1586,1,train
Air,Middle_East,East_Asia,4829.5,39.1,9.0,0.2302,Standard,0.856,34.6,29.5,33.8,0.4181,0.599,1,train
Road,North_America,North_America,1404.8,28.7,7.6,0.2648,Standard,0.8402,5.2,53.7,31.4,0.2285,0.281,1,train
Rail,East_Asia,East_Asia,2693.8,86.6,10.7,0.1236,Standard,0.99,61.9,70.3,70.5,0.1327,0.6101,1,train
Road,East_Asia,Europe,1115.4,27.2,6.9,0.2537,Standard,0.8003,28.5,10.5,36.2,0.0642,0.6502,1,train
Rail,North_America,North_America,2760.0,68.0,59.9,0.8809,Standard,0.8577,37.1,40.8,21.4,0.0941,0.6604,1,train
Air,East_Asia,Middle_East,7572.3,39.2,8.2,0.2092,Standard,0.8128,24.6,25.6,18.6,0.5642,0.0728,1,train
Road,East_Asia,East_Asia,1421.7,35.6,20.7,0.5815,Standard,0.7573,22.2,62.6,44.7,0.02,0.8504,1,train
Rail,North_America,East_Asia,5833.1,132.5,93.3,0.7042,Standard,0.6945,18.7,14.9,15.2,0.3688,0.2434,1,train
Road,East_Asia,East_Asia,1231.4,31.5,5.5,0.1746,High,0.99,69.0,32.6,18.5,0.0584,0.7057,1,train
Rail,East_Asia,East_Asia,5162.1,133.0,75.3,0.5662,High,0.99,40.0,58.5,6.2,0.1176,0.9438,1,train
Rail,North_America,East_Asia,4347.2,101.4,81.9,0.8077,High,0.8147,84.8,29.0,20.3,0.0768,0.1051,1,train
Road,North_America,Europe,776.3,21.1,19.0,0.9005,High,0.721,37.9,20.6,25.5,0.5556,0.6108,1,train
Air,North_America,Oceania,2427.3,16.8,15.5,0.9226,High,0.99,48.1,26.7,26.6,0.2228,0.21,1,train
Rail,East_Asia,East_Asia,5872.1,139.3,30.1,0.2161,High,0.8928,55.6,8.1,8.1,0.1151,0.5191,1,train
Road,East_Asia,East_Asia,1103.5,21.3,8.9,0.4178,Standard,0.8375,25.0,29.5,34.7,0.02,0.8131,1,train
Air,Europe,North_America,7831.2,36.0,32.0,0.8889,Standard,0.5214,80.2,35.8,12.0,0.8346,0.4,1,train
Road,Latin_America,North_America,1737.0,39.6,12.8,0.3232,Standard,0.6904,25.7,42.9,13.3,0.1021,0.1952,1,train
Ocean,Southeast_Asia,Middle_East,8886.9,368.4,322.4,0.8751,Standard,0.8596,96.7,28.4,32.1,0.5543,0.8603,1,train
Air,Middle_East,North_America,5956.1,21.8,8.8,0.4037,Standard,0.7835,51.8,51.9,25.5,0.2703,0.264,1,train
Air,Europe,North_America,3558.8,40.7,34.9,0.8575,Standard,0.7151,35.6,44.8,15.7,0.5449,0.7656,1,train
Ocean,Southeast_Asia,Middle_East,13355.1,473.7,223.7,0.4722,Urgent,0.9089,40.0,46.5,21.6,0.5366,0.3143,1,train
Ocean,East_Asia,Middle_East,17896.3,630.9,143.4,0.2273,Standard,0.8092,31.9,46.2,10.3,0.6024,0.856,1,train
Air,North_America,Europe,3354.9,31.6,12.5,0.3956,Standard,0.99,15.1,20.0,24.6,0.4382,0.7824,1,train
Ocean,Southeast_Asia,Europe,16373.5,598.7,83.8,0.14,Standard,0.94,70.6,64.3,12.2,0.3876,0.0734,1,train
Rail,North_America,North_America,2435.4,88.2,31.8,0.3605,Standard,0.7628,56.0,65.7,5.1,0.1161,0.8393,1,train
Air,Europe,North_America,6557.3,28.6,25.6,0.8951,Standard,0.8631,31.1,29.4,14.0,0.2982,0.6683,1,train
Air,South_Asia,Latin_America,5401.3,29.2,4.0,0.137,Standard,0.9619,48.9,16.7,7.4,0.4876,0.7371,1,train
Rail,Europe,North_America,4730.7,126.4,56.5,0.447,Standard,0.99,89.5,8.7,15.1,0.2303,0.1158,1,train
Rail,East_Asia,East_Asia,5254.8,153.1,46.4,0.3031,Standard,0.8466,13.3,55.6,6.5,0.0788,0.8278,1,train
Air,Southeast_Asia,East_Asia,4337.9,33.3,11.6,0.3483,Standard,0.8007,61.5,67.2,18.1,0.1884,0.4658,1,train
Ocean,South_Asia,Oceania,15009.0,565.0,446.6,0.7904,Standard,0.8621,41.3,9.6,13.2,0.05,0.945,1,train
Road,Europe,Europe,1494.3,33.1,27.8,0.8399,Standard,0.8896,64.6,21.7,22.9,0.1767,0.8014,1,train
Ocean,Southeast_Asia,Oceania,9047.8,328.2,104.8,0.3193,Standard,0.9531,26.4,12.0,27.5,0.3066,0.5626,1,train
Rail,North_America,North_America,4975.9,139.0,86.0,0.6187,Standard,0.6639,23.7,21.9,48.1,0.1666,0.2559,1,train
Rail,North_America,North_America,4655.2,129.9,62.8,0.4834,High,0.9667,39.3,23.6,81.2,0.1517,0.0569,1,train
Air,Southeast_Asia,North_America,8650.3,42.5,26.6,0.6259,Standard,0.7022,26.5,30.4,7.7,0.322,0.1538,1,train
Road,East_Asia,East_Asia,442.7,16.9,15.0,0.8876,Standard,0.99,10.0,32.1,11.6,0.1753,0.0852,0,train
Ocean,South_Asia,Oceania,12743.1,455.1,144.6,0.3177,Standard,0.99,36.2,34.5,18.7,0.5681,0.1819,1,train
Rail,North_America,North_America,3123.3,80.3,57.8,0.7198,Urgent,0.921,51.1,39.7,48.6,0.1462,0.5993,1,train
Rail,North_America,North_America,4034.8,128.4,104.0,0.81,Standard,0.6757,27.5,76.7,21.0,0.2221,0.9184,1,train
Rail,East_Asia,East_Asia,1339.0,41.3,4.5,0.109,Standard,0.7418,17.2,7.5,45.1,0.1706,0.7019,1,train
Ocean,South_Asia,Oceania,12872.9,492.9,266.8,0.5413,Standard,0.8264,31.5,24.3,54.4,0.2384,0.2586,1,train
Air,Europe,East_Asia,9728.8,28.0,1.9,0.0679,High,0.8306,16.5,31.5,36.3,0.5101,0.8887,1,train
Ocean,South_Asia,Latin_America,18448.2,639.5,151.0,0.2361,High,0.8533,48.3,100.0,35.0,0.3118,0.3228,1,train
Rail,Europe,East_Asia,4464.5,124.3,21.5,0.173,Urgent,0.7436,63.7,16.4,23.7,0.7116,0.3637,1,train
Road,Europe,Europe,935.4,27.6,1.5,0.0543,Urgent,0.9015,8.4,14.1,35.0,0.1856,0.4649,1,train
Road,North_America,North_America,380.8,11.3,0.7,0.0619,Standard,0.986,15.7,41.0,16.4,0.0859,0.5674,1,train
Ocean,East_Asia,North_America,13214.8,504.7,452.8,0.8972,Standard,0.6358,46.6,15.5,6.0,0.5342,0.867,1,train
Road,East_Asia,North_America,2015.4,39.2,11.9,0.3036,High,0.9205,35.5,21.3,18.7,0.7143,0.6575,1,train
Road,North_America,North_America,622.5,21.1,17.4,0.8246,Standard,0.9266,30.5,60.5,30.0,0.1069,0.271,1,train
Ocean,Europe,North_America,10172.5,411.6,156.5,0.3802,Urgent,0.8923,10.6,32.5,9.2,0.5718,0.6374,1,train
Air,South_Asia,Latin_America,6318.3,41.5,9.9,0.2386,Standard,0.8241,38.6,95.3,7.3,0.4835,0.9297,1,train
Road,East_Asia,East_Asia,1256.1,33.0,3.1,0.0939,Standard,0.99,34.3,25.2,10.0,0.2209,0.6119,1,train
Rail,Europe,Europe,3404.5,109.9,83.3,0.758,High,0.99,35.3,23.0,25.0,0.1394,0.5295,1,train
Road,East_Asia,East_Asia,864.8,24.3,15.8,0.6502,Standard,0.9676,51.3,12.4,15.9,0.1323,0.1371,0,train
Ocean,East_Asia,Middle_East,8774.1,348.6,158.6,0.455,Standard,0.8068,53.7,49.7,40.6,0.6437,0.1596,1,train
Road,Latin_America,Latin_America,371.8,19.3,6.6,0.342,High,0.8072,26.3,22.5,35.6,0.0958,0.5661,1,train
Ocean,East_Asia,North_America,7944.1,319.1,278.4,0.8725,Standard,0.8145,72.7,77.3,64.8,0.6925,0.6011,1,train
Ocean,South_Asia,Latin_America,8766.4,368.9,320.8,0.8696,High,0.99,28.1,23.0,51.2,0.4072,0.8086,1,train
Air,South_Asia,Oceania,5505.3,22.4,5.6,0.25,Standard,0.7305,48.3,16.7,17.5,0.2875,0.2743,1,train
Air,East_Asia,Oceania,5736.6,38.2,33.5,0.877,Standard,0.8217,30.3,39.9,24.6,0.05,0.9346,1,train
Road,North_America,North_America,893.3,23.2,6.8,0.2931,Standard,0.8085,24.9,46.1,17.7,0.1902,0.3065,1,train
Ocean,South_Asia,Europe,10309.5,383.4,151.3,0.3946,High,0.7949,35.4,99.5,29.3,0.6445,0.5501,1,train
Road,Europe,Europe,949.9,18.8,6.7,0.3564,Standard,0.7461,39.6,57.6,31.4,0.1162,0.6914,1,train
Rail,East_Asia,East_Asia,2541.3,86.8,20.5,0.2362,High,0.8263,51.6,37.2,23.2,0.0942,0.3369,1,train
Ocean,South_Asia,Middle_East,10594.8,403.3,178.4,0.4424,High,0.9477,27.3,90.5,22.9,0.4829,0.9071,1,train
Road,North_America,North_America,1636.9,29.3,26.0,0.8874,High,0.9679,16.7,78.0,14.8,0.0412,0.8462,1,train
Ocean,South_Asia,Europe,11808.1,454.7,248.4,0.5463,Standard,0.9609,38.9,16.4,45.8,0.5025,0.8253,1,train
Ocean,Europe,Middle_East,6775.7,278.3,249.9,0.898,Standard,0.6866,41.4,10.8,4.5,0.6447,0.68,1,train
Ocean,Europe,Oceania,8283.5,299.1,53.0,0.1772,High,0.9233,85.5,39.6,5.1,0.6153,0.9638,1,train
Road,East_Asia,East_Asia,434.2,22.2,3.8,0.1712,Standard,0.8264,16.6,38.4,10.6,0.1549,0.5719,1,train
Ocean,Europe,Oceania,5125.0,240.2,36.4,0.1515,Urgent,0.7829,29.3,50.6,4.1,0.366,0.366,1,train
Rail,Europe,Europe,3899.0,96.6,37.9,0.3923,Standard,0.832,49.7,49.3,47.3,0.0656,0.3598,1,train
Air,Europe,Oceania,1639.5,33.3,10.1,0.3033,Urgent,0.7215,21.9,28.8,21.8,0.4759,0.519,1,train
Air,North_America,Middle_East,6041.3,33.1,20.3,0.6133,Standard,0.6423,42.6,19.3,22.7,0.4766,0.845,1,train
Rail,Europe,Europe,2291.4,59.2,7.9,0.1334,High,0.9639,37.5,44.9,51.4,0.02,0.6568,1,train
Road,Latin_America,Europe,821.6,26.3,20.8,0.7909,High,0.8574,42.7,10.3,29.4,0.5055,0.2644,0,train
Ocean,Europe,Oceania,11966.3,442.5,432.6,0.9776,High,0.8958,9.0,66.4,41.7,0.4957,0.6001,1,train
Ocean,Europe,North_America,17049.6,577.2,531.9,0.9215,Standard,0.8098,37.5,51.8,20.9,0.1978,0.7977,1,train
Air,East_Asia,Middle_East,6230.8,34.1,23.5,0.6891,Standard,0.8555,35.2,64.8,19.6,0.2978,0.457,1,train
Air,North_America,Middle_East,8016.7,42.6,33.9,0.7958,Standard,0.99,15.3,32.2,55.2,0.2063,0.834,1,train
Ocean,Southeast_Asia,Latin_America,11391.9,395.6,99.3,0.251,Standard,0.6356,5.5,8.5,7.5,0.2502,0.7338,1,train
Ocean,Europe,Oceania,12512.5,462.8,127.6,0.2757,Urgent,0.6949,6.9,22.4,18.1,0.4027,0.4105,1,train
Ocean,East_Asia,Latin_America,11298.9,414.6,35.7,0.0861,Standard,0.99,70.0,23.6,20.8,0.4069,0.0743,1,train
Ocean,East_Asia,Middle_East,9066.5,360.4,209.8,0.5821,Standard,0.6929,79.4,29.5,20.3,0.4016,0.092,1,train
Road,North_America,North_America,620.0,21.2,7.1,0.3349,Urgent,0.7681,28.3,19.5,9.3,0.1146,0.2243,1,train
Rail,Europe,North_America,4959.5,129.6,121.4,0.9367,Standard,0.9377,31.6,49.1,32.9,0.3235,0.4295,1,train
Ocean,East_Asia,North_America,12312.6,479.6,424.8,0.8857,Urgent,0.9025,68.3,48.4,23.7,0.2029,0.3411,1,train
Ocean,Europe,Europe,12380.6,478.9,334.0,0.6974,Standard,0.99,44.4,21.6,29.3,0.1786,0.7171,1,train
Rail,Europe,North_America,629.3,42.4,3.3,0.0778,Standard,0.8614,36.0,100.0,54.7,0.4406,0.4539,1,train
Road,North_America,North_America,1031.7,29.5,22.6,0.7661,Standard,0.7779,7.6,17.6,49.3,0.1197,0.5753,1,train
Ocean,Southeast_Asia,Oceania,12600.3,440.3,283.4,0.6437,Standard,0.9486,39.7,51.6,20.9,0.2661,0.3537,1,train
Road,East_Asia,East_Asia,1887.3,39.4,16.7,0.4239,Urgent,0.8454,21.3,65.5,1.3,0.2192,0.2178,1,train
Rail,South_Asia,South_Asia,3667.5,92.0,68.4,0.7435,High,0.9829,32.6,12.5,48.8,0.1745,0.4401,1,train
Ocean,East_Asia,Oceania,15854.5,589.2,138.5,0.2351,Standard,0.99,47.4,63.5,39.5,0.388,0.4044,1,train
Road,East_Asia,East_Asia,150.0,8.1,6.8,0.8395,Standard,0.8144,10.3,25.7,36.8,0.1998,0.0741,0,train
Road,East_Asia,East_Asia,1339.0,31.5,16.8,0.5333,Standard,0.811,53.0,9.8,44.2,0.1297,0.3892,1,train
Air,Middle_East,Latin_America,9286.3,27.9,2.7,0.0968,Urgent,0.6537,48.3,63.7,36.6,0.4283,0.6677,1,train
Road,East_Asia,East_Asia,1354.7,24.2,20.8,0.8595,Standard,0.6779,56.7,32.4,25.9,0.133,0.192,1,train
Road,East_Asia,North_America,1825.0,40.6,34.2,0.8424,Urgent,0.8826,15.1,19.8,25.0,0.2608,0.6688,1,train
Rail,East_Asia,East_Asia,2770.4,101.0,75.6,0.7485,Standard,0.8483,79.7,7.8,49.9,0.1778,0.6392,1,train
Rail,South_Asia,North_America,4078.4,114.0,55.5,0.4868,High,0.8418,32.2,54.1,13.7,0.368,0.3484,1,train
Rail,South_Asia,Europe,3397.4,96.0,14.7,0.1531,High,0.7999,73.0,57.1,2.3,0.3132,0.8634,1,train
Road,Latin_America,Latin_America,1123.4,25.8,21.2,0.8217,High,0.8815,31.9,35.7,40.2,0.115,0.9742,1,train
Ocean,East_Asia,Oceania,12013.9,430.1,47.8,0.1111,Standard,0.9197,22.9,26.2,46.0,0.3835,0.551,1,train
Air,Middle_East,Latin_America,6763.3,44.2,29.3,0.6629,Standard,0.9518,25.1,86.4,8.6,0.4476,0.1827,1,train
Ocean,Southeast_Asia,Middle_East,13795.1,494.0,77.6,0.1571,Urgent,0.6524,22.6,47.0,6.5,0.4281,0.2537,1,train
Air,Southeast_Asia,East_Asia,1312.1,36.5,12.8,0.3507,High,0.8513,27.8,13.5,16.1,0.479,0.5371,1,train
Road,North_America,North_America,1653.8,35.1,9.8,0.2792,High,0.8021,36.7,50.9,26.7,0.217,0.9012,1,train
Rail,North_America,North_America,4610.2,133.8,19.6,0.1465,High,0.8723,20.1,20.6,36.7,0.141,0.7539,1,train
Road,North_America,North_America,1906.3,40.1,19.5,0.4863,Standard,0.7279,43.8,17.1,29.3,0.1303,0.8332,1,train
Air,East_Asia,Latin_America,5327.5,38.2,21.3,0.5576,Standard,0.6627,47.7,53.6,67.8,0.4939,0.7003,1,train
Ocean,South_Asia,North_America,11059.3,407.3,237.3,0.5826,Standard,0.849,26.4,45.5,38.3,0.5733,0.2722,1,train
Air,Europe,East_Asia,12119.5,39.1,23.1,0.5908,High,0.9316,55.5,77.0,31.6,0.6329,0.3531,1,train
Ocean,Europe,Middle_East,13911.6,494.1,205.1,0.4151,Standard,0.8279,27.4,17.9,55.1,0.1932,0.3413,1,train
Air,Latin_America,Middle_East,7263.3,41.7,37.9,0.9089,Standard,0.7237,36.7,32.8,12.8,0.313,0.6955,1,train
Road,Europe,Europe,150.0,13.8,7.8,0.5652,High,0.99,76.3,20.9,18.7,0.1548,0.865,1,train
Road,North_America,Europe,768.6,23.6,19.7,0.8347,High,0.925,51.9,15.6,45.7,0.4962,0.5012,1,train
Road,East_Asia,Latin_America,2674.0,48.5,19.2,0.3959,Standard,0.7455,41.0,27.1,27.7,0.2239,0.6964,1,train
Road,Europe,Latin_America,2553.6,51.8,34.9,0.6737,Standard,0.8286,6.7,40.4,21.2,0.3053,0.5536,1,train
Air,South_Asia,North_America,8286.3,28.4,5.7,0.2007,Standard,0.8667,55.0,48.1,9.7,0.2514,0.388,1,train
Rail,Europe,Europe,3068.2,91.5,38.8,0.424,Standard,0.9774,32.8,39.8,26.4,0.1539,0.477,0,train
Ocean,Europe,Europe,5999.9,259.7,64.3,0.2476,Standard,0.8399,44.4,54.5,48.3,0.1292,0.1639,1,train
Rail,East_Asia,North_America,2850.5,103.4,51.7,0.5,Standard,0.8901,8.8,26.9,75.3,0.2419,0.7454,1,train
Ocean,Southeast_Asia,Latin_America,15030.1,564.4,93.9,0.1664,Standard,0.8255,44.7,18.5,31.0,0.5022,0.3413,1,train
Ocean,Europe,Middle_East,18626.1,628.6,593.4,0.944,Urgent,0.6661,61.7,31.6,27.4,0.253,0.6796,1,train
Ocean,South_Asia,Middle_East,9998.7,366.6,103.2,0.2815,Standard,0.815,13.5,37.1,52.8,0.296,0.126,1,train
Road,Latin_America,Latin_America,1304.2,29.6,20.2,0.6824,High,0.9815,11.0,8.1,40.0,0.1072,0.1971,0,train
Air,Southeast_Asia,Europe,7638.5,23.8,3.1,0.1303,High,0.8587,15.8,46.7,26.9,0.6437,0.113,1,train
Air,South_Asia,Oceania,8078.4,28.3,13.8,0.4876,Standard,0.8668,94.6,3.9,26.6,0.2364,0.1963,1,train
Road,Latin_America,Latin_America,601.3,16.8,10.5,0.625,Standard,0.99,9.2,17.1,9.5,0.02,0.9626,0,train
Ocean,South_Asia,Middle_East,11643.7,407.2,128.5,0.3156,High,0.9116,42.5,62.3,19.0,0.5659,0.8232,1,train
Ocean,South_Asia,Latin_America,11619.1,420.7,369.0,0.8771,Standard,0.9782,40.8,51.3,44.0,0.3459,0.0927,1,train
Air,Latin_America,Middle_East,6402.7,27.6,16.6,0.6014,High,0.932,5.0,25.6,29.4,0.565,0.3025,1,train
Ocean,East_Asia,Middle_East,14148.1,527.8,217.8,0.4127,Standard,0.7173,43.8,22.8,51.0,0.4187,0.3569,1,train
Ocean,South_Asia,Latin_America,5470.0,256.3,135.2,0.5275,Urgent,0.9435,30.1,19.6,47.3,0.4087,0.8256,1,train
Rail,Europe,Europe,1095.5,64.7,58.9,0.9104,Standard,0.7826,55.6,31.7,15.7,0.2325,0.7298,1,train
Ocean,South_Asia,Latin_America,8913.8,358.9,315.5,0.8791,Urgent,0.7075,6.8,31.6,31.2,0.607,0.5928,1,train
Air,Southeast_Asia,Middle_East,5320.4,21.8,3.5,0.1606,Standard,0.9791,62.7,93.5,47.2,0.2617,0.7402,1,train
Rail,South_Asia,South_Asia,2703.5,68.3,7.8,0.1142,High,0.8989,41.4,18.9,32.4,0.0372,0.6758,1,train
Ocean,Europe,North_America,10976.5,432.2,100.7,0.233,Standard,0.9277,45.4,37.0,20.9,0.5123,0.6505,1,train
Ocean,South_Asia,Middle_East,14030.5,529.1,351.6,0.6645,Urgent,0.99,42.7,46.3,10.8,0.545,0.1783,1,train
Ocean,East_Asia,Oceania,8615.5,347.1,285.4,0.8222,Standard,0.866,11.4,8.2,9.6,0.5829,0.741,1,train
Ocean,Europe,Latin_America,8972.1,325.7,122.8,0.377,High,0.99,32.3,34.0,24.1,0.2927,0.5906,1,train
Ocean,South_Asia,Latin_America,12727.8,437.8,237.6,0.5427,High,0.8055,4.4,25.4,17.8,0.2814,0.4997,1,train
Rail,East_Asia,Europe,877.3,41.3,9.8,0.2373,High,0.7929,59.6,50.7,9.4,0.3069,0.7117,1,train
Rail,Europe,Europe,2636.1,96.4,61.5,0.638,Standard,0.8884,93.5,25.2,21.0,0.1046,0.6126,1,train
Ocean,East_Asia,North_America,11031.6,410.3,354.1,0.863,Urgent,0.6976,31.4,56.3,28.3,0.6324,0.4271,1,train
Rail,East_Asia,East_Asia,5004.7,128.0,53.4,0.4172,Standard,0.99,20.6,8.5,35.8,0.02,0.2525,1,train
Road,Europe,Europe,1636.9,37.5,22.9,0.6107,Urgent,0.9461,53.4,28.1,18.6,0.2027,0.5554,1,train
Road,East_Asia,North_America,1151.9,23.0,4.1,0.1783,Standard,0.733,81.1,60.5,40.1,0.1055,0.2927,1,train
Rail,Europe,North_America,4848.9,119.5,96.3,0.8059,Urgent,0.6805,18.0,25.1,11.8,0.2554,0.1933,1,train
Rail,Europe,Europe,1923.0,66.1,40.6,0.6142,Standard,0.7426,52.1,100.0,31.6,0.1349,0.1507,1,train
Rail,South_Asia,South_Asia,3151.2,75.9,54.4,0.7167,Standard,0.7804,21.2,12.3,10.9,0.0784,0.5763,1,train
Ocean,Europe,Middle_East,11660.9,450.6,190.2,0.4221,Urgent,0.7579,37.4,28.4,28.8,0.2728,0.1298,1,train
Road,East_Asia,East_Asia,904.9,28.4,4.7,0.1655,High,0.8794,24.7,35.5,30.2,0.207,0.8783,1,train
Ocean,Southeast_Asia,Europe,9269.1,339.0,41.1,0.1212,High,0.6757,19.4,33.9,54.3,0.3478,0.9277,1,train
Ocean,South_Asia,North_America,13430.9,465.2,384.0,0.8255,High,0.7707,44.1,70.3,38.6,0.4793,0.1495,1,train
Ocean,East_Asia,Middle_East,11719.6,439.8,412.2,0.9372,Standard,0.7367,24.1,37.2,17.6,0.05,0.8811,1,train
Ocean,South_Asia,Middle_East,11645.4,445.0,395.1,0.8879,High,0.7505,55.4,32.2,73.4,0.5437,0.7103,1,train
Air,Southeast_Asia,Europe,6483.1,30.9,13.1,0.4239,Standard,0.678,100.0,38.7,13.2,0.3556,0.5531,1,train
Road,Latin_America,Latin_America,1487.3,37.2,7.4,0.1989,Standard,0.8802,48.5,41.0,20.6,0.1261,0.8847,1,train
Rail,East_Asia,East_Asia,4439.4,109.7,78.1,0.7119,Standard,0.8936,53.6,36.3,27.4,0.141,0.7117,1,train
Road,Europe,Europe,233.9,8.4,5.6,0.6667,Standard,0.7544,61.8,48.5,33.9,0.1273,0.3949,1,train
Road,North_America,North_America,410.8,20.8,11.0,0.5288,Standard,0.8659,22.6,12.8,7.7,0.02,0.7684,0,train
Ocean,East_Asia,North_America,13873.3,506.9,454.4,0.8964,High,0.8651,26.2,44.2,10.5,0.4255,0.6599,1,train
Rail,East_Asia,East_Asia,2843.4,77.3,39.1,0.5058,High,0.8636,30.1,74.7,80.7,0.1498,0.5313,1,train
Air,North_America,East_Asia,6512.8,31.5,3.5,0.1111,Standard,0.7007,38.2,66.0,25.7,0.417,0.1062,1,train
Rail,Europe,North_America,2952.2,84.8,82.8,0.9764,Standard,0.8704,4.9,50.6,16.6,0.5669,0.472,1,train
Ocean,East_Asia,North_America,7073.7,304.5,142.6,0.4683,Standard,0.8657,11.7,16.7,1.8,0.3435,0.4705,1,train
Ocean,South_Asia,Oceania,12234.4,438.3,189.7,0.4328,Standard,0.5522,35.4,71.0,19.7,0.5978,0.4791,1,train
Ocean,East_Asia,Latin_America,8703.5,344.3,141.9,0.4121,High,0.673,44.7,47.4,4.7,0.2923,0.5334,1,train
Ocean,Europe,Middle_East,7204.1,300.2,104.0,0.3464,Standard,0.7507,34.0,3.9,66.7,0.2456,0.7226,1,train
Ocean,Southeast_Asia,Oceania,13139.4,497.0,470.2,0.9461,Standard,0.99,34.8,15.6,37.1,0.6472,0.647,1,train
Rail,North_America,North_America,4091.0,114.1,46.6,0.4084,High,0.9358,49.2,32.6,18.3,0.0979,0.899,1,train
Ocean,South_Asia,Middle_East,8876.5,330.0,222.9,0.6755,High,0.8424,21.1,28.4,20.8,0.2839,0.1876,1,train
Ocean,East_Asia,North_America,14914.2,541.1,244.2,0.4513,Standard,0.8817,78.2,62.4,29.4,0.2978,0.5638,1,train
Rail,North_America,North_America,1893.8,60.1,50.3,0.8369,Standard,0.99,13.3,17.5,42.6,0.1648,0.9112,1,train
Rail,Europe,Europe,3560.3,118.5,8.4,0.0709,High,0.6411,24.1,67.3,28.3,0.0286,0.6814,1,train
Road,Europe,Europe,1496.8,32.0,11.9,0.3719,Standard,0.7266,49.4,51.9,7.4,0.1614,0.6379,1,train
Ocean,Southeast_Asia,Middle_East,11446.8,428.8,262.5,0.6122,Urgent,0.9024,37.1,16.9,34.4,0.3715,0.8181,1,train
Air,Middle_East,Oceania,6766.4,21.2,16.3,0.7689,Standard,0.7878,34.3,38.1,25.0,0.2741,0.7201,1,train
Road,Europe,North_America,669.4,21.8,1.7,0.078,Standard,0.6374,32.5,26.1,12.7,0.1386,0.354,1,train
Ocean,East_Asia,Oceania,7794.1,328.5,249.6,0.7598,Urgent,0.6838,57.2,24.2,17.7,0.6016,0.3721,1,train
Ocean,South_Asia,Europe,9759.7,381.3,112.5,0.295,Standard,0.99,30.7,28.6,20.3,0.8638,0.5499,1,train
Rail,East_Asia,East_Asia,3306.4,92.6,31.8,0.3434,Standard,0.8705,53.1,42.7,22.8,0.1291,0.2597,1,train
Air,North_America,East_Asia,6231.5,37.7,28.0,0.7427,Standard,0.8576,56.8,31.6,10.4,0.3998,0.3981,1,train
Ocean,Southeast_Asia,Europe,12279.6,471.0,122.7,0.2605,Standard,0.99,28.8,35.4,4.8,0.2915,0.1473,1,train
Air,North_America,Europe,6013.2,32.9,4.7,0.1429,Standard,0.7505,15.0,10.6,14.3,0.1028,0.9174,1,train
Ocean,South_Asia,Europe,9261.6,381.8,81.5,0.2135,Standard,0.7751,35.0,79.6,40.1,0.5894,0.2149,1,train
Ocean,Europe,Latin_America,12937.2,447.9,342.1,0.7638,Standard,0.9336,35.6,46.3,21.7,0.2165,0.5487,1,train
Ocean,East_Asia,North_America,16375.3,566.1,270.2,0.4773,Standard,0.8942,22.6,21.2,41.7,0.5386,0.1864,1,train
Air,Southeast_Asia,North_America,9821.1,27.2,18.7,0.6875,Standard,0.7085,22.2,5.7,31.5,0.5421,0.5357,1,train
Ocean,Southeast_Asia,North_America,13408.5,505.7,426.2,0.8428,Standard,0.8927,10.8,24.0,48.7,0.363,0.6007,1,train
Road,Latin_America,Latin_America,1936.5,38.1,9.4,0.2467,Urgent,0.9006,24.3,33.4,6.3,0.0683,0.4213,0,train
Road,Europe,Europe,1287.3,28.0,6.8,0.2429,Standard,0.8247,29.2,22.3,10.3,0.0524,0.6548,0,train
Road,Latin_America,Latin_America,891.6,22.3,15.6,0.6996,Standard,0.7878,25.3,11.9,32.7,0.21,0.2197,1,train
Ocean,Europe,Oceania,12731.7,475.3,68.8,0.1448,Standard,0.8284,26.2,51.9,20.9,0.6369,0.5195,1,train
Road,Europe,Europe,807.1,20.1,18.3,0.9104,High,0.8691,33.4,32.0,16.4,0.1411,0.4698,1,train
Rail,North_America,North_America,4051.5,96.2,26.0,0.2703,Standard,0.838,54.8,25.1,16.3,0.1442,0.9792,1,train
Rail,East_Asia,North_America,2129.0,57.6,30.8,0.5347,Standard,0.8255,19.4,19.6,24.1,0.6387,0.4619,1,train
Rail,Europe,Europe,2821.8,91.8,30.3,0.3301,Standard,0.9074,36.9,29.6,31.7,0.1618,0.423,1,train
Rail,North_America,East_Asia,2944.9,95.2,28.4,0.2983,Urgent,0.6523,78.0,42.6,25.8,0.5777,0.7963,1,train
Ocean,Europe,Oceania,10634.5,386.0,164.5,0.4262,Standard,0.8572,48.8,39.6,20.3,0.3746,0.7208,1,train
Ocean,Europe,Latin_America,5598.3,217.6,151.4,0.6958,Urgent,0.8637,17.6,41.1,28.1,0.4219,0.0747,1,train
Road,Europe,Europe,1362.4,26.7,18.2,0.6816,Standard,0.6952,27.8,40.3,3.4,0.0668,0.4848,1,train
Road,East_Asia,East_Asia,1729.9,30.7,21.4,0.6971,Standard,0.836,24.9,22.6,32.2,0.0923,0.7358,1,train
Ocean,South_Asia,North_America,7343.1,276.0,50.1,0.1815,Standard,0.8426,19.3,40.9,44.4,0.2916,0.5063,1,train
Road,North_America,North_America,583.9,18.7,6.1,0.3262,High,0.9717,52.4,41.2,40.5,0.0486,0.5287,1,train
Air,Europe,Middle_East,4593.2,34.7,22.9,0.6599,Standard,0.6622,34.8,6.4,6.9,0.412,0.7013,1,train
Road,East_Asia,East_Asia,1114.0,22.6,18.8,0.8319,Standard,0.6815,40.5,12.5,26.4,0.113,0.7467,1,train
Rail,North_America,North_America,1973.7,84.6,43.5,0.5142,High,0.8842,23.7,24.4,26.0,0.1137,0.4158,1,train
Air,East_Asia,Middle_East,7468.7,26.3,7.9,0.3004,Urgent,0.8925,24.6,40.0,15.6,0.4588,0.764,1,train
Air,Middle_East,Oceania,5024.4,34.0,28.5,0.8382,Standard,0.8741,13.6,15.6,13.3,0.3398,0.5848,1,train
Road,Europe,Europe,1120.6,30.1,15.4,0.5116,Standard,0.8798,55.7,63.4,12.5,0.131,0.6612,1,train
Ocean,South_Asia,North_America,16228.5,552.3,508.5,0.9207,High,0.8708,100.0,28.9,13.6,0.5052,0.1683,1,train
Air,Southeast_Asia,Europe,10040.5,34.0,32.5,0.9559,Urgent,0.8753,28.6,24.3,21.0,0.5614,0.1488,1,train
Road,East_Asia,East_Asia,1681.8,38.7,5.0,0.1292,High,0.989,17.4,61.9,24.3,0.1841,0.1616,1,train
Ocean,East_Asia,Latin_America,13610.8,510.6,119.7,0.2344,High,0.8467,68.8,36.2,36.2,0.4539,0.9711,1,train
Ocean,East_Asia,Oceania,4264.3,187.6,43.2,0.2303,Urgent,0.7704,15.1,56.9,57.4,0.6089,0.4056,1,train
Ocean,Europe,Oceania,7274.4,283.0,261.2,0.923,Standard,0.9625,5.5,44.9,61.8,0.1842,0.3725,1,train
Air,Middle_East,East_Asia,7125.6,24.8,17.0,0.6855,Standard,0.8984,21.5,19.4,19.6,0.5792,0.4639,1,train
Road,Europe,Europe,150.0,14.3,6.0,0.4196,Standard,0.9507,43.6,26.8,5.5,0.1465,0.6188,0,train
Ocean,South_Asia,Latin_America,11030.8,408.2,192.3,0.4711,Standard,0.9468,23.2,34.8,7.0,0.1676,0.5611,1,train
Air,East_Asia,Oceania,4267.8,30.5,7.2,0.2361,Standard,0.9202,35.6,9.9,45.6,0.3772,0.3358,1,train
Ocean,Europe,Europe,12841.7,462.2,50.8,0.1099,Standard,0.9345,88.1,51.5,16.5,0.1025,0.4626,1,train
Road,North_America,North_America,806.2,21.5,7.6,0.3535,High,0.99,31.8,49.0,33.9,0.1436,0.0613,1,train
Rail,East_Asia,East_Asia,5884.2,139.7,88.5,0.6335,Standard,0.8775,38.0,48.6,26.2,0.0872,0.3773,1,train
Rail,Europe,Europe,1860.7,68.3,34.8,0.5095,Standard,0.9425,50.6,22.9,9.2,0.0507,0.4145,0,train
Ocean,South_Asia,Middle_East,13501.9,462.2,407.6,0.8819,Standard,0.8284,38.4,27.4,16.1,0.3602,0.6395,1,train
Ocean,Southeast_Asia,Latin_America,9447.2,349.9,307.8,0.8797,Standard,0.817,29.1,29.6,41.0,0.3203,0.2343,1,train
Ocean,East_Asia,North_America,5156.4,221.5,105.3,0.4754,Standard,0.9776,16.9,72.8,44.6,0.2002,0.4698,1,train
Ocean,South_Asia,North_America,13313.0,463.4,205.4,0.4432,Standard,0.9041,22.3,40.8,35.9,0.6929,0.6334,1,train
Rail,North_America,North_America,4878.7,129.4,58.9,0.4552,Standard,0.8987,50.0,13.7,11.4,0.1303,0.2419,0,train
Road,Europe,Europe,919.9,21.9,12.1,0.5525,Standard,0.7993,16.3,74.9,25.2,0.174,0.7952,1,train
Ocean,South_Asia,Oceania,14479.0,510.0,170.4,0.3341,Standard,0.9256,53.3,19.7,11.9,0.173,0.9432,1,train
Ocean,Europe,Latin_America,18883.6,667.7,208.8,0.3127,Urgent,0.7876,12.1,40.8,33.8,0.4224,0.4144,1,train
Ocean,Europe,Latin_America,3500.0,163.1,86.4,0.5297,Standard,0.897,24.4,35.7,28.4,0.341,0.5331,1,train
Air,North_America,Europe,6413.4,21.2,7.9,0.3726,Standard,0.8272,78.0,44.5,46.2,0.3166,0.9207,1,train
Air,Europe,Latin_America,8047.2,35.2,24.2,0.6875,Standard,0.8689,52.1,13.4,37.9,0.3727,0.1847,1,train
Road,Europe,Europe,589.5,17.0,4.3,0.2529,Urgent,0.7532,21.8,30.0,24.4,0.1615,0.7987,1,train
Ocean,Southeast_Asia,North_America,3500.0,149.1,65.6,0.44,High,0.8574,60.5,9.2,61.5,0.1709,0.5994,1,train
Rail,Europe,Europe,6223.9,164.8,71.5,0.4339,High,0.872,13.5,40.3,20.1,0.1665,0.1067,0,train
Air,North_America,Oceania,6499.3,23.6,20.5,0.8686,High,0.7014,43.7,37.3,13.5,0.5563,0.7931,1,train
Rail,Europe,Europe,1190.9,41.4,39.1,0.9444,Standard,0.9486,4.4,34.4,20.2,0.0826,0.7678,0,train
Rail,South_Asia,East_Asia,1864.7,72.6,24.3,0.3347,Standard,0.9421,27.2,51.6,35.0,0.5167,0.4247,1,train
Air,Latin_America,North_America,5965.7,43.0,4.8,0.1116,Standard,0.4756,29.2,53.0,12.6,0.6168,0.3941,1,train
Road,North_America,North_America,579.0,13.6,12.4,0.9118,Urgent,0.8344,26.7,87.7,45.0,0.1303,0.685,1,train
Ocean,Europe,Oceania,10319.7,392.2,186.9,0.4765,Standard,0.6435,20.0,19.7,41.0,0.6549,0.8869,1,train
Air,East_Asia,North_America,2211.7,23.1,15.0,0.6494,Standard,0.7271,11.4,19.6,3.6,0.444,0.1578,1,train
Air,Europe,Oceania,2911.6,33.3,25.4,0.7628,Standard,0.691,43.1,42.1,21.4,0.613,0.485,1,train
Road,North_America,North_America,2544.4,49.7,19.3,0.3883,Standard,0.7646,14.7,26.1,32.1,0.2005,0.1207,0,train
Road,Latin_America,Europe,1124.1,23.3,5.6,0.2403,Standard,0.848,48.1,24.2,26.6,0.2881,0.066,1,train
Road,Europe,Europe,1361.1,28.3,15.4,0.5442,Standard,0.9586,51.1,32.7,27.6,0.132,0.9289,1,train
Rail,South_Asia,South_Asia,1454.7,59.8,16.4,0.2742,Standard,0.846,39.3,42.4,25.6,0.0499,0.0618,1,train
Ocean,East_Asia,Middle_East,8577.7,354.9,146.8,0.4136,Standard,0.9104,26.8,42.4,7.2,0.3196,0.9667,1,train
Air,North_America,Middle_East,10862.3,31.2,5.3,0.1699,Standard,0.599,26.6,5.7,20.6,0.5033,0.7508,1,train
Rail,Europe,East_Asia,5079.4,145.2,65.1,0.4483,Standard,0.9377,26.3,22.2,10.4,0.3534,0.796,1,train
Ocean,South_Asia,Europe,8896.8,331.0,224.3,0.6776,High,0.9128,42.9,27.1,15.2,0.4098,0.6072,1,train
Road,North_America,North_America,1491.1,34.9,9.0,0.2579,High,0.9047,53.7,94.1,25.3,0.0966,0.63,1,train
Road,Europe,Europe,450.9,12.9,1.0,0.0775,High,0.7261,12.0,36.5,30.2,0.1678,0.9244,1,train
Air,Europe,North_America,6290.6,35.2,20.6,0.5852,Standard,0.99,38.3,28.1,26.4,0.3582,0.9144,1,train
Air,Latin_America,Europe,9127.9,34.3,9.0,0.2624,High,0.99,30.8,33.4,54.1,0.5192,0.0593,1,train
Ocean,Southeast_Asia,Latin_America,3500.0,158.3,137.1,0.8661,Standard,0.99,20.4,34.0,41.2,0.2414,0.9175,1,train
Ocean,East_Asia,Oceania,13455.8,465.3,392.4,0.8433,High,0.8366,23.3,23.5,9.2,0.2814,0.5559,1,train
Rail,South_Asia,South_Asia,3429.9,90.6,70.1,0.7737,Standard,0.6203,21.5,54.1,19.6,0.15,0.4062,1,train
Road,North_America,Europe,1218.1,31.4,9.5,0.3025,High,0.8863,37.9,27.8,17.1,0.5736,0.6294,1,train
Ocean,South_Asia,Europe,12643.2,448.0,355.6,0.7938,Standard,0.881,31.4,19.4,23.1,0.2329,0.1854,1,train
Air,South_Asia,North_America,8032.1,41.9,7.2,0.1718,High,0.8249,44.4,7.3,22.3,0.3852,0.0782,1,train
Road,North_America,North_America,1098.9,30.3,9.5,0.3135,Standard,0.6683,12.9,100.0,21.5,0.0459,0.5716,1,train
Ocean,Southeast_Asia,Oceania,9042.5,352.0,174.0,0.4943,Urgent,0.7228,48.1,19.5,47.2,0.271,0.0613,1,train
Ocean,Southeast_Asia,Europe,13178.0,505.9,268.5,0.5307,Standard,0.8994,30.1,6.2,19.2,0.8176,0.8004,1,train
Road,North_America,North_America,594.4,13.5,6.4,0.4741,High,0.8427,43.3,72.2,29.7,0.1228,0.4438,1,train
Rail,Europe,North_America,3349.5,79.7,66.9,0.8394,Standard,0.6948,8.7,72.9,9.9,0.1354,0.1996,1,train
Rail,North_America,North_America,4709.8,125.7,115.4,0.9181,Standard,0.9388,28.9,14.2,42.4,0.0709,0.5345,1,train
Road,North_America,North_America,1390.2,27.6,23.1,0.837,Standard,0.8616,15.2,32.4,35.6,0.0862,0.3243,0,train
Rail,Europe,East_Asia,4138.9,113.8,50.4,0.4429,Urgent,0.99,34.0,10.8,30.3,0.1077,0.5214,1,train
Ocean,Europe,Oceania,10339.7,417.4,111.0,0.2659,High,0.9736,5.8,17.6,4.9,0.4046,0.374,0,train
Air,North_America,Middle_East,10125.8,44.7,6.6,0.1477,High,0.99,31.9,35.0,44.1,0.2213,0.3698,1,train
Road,East_Asia,East_Asia,1677.6,33.1,29.0,0.8761,High,0.9897,26.0,56.3,19.4,0.2694,0.8731,1,train
Ocean,Europe,Middle_East,7614.3,300.7,267.1,0.8883,Standard,0.9689,18.4,75.4,50.8,0.3352,0.2849,1,train
Road,Europe,North_America,906.2,28.3,18.8,0.6643,Urgent,0.875,56.9,27.8,26.8,0.3837,0.2423,1,train
Ocean,East_Asia,Oceania,12705.6,455.7,315.8,0.693,Standard,0.99,36.6,41.1,36.6,0.4197,0.3632,1,train
Ocean,Southeast_Asia,Europe,9110.0,363.1,45.3,0.1248,Standard,0.8836,42.9,71.2,25.4,0.4891,0.5333,1,train
Road,North_America,North_America,1276.9,30.8,8.7,0.2825,Standard,0.8494,84.9,67.2,20.3,0.1525,0.5341,1,train
Road,North_America,North_America,380.7,12.0,1.4,0.1167,High,0.7751,6.7,14.4,7.4,0.1081,0.6025,0,train
Ocean,East_Asia,Oceania,9186.6,378.2,117.9,0.3117,Standard,0.9341,70.0,74.8,53.2,0.0819,0.4407,1,train
Ocean,East_Asia,Oceania,5761.4,242.8,101.4,0.4176,Standard,0.8651,20.4,82.0,28.6,0.8281,0.8715,1,train
Road,East_Asia,East_Asia,1804.5,31.4,3.2,0.1019,Standard,0.7346,11.7,42.2,13.0,0.117,0.2389,1,train
Ocean,Europe,North_America,11160.4,419.3,328.0,0.7823,Standard,0.7889,22.0,15.1,26.1,0.5313,0.2763,1,train
Road,Latin_America,Europe,776.1,21.6,10.0,0.463,High,0.6912,27.9,49.3,22.3,0.2168,0.6974,1,train
Air,East_Asia,Latin_America,7190.1,31.3,11.8,0.377,High,0.8258,34.1,57.4,31.3,0.609,0.1522,1,train
Road,North_America,North_America,1367.0,32.0,25.1,0.7844,Standard,0.7294,26.9,72.0,16.5,0.0985,0.8232,1,train
Road,Europe,Latin_America,1566.2,31.6,10.8,0.3418,Standard,0.7586,46.7,14.7,17.8,0.396,0.9146,1,train
Ocean,South_Asia,Oceania,13911.3,470.9,362.6,0.77,High,0.8171,56.3,48.8,7.2,0.4583,0.247,1,train
Rail,North_America,Europe,2190.2,81.0,33.1,0.4086,Standard,0.99,27.9,23.0,38.6,0.3163,0.5745,1,train
Ocean,Southeast_Asia,Latin_America,16351.1,576.2,350.5,0.6083,High,0.9072,64.8,21.0,17.8,0.8596,0.6816,1,train
Road,Europe,North_America,1580.9,28.7,16.2,0.5645,High,0.99,15.0,19.7,31.2,0.9111,0.5207,1,train
Air,South_Asia,Middle_East,8984.9,32.8,15.0,0.4573,Standard,0.8182,18.0,53.4,38.2,0.3362,0.7182,1,train
Ocean,South_Asia,Middle_East,9986.3,365.3,271.9,0.7443,High,0.836,52.6,33.3,35.3,0.4168,0.2782,1,train
Rail,East_Asia,East_Asia,4243.8,113.1,93.0,0.8223,Standard,0.5916,24.4,47.9,49.0,0.0669,0.4418,1,train
Road,Latin_America,Latin_America,2683.1,44.2,15.8,0.3575,Standard,0.6027,41.2,63.6,22.5,0.0775,0.0579,1,train
Ocean,Europe,Latin_America,8767.1,340.5,259.2,0.7612,Urgent,0.9659,92.7,41.7,23.8,0.5191,0.6746,1,train
Ocean,Southeast_Asia,North_America,7988.6,316.4,112.0,0.354,Standard,0.68,30.2,83.6,34.0,0.4518,0.5587,1,train
Road,Europe,Europe,1766.9,29.4,10.8,0.3673,Standard,0.9865,42.2,16.1,32.5,0.1677,0.4912,0,train
Ocean,Europe,Europe,7218.1,267.8,207.9,0.7763,High,0.7538,40.1,28.7,33.8,0.1603,0.5853,1,train
Ocean,South_Asia,North_America,10367.1,407.6,187.2,0.4593,High,0.99,26.7,23.4,14.9,0.3811,0.8147,1,train
Road,Europe,Europe,473.9,14.9,8.4,0.5638,Standard,0.9683,25.4,41.1,47.1,0.156,0.2684,1,train
Road,Europe,Europe,2605.6,51.4,41.3,0.8035,Standard,0.8298,64.0,35.8,35.6,0.1858,0.9231,1,train
Road,Europe,Europe,2259.5,38.9,17.4,0.4473,High,0.7776,54.8,42.2,54.2,0.0987,0.3754,1,train
Air,Latin_America,Oceania,10746.4,31.6,16.2,0.5127,Urgent,0.8104,65.5,25.7,20.2,0.1804,0.4989,1,train
Ocean,East_Asia,Latin_America,12789.4,449.8,247.4,0.55,Standard,0.8485,28.4,52.2,32.8,0.6174,0.8253,1,train
Ocean,East_Asia,Middle_East,14306.8,498.0,369.1,0.7412,Standard,0.8822,16.3,45.5,30.9,0.4861,0.854,1,train
Ocean,Southeast_Asia,Latin_America,15030.4,555.9,527.9,0.9496,Standard,0.7806,32.0,42.9,15.7,0.6739,0.3613,1,train
Air,Europe,Latin_America,7049.1,45.1,7.2,0.1596,Standard,0.99,32.0,18.8,28.9,0.4143,0.9061,1,train
Air,Southeast_Asia,Middle_East,6688.7,21.0,19.5,0.9286,Standard,0.7031,13.5,10.7,9.4,0.5384,0.8985,1,train
Ocean,South_Asia,Latin_America,9651.1,373.4,282.9,0.7576,Urgent,0.8868,28.2,11.3,14.1,0.5621,0.1121,1,train
Road,Latin_America,North_America,2120.4,42.8,22.7,0.5304,Standard,0.8378,10.0,12.1,11.2,0.3085,0.4689,0,train
Ocean,East_Asia,North_America,9558.8,392.5,70.5,0.1796,High,0.7343,39.4,51.2,10.2,0.5027,0.4363,1,train
Road,Latin_America,Latin_America,1230.7,31.6,7.8,0.2468,Standard,0.883,26.0,26.1,9.5,0.0366,0.8103,1,train
Rail,South_Asia,East_Asia,4980.1,125.8,100.1,0.7957,Standard,0.9036,10.1,39.9,32.9,0.6212,0.881,1,train
Ocean,East_Asia,Oceania,11671.8,449.8,319.9,0.7112,Standard,0.7282,34.3,25.3,30.7,0.1492,0.2046,1,train
Air,East_Asia,Oceania,5384.1,26.1,23.4,0.8966,High,0.5766,23.6,17.7,14.9,0.3135,0.5269,1,train
Ocean,Europe,North_America,9780.2,346.4,151.5,0.4374,Standard,0.9555,39.5,11.4,25.1,0.4231,0.5603,1,train
Air,Middle_East,Latin_America,5706.2,42.9,6.6,0.1538,Standard,0.6252,31.4,3.9,42.8,0.1725,0.8612,1,train
Air,North_America,Oceania,2717.0,24.4,6.3,0.2582,High,0.8862,56.6,33.8,22.3,0.2378,0.8001,1,train
Air,Middle_East,Oceania,7378.0,29.4,12.7,0.432,High,0.7735,15.1,22.5,6.7,0.6503,0.6557,1,train
Air,North_America,Latin_America,12718.0,43.6,37.6,0.8624,Urgent,0.7273,11.3,72.6,17.1,0.2618,0.2455,1,train
Road,North_America,North_America,1408.3,28.6,11.3,0.3951,Standard,0.9783,37.8,45.1,43.1,0.1435,0.2264,1,train
Ocean,Southeast_Asia,Middle_East,10050.7,370.2,59.0,0.1594,Urgent,0.8864,32.0,34.2,14.1,0.4508,0.4154,1,train
Air,South_Asia,Middle_East,7218.2,23.0,6.4,0.2783,Urgent,0.8906,34.0,35.9,27.0,0.3099,0.5692,1,train
Air,Latin_America,East_Asia,4279.9,35.1,20.2,0.5755,Standard,0.99,48.5,56.1,20.8,0.5474,0.8845,1,train
Rail,North_America,North_America,6677.9,155.6,13.6,0.0874,High,0.7376,10.4,26.8,49.5,0.2084,0.4367,1,train
Air,Middle_East,North_America,12965.9,52.6,29.6,0.5627,Standard,0.99,47.1,46.9,6.4,0.531,0.3061,1,train
Air,Europe,East_Asia,10757.8,42.2,23.3,0.5521,Standard,0.7876,37.6,19.5,7.9,0.4997,0.7914,1,train
Ocean,East_Asia,Europe,13998.3,483.1,214.3,0.4436,High,0.99,57.9,15.7,44.3,0.3597,0.4212,1,train
Air,Southeast_Asia,East_Asia,6731.4,40.5,24.6,0.6074,Standard,0.9005,34.5,18.0,27.6,0.3406,0.5216,1,train
Ocean,Europe,Europe,11682.5,423.6,91.6,0.2162,High,0.7618,17.2,30.0,9.2,0.1493,0.9671,1,train
Ocean,East_Asia,Latin_America,7891.5,319.0,278.6,0.8734,Urgent,0.8508,31.2,54.9,27.8,0.6984,0.6169,1,train
Rail,East_Asia,East_Asia,4562.3,138.5,71.7,0.5177,Standard,0.8762,5.5,16.1,31.7,0.1798,0.1666,0,train
Ocean,East_Asia,Europe,7676.9,290.5,283.4,0.9756,Urgent,0.99,14.7,35.0,43.9,0.6797,0.0895,1,train
Ocean,Southeast_Asia,Europe,14392.3,487.7,53.3,0.1093,Standard,0.6254,44.6,20.7,19.8,0.7733,0.2988,1,train
Road,Europe,Europe,770.9,15.3,7.2,0.4706,High,0.914,13.0,13.6,18.7,0.2068,0.183,0,train
Ocean,South_Asia,Middle_East,8424.6,336.5,278.6,0.8279,Standard,0.841,36.1,28.1,22.5,0.3571,0.8932,1,train
Ocean,South_Asia,North_America,9944.1,361.1,188.2,0.5212,Standard,0.7304,45.3,30.8,16.9,0.6088,0.6698,1,train
Road,North_America,North_America,1446.2,29.3,15.7,0.5358,Urgent,0.8991,20.0,66.7,23.3,0.0366,0.7078,1,train
Air,Latin_America,Middle_East,10624.2,28.2,4.1,0.1454,Urgent,0.5198,36.2,32.8,22.5,0.3948,0.4453,1,train
Ocean,East_Asia,Middle_East,15208.4,549.7,514.1,0.9352,Standard,0.9417,17.0,40.4,24.5,0.3355,0.3493,1,train
Road,Latin_America,Latin_America,633.9,21.2,16.9,0.7972,Urgent,0.9265,18.9,38.8,12.3,0.1642,0.3123,0,train
Air,North_America,Middle_East,2434.4,22.4,9.9,0.442,Standard,0.892,51.2,35.6,6.1,0.05,0.2242,0,train
Ocean,Southeast_Asia,Latin_America,11742.4,435.0,289.8,0.6662,Urgent,0.7866,68.8,91.7,12.7,0.2251,0.6931,1,train
Rail,South_Asia,South_Asia,4673.1,114.4,99.7,0.8715,Standard,0.9734,21.3,65.4,21.0,0.069,0.5943,1,train
Ocean,Europe,North_America,12636.0,459.6,384.5,0.8366,Standard,0.8734,27.2,36.5,43.5,0.3552,0.331,1,train
Ocean,East_Asia,Europe,12589.3,467.5,179.3,0.3835,Standard,0.7908,82.3,50.6,15.3,0.6781,0.3365,1,train
Rail,North_America,North_America,2685.8,77.6,18.7,0.241,Standard,0.99,32.0,78.0,23.2,0.2018,0.7796,1,train
Ocean,Europe,North_America,8615.5,317.9,177.4,0.558,High,0.99,39.3,49.2,16.1,0.5047,0.3023,1,train
Ocean,Europe,Europe,12050.7,418.1,370.3,0.8857,Standard,0.7501,42.9,50.6,10.4,0.1052,0.1641,1,train
Road,North_America,North_America,1110.0,28.0,14.3,0.5107,Standard,0.7499,32.8,7.3,34.4,0.1005,0.503,1,train
Road,East_Asia,East_Asia,1587.2,36.0,32.1,0.8917,Standard,0.8732,44.9,6.1,7.2,0.0661,0.0569,0,train
Road,North_America,North_America,1319.0,30.1,28.4,0.9435,Urgent,0.6882,37.4,34.3,4.9,0.1076,0.4766,1,train
Road,East_Asia,East_Asia,2162.8,39.7,16.7,0.4207,Standard,0.8378,46.8,19.1,36.2,0.1798,0.1548,1,train
Rail,South_Asia,South_Asia,3924.0,115.1,96.3,0.8367,Standard,0.9498,32.6,15.9,24.3,0.1161,0.5384,1,train
Road,East_Asia,East_Asia,150.0,13.9,8.4,0.6043,High,0.7737,53.8,22.4,24.4,0.0559,0.1033,1,train
Ocean,South_Asia,Europe,8975.1,336.3,72.6,0.2159,Standard,0.9032,33.6,29.3,35.8,0.3243,0.4558,1,train
Road,East_Asia,East_Asia,150.0,6.4,0.3,0.0469,Urgent,0.7661,24.9,36.9,21.2,0.0575,0.7855,1,train
Road,Europe,Europe,1297.2,34.0,12.1,0.3559,High,0.8486,39.7,14.0,49.5,0.1468,0.6348,1,train
Ocean,South_Asia,Europe,13090.5,486.7,40.3,0.0828,Urgent,0.8358,33.5,52.5,21.8,0.4755,0.2367,1,train
Ocean,Europe,Middle_East,9561.5,387.3,76.9,0.1986,Standard,0.7174,25.3,28.3,16.6,0.5901,0.7719,1,train
Rail,North_America,North_America,3277.7,82.6,25.9,0.3136,Standard,0.92,59.3,35.2,48.9,0.1482,0.9257,1,train
Ocean,Europe,Oceania,13680.5,463.9,69.7,0.1502,Standard,0.897,24.2,38.3,20.5,0.2382,0.8215,1,train
Road,Latin_America,North_America,1501.3,32.0,11.2,0.35,Standard,0.99,27.2,76.8,19.5,0.3982,0.2616,1,train
Road,Latin_America,Latin_America,874.1,22.2,19.7,0.8874,High,0.8796,17.7,37.0,19.5,0.1206,0.2589,0,train
Air,Latin_America,North_America,8038.7,32.3,4.1,0.1269,Standard,0.99,34.8,10.5,44.3,0.6741,0.1548,1,train
Road,North_America,Latin_America,1970.5,38.2,17.7,0.4634,High,0.99,51.9,20.8,25.5,0.4061,0.6362,1,train
Ocean,South_Asia,Latin_America,5756.0,215.9,186.9,0.8657,Standard,0.8241,18.8,8.8,38.9,0.4398,0.4906,1,train
Road,East_Asia,East_Asia,1349.3,29.0,11.2,0.3862,Standard,0.99,55.6,19.2,82.0,0.1308,0.4112,1,train
Air,North_America,Europe,5542.2,23.5,16.6,0.7064,Standard,0.6838,70.0,21.8,25.0,0.6906,0.2733,1,train
Rail,Europe,Europe,4781.2,124.3,95.9,0.7715,Urgent,0.8792,30.5,15.3,31.5,0.2265,0.8917,1,train
Ocean,Southeast_Asia,Oceania,11790.2,417.6,342.9,0.8211,Standard,0.6868,21.7,31.8,19.6,0.2312,0.7851,1,train
Ocean,East_Asia,North_America,4846.4,240.8,210.9,0.8758,High,0.99,11.1,19.6,32.3,0.3685,0.2212,0,train
Ocean,Europe,Oceania,8214.7,337.2,296.7,0.8799,Standard,0.5388,28.0,19.4,22.7,0.2316,0.7613,1,train
Road,North_America,North_America,952.6,26.3,12.0,0.4563,Urgent,0.7885,63.0,15.2,33.8,0.02,0.6912,1,train
Ocean,East_Asia,Middle_East,17034.1,612.3,249.6,0.4076,Urgent,0.7918,83.2,69.9,9.4,0.544,0.5459,1,train
Rail,East_Asia,East_Asia,3709.5,105.4,35.7,0.3387,Standard,0.99,37.7,31.3,29.5,0.0825,0.9307,1,train
Road,North_America,North_America,1260.6,30.9,27.8,0.8997,Standard,0.9588,39.1,32.9,33.1,0.0927,0.3869,1,train
Road,Europe,Europe,1003.5,28.3,19.7,0.6961,Standard,0.8598,23.2,50.3,20.3,0.0995,0.4281,1,train
Ocean,South_Asia,Latin_America,13066.2,465.2,234.6,0.5043,Standard,0.9525,39.9,26.6,16.5,0.8837,0.5402,1,train
Ocean,East_Asia,Europe,9916.6,405.6,183.1,0.4514,Standard,0.9279,31.7,10.6,19.2,0.3889,0.1303,1,train
Air,Europe,Latin_America,2635.2,23.3,16.0,0.6867,Standard,0.8294,41.2,26.5,60.5,0.5658,0.6285,1,train
Ocean,South_Asia,North_America,8485.6,352.8,334.8,0.949,Standard,0.8155,35.4,35.0,16.2,0.2766,0.811,1,train
Rail,Europe,Europe,5277.9,118.9,99.3,0.8352,Standard,0.953,62.6,46.3,10.9,0.1456,0.1434,1,train
Road,Latin_America,Latin_America,617.0,12.8,8.3,0.6484,Standard,0.8386,42.7,56.0,13.6,0.1164,0.969,1,train
Road,Latin_America,Latin_America,399.0,20.4,13.6,0.6667,Urgent,0.646,32.0,19.8,34.4,0.0875,0.2151,1,train
Air,East_Asia,Latin_America,4709.9,34.1,14.2,0.4164,Standard,0.689,35.5,13.2,20.6,0.4722,0.1655,1,train
Air,South_Asia,North_America,8246.4,38.9,14.8,0.3805,High,0.7149,12.1,23.9,49.3,0.3509,0.1866,1,train
Ocean,Southeast_Asia,North_America,9456.6,342.0,133.8,0.3912,High,0.8966,31.9,33.3,40.8,0.3698,0.9797,1,train
Air,North_America,East_Asia,5018.8,38.1,14.3,0.3753,Standard,0.99,6.2,39.5,10.8,0.855,0.5432,1,train
Ocean,South_Asia,North_America,13692.7,487.3,314.6,0.6456,Standard,0.99,17.9,100.0,48.8,0.608,0.4323,1,train
Road,North_America,North_America,827.6,16.3,12.8,0.7853,Standard,0.9235,52.4,31.0,19.4,0.141,0.8978,1,train
Ocean,South_Asia,Latin_America,13288.9,470.8,279.3,0.5932,Standard,0.8709,33.6,48.8,13.9,0.5048,0.8847,1,train
Air,Latin_America,North_America,7299.3,32.8,24.9,0.7591,Standard,0.99,21.1,12.8,86.2,0.1818,0.9246,1,train
Ocean,South_Asia,Europe,9459.9,368.6,273.3,0.7415,High,0.8845,22.8,22.3,8.7,0.5113,0.6526,1,train
Ocean,East_Asia,Middle_East,13928.1,504.5,191.3,0.3792,High,0.709,35.0,29.6,13.5,0.739,0.0922,1,train
Ocean,Europe,North_America,8595.7,338.5,203.5,0.6012,Standard,0.9014,29.1,13.6,19.3,0.5486,0.3573,1,train
Road,Europe,Europe,1562.5,34.2,20.2,0.5906,High,0.8065,38.7,24.4,34.1,0.0838,0.792,1,train
Ocean,Southeast_Asia,Europe,9396.7,338.5,124.5,0.3678,Standard,0.808,18.6,45.4,9.4,0.688,0.9445,1,train
Ocean,Europe,Oceania,12584.5,436.1,26.9,0.0617,High,0.99,37.7,31.1,18.3,0.5463,0.6144,1,train
Road,Latin_America,Latin_America,1263.7,26.5,20.2,0.7623,Urgent,0.8633,41.9,22.8,20.7,0.0605,0.6237,1,train
Road,Latin_America,Latin_America,774.7,25.5,21.4,0.8392,Standard,0.7848,13.7,22.6,19.7,0.1803,0.8127,1,train
Air,Latin_America,North_America,6065.8,42.9,31.4,0.7319,Standard,0.8404,59.9,23.9,15.5,0.259,0.1205,1,train
Ocean,East_Asia,North_America,12797.5,454.0,337.7,0.7438,High,0.9552,38.2,53.2,11.3,0.8309,0.4674,1,train
Road,Europe,Europe,701.5,17.8,10.9,0.6124,Standard,0.794,15.5,41.7,13.8,0.0716,0.8959,0,train
Air,East_Asia,Latin_America,3774.7,32.5,18.7,0.5754,Standard,0.7337,15.9,22.2,30.8,0.3478,0.1846,1,train
Air,Southeast_Asia,North_America,8365.9,39.4,25.1,0.6371,Standard,0.99,27.5,31.4,8.8,0.3592,0.5118,1,train
Road,Europe,Latin_America,150.0,6.4,1.6,0.25,Standard,0.7783,55.8,24.0,7.1,0.5464,0.077,1,train
Rail,Europe,East_Asia,2143.1,83.8,80.0,0.9547,Standard,0.7537,31.9,49.3,10.0,0.5272,0.173,1,train
Ocean,South_Asia,North_America,12206.7,424.0,385.3,0.9087,Standard,0.9468,21.4,22.4,22.8,0.3145,0.8001,1,train
Ocean,Europe,Middle_East,10181.0,399.8,376.8,0.9425,Urgent,0.809,38.9,31.3,20.4,0.4617,0.8319,1,train
Air,Middle_East,Europe,11838.3,33.4,15.1,0.4521,High,0.99,30.0,24.7,74.5,0.4844,0.8482,1,train
Road,East_Asia,East_Asia,1553.5,35.5,26.5,0.7465,Standard,0.99,48.1,35.6,21.9,0.1255,0.4712,1,train
Road,East_Asia,East_Asia,1553.5,34.6,19.4,0.5607,High,0.8876,98.4,26.1,17.0,0.1537,0.39,1,train
Air,Europe,Oceania,4968.5,29.8,12.8,0.4295,High,0.7628,25.5,18.2,37.1,0.7208,0.5269,1,train
Ocean,Southeast_Asia,Oceania,10408.4,369.9,165.2,0.4466,Standard,0.7785,47.0,55.5,9.2,0.4429,0.8224,1,train
Ocean,Southeast_Asia,Europe,14362.6,535.1,287.2,0.5367,High,0.5575,26.8,30.2,8.9,0.5087,0.4498,1,train
Ocean,Europe,North_America,7218.3,318.0,123.2,0.3874,High,0.9494,29.4,52.2,15.6,0.5259,0.262,1,train
Rail,Europe,Europe,2112.2,62.2,9.0,0.1447,Standard,0.741,9.8,24.7,49.1,0.106,0.4382,1,train
Air,Southeast_Asia,Middle_East,4385.8,24.8,2.1,0.0847,Standard,0.99,36.0,19.2,7.4,0.463,0.1354,1,train
Road,Latin_America,Latin_America,1614.1,28.7,22.0,0.7666,High,0.6826,52.5,62.2,14.4,0.128,0.2351,1,train
Road,North_America,North_America,1206.5,22.3,21.6,0.9686,Standard,0.7838,18.3,11.4,21.8,0.1496,0.1905,0,train
Ocean,Southeast_Asia,Latin_America,14324.3,512.4,26.8,0.0523,Urgent,0.9188,51.3,72.9,29.2,0.1657,0.5167,1,train
Road,Latin_America,North_America,1194.8,23.1,21.5,0.9307,Standard,0.99,37.5,25.9,24.5,0.4432,0.0515,1,train
Ocean,Southeast_Asia,Middle_East,13011.5,460.7,267.7,0.5811,Standard,0.7432,87.0,12.8,24.5,0.6799,0.8619,1,train
Rail,South_Asia,South_Asia,4368.1,131.0,59.7,0.4557,High,0.7073,40.9,16.4,42.2,0.1599,0.0637,1,train
Road,East_Asia,East_Asia,602.6,14.0,2.7,0.1929,Standard,0.7433,60.7,56.3,45.2,0.1393,0.8472,1,train
Ocean,Southeast_Asia,Oceania,10488.6,402.8,366.3,0.9094,Urgent,0.8983,37.8,23.2,35.4,0.5087,0.7297,1,train
Road,Latin_America,Latin_America,1104.6,31.4,12.9,0.4108,Standard,0.9099,63.4,13.0,17.6,0.163,0.6062,1,train
Rail,South_Asia,East_Asia,4774.4,108.6,74.5,0.686,Standard,0.7628,59.6,24.1,3.8,0.8033,0.4178,1,train
Ocean,Europe,North_America,7365.9,291.2,64.1,0.2201,Urgent,0.8754,12.8,31.3,22.4,0.2195,0.6519,1,train
Rail,South_Asia,South_Asia,4558.4,112.3,106.6,0.9492,High,0.9803,18.8,23.4,13.7,0.02,0.6036,1,train
Air,Europe,East_Asia,4094.4,24.8,13.9,0.5605,High,0.8723,10.0,70.1,10.9,0.6555,0.807,1,train
Ocean,East_Asia,Middle_East,12315.5,423.7,63.1,0.1489,Standard,0.8224,74.2,25.9,18.5,0.4985,0.8731,1,train
Ocean,Europe,Europe,6328.2,235.7,227.8,0.9665,High,0.6563,83.0,33.6,23.3,0.1573,0.9456,1,train
Road,North_America,North_America,1416.5,26.3,22.5,0.8555,Standard,0.99,59.7,57.5,44.1,0.1156,0.7828,1,train
Ocean,Europe,Latin_America,8253.5,353.3,85.5,0.242,High,0.9118,20.4,11.0,23.3,0.2704,0.5124,1,train
Rail,Europe,North_America,5886.4,133.5,121.5,0.9101,High,0.99,33.2,49.0,4.1,0.3075,0.1133,1,train
Road,Latin_America,Latin_America,2188.6,46.1,20.9,0.4534,High,0.7586,43.8,15.4,21.5,0.0641,0.1131,1,train
Air,Southeast_Asia,Oceania,5431.1,25.0,24.0,0.96,High,0.9346,14.1,39.9,23.2,0.6007,0.6147,1,train
Road,Latin_America,Latin_America,2114.9,35.7,3.9,0.1092,High,0.5446,80.9,30.5,12.8,0.0516,0.2109,1,train
Road,Europe,Europe,840.0,17.3,16.9,0.9769,High,0.8526,45.3,45.0,27.3,0.0217,0.4401,1,train
Road,Europe,Europe,2174.3,45.7,17.1,0.3742,Urgent,0.8158,17.6,18.4,15.6,0.1736,0.1503,0,train
Rail,East_Asia,East_Asia,2627.5,86.8,7.2,0.0829,High,0.9218,44.9,38.6,19.0,0.1619,0.2903,1,train
Road,North_America,North_America,150.0,16.9,12.9,0.7633,High,0.8597,60.9,53.5,9.4,0.2277,0.8938,1,train
Rail,North_America,East_Asia,1862.4,78.2,76.0,0.9719,Standard,0.8423,69.0,80.0,32.8,0.2534,0.5801,1,train
Ocean,South_Asia,Middle_East,11340.3,392.7,339.0,0.8633,Standard,0.9897,33.8,41.7,9.9,0.7259,0.788,1,train
Air,Southeast_Asia,North_America,8837.7,28.5,12.7,0.4456,High,0.816,16.3,47.9,50.9,0.3837,0.9374,1,train
Rail,East_Asia,Europe,7388.2,178.3,138.3,0.7757,Urgent,0.8034,32.6,48.5,53.9,0.3407,0.2193,1,train
Ocean,Southeast_Asia,North_America,11097.1,391.0,111.8,0.2859,Standard,0.8506,45.0,13.2,8.6,0.6383,0.7493,1,train
Ocean,Southeast_Asia,Latin_America,15285.5,573.2,548.0,0.956,High,0.8828,26.9,18.2,0.9,0.788,0.4111,1,train
Rail,North_America,North_America,3815.2,89.9,74.3,0.8265,Standard,0.7535,17.3,39.0,40.8,0.0907,0.6588,1,train
Ocean,Europe,Middle_East,8939.3,318.9,215.8,0.6767,Urgent,0.99,16.9,100.0,29.3,0.6249,0.5885,1,train
Road,Latin_America,Latin_America,1951.3,37.2,17.3,0.4651,Standard,0.7477,19.2,55.1,28.8,0.1583,0.813,1,train
Road,East_Asia,Europe,150.0,6.6,0.8,0.1212,High,0.7757,40.5,52.5,45.9,0.203,0.6668,1,train
Ocean,Southeast_Asia,North_America,16924.4,616.3,382.3,0.6203,Urgent,0.971,35.1,28.3,12.7,0.4428,0.0998,1,train
Rail,Europe,North_America,4265.4,116.8,75.0,0.6421,High,0.8383,60.4,41.8,43.0,0.5948,0.8661,1,train
Air,North_America,Latin_America,8118.8,44.7,31.5,0.7047,Standard,0.6851,22.0,34.6,14.0,0.6631,0.9035,1,train
Road,Europe,North_America,362.9,10.9,8.4,0.7706,Standard,0.8817,32.8,40.6,21.1,0.2805,0.0976,0,train
Ocean,Europe,Middle_East,11492.5,418.5,207.1,0.4949,Standard,0.99,85.4,46.5,34.6,0.1312,0.5401,1,train
Road,East_Asia,East_Asia,926.9,28.9,24.6,0.8512,High,0.9461,20.0,19.1,16.9,0.1759,0.1899,0,train
Air,Middle_East,Europe,10615.5,38.4,10.3,0.2682,Standard,0.8395,35.0,36.5,34.3,0.2917,0.1212,1,train
Ocean,South_Asia,Latin_America,17260.3,616.9,325.8,0.5281,Standard,0.9332,26.2,21.4,29.8,0.7271,0.626,1,train
Rail,South_Asia,South_Asia,4087.9,94.7,13.2,0.1394,Standard,0.9149,8.1,20.2,32.4,0.1427,0.9106,1,train
Road,East_Asia,Europe,1765.2,36.2,11.9,0.3287,Urgent,0.8597,100.0,65.1,14.0,0.5738,0.4138,1,train
Ocean,East_Asia,Latin_America,12727.1,444.8,419.9,0.944,Standard,0.9846,15.3,29.9,22.8,0.2814,0.5987,1,train
Ocean,South_Asia,Oceania,8521.8,319.4,179.1,0.5607,Standard,0.99,49.1,61.3,20.7,0.3919,0.2312,1,train
Air,East_Asia,Oceania,3409.4,25.6,7.3,0.2852,High,0.9835,18.8,70.0,4.6,0.4594,0.7601,1,train
Road,North_America,North_America,1000.9,18.8,4.9,0.2606,Standard,0.8529,27.0,32.5,10.2,0.0969,0.1531,0,train
Road,Europe,Europe,1871.6,37.9,26.1,0.6887,Standard,0.6477,23.0,78.5,31.2,0.092,0.8024,1,train
Road,Latin_America,North_America,1078.7,28.5,27.7,0.9719,High,0.7821,16.6,32.9,13.9,0.5819,0.9429,1,train
Road,Europe,North_America,1144.5,24.7,4.2,0.17,Standard,0.6183,39.9,52.9,35.7,0.3749,0.6912,1,train
Ocean,Europe,Oceania,14620.3,503.4,474.9,0.9434,Urgent,0.8123,11.1,96.8,51.9,0.5713,0.1808,1,train
Air,South_Asia,Europe,5986.3,25.9,11.6,0.4479,Standard,0.7571,39.5,36.9,23.1,0.3589,0.3806,1,train
Ocean,South_Asia,Latin_America,13079.6,463.5,361.8,0.7806,High,0.8313,46.6,27.8,19.4,0.1273,0.5029,1,train
Rail,Europe,North_America,3179.3,84.1,39.5,0.4697,Standard,0.8742,39.1,24.2,6.9,0.4113,0.4502,1,train
Ocean,Southeast_Asia,North_America,13091.8,450.7,228.6,0.5072,High,0.8563,38.4,45.5,31.8,0.5715,0.6887,1,train
Road,North_America,North_America,470.9,13.3,7.5,0.5639,Standard,0.99,8.8,27.8,24.1,0.2063,0.3761,0,train
Air,East_Asia,North_America,4157.2,23.8,20.8,0.8739,High,0.9674,19.6,90.7,32.0,0.8358,0.3088,1,train
Air,East_Asia,Latin_America,5726.7,37.6,23.7,0.6303,Standard,0.8463,35.4,92.1,16.6,0.4747,0.3069,1,train
Ocean,Europe,Europe,12504.3,475.1,117.0,0.2463,High,0.644,13.7,30.6,53.7,0.2001,0.4613,1,train
Road,Latin_America,Latin_America,2308.8,44.5,21.7,0.4876,Standard,0.7757,29.8,15.2,30.3,0.1496,0.6324,1,train
Rail,Europe,Europe,2644.3,86.0,7.6,0.0884,Standard,0.99,57.2,32.0,7.3,0.138,0.8902,1,train
Road,East_Asia,East_Asia,150.0,17.8,7.5,0.4213,Standard,0.8972,29.1,42.9,30.8,0.1815,0.3795,1,train
Rail,Europe,East_Asia,5543.9,157.4,151.5,0.9625,High,0.9294,40.3,62.3,15.4,0.4736,0.6117,1,train
Air,North_America,Middle_East,8199.7,27.4,19.3,0.7044,Standard,0.8489,40.1,26.0,37.6,0.4759,0.9653,1,train
Air,Southeast_Asia,Middle_East,1326.2,27.5,12.6,0.4582,Standard,0.8273,32.2,17.9,16.3,0.2188,0.1371,0,train
Air,Middle_East,Europe,7325.2,32.9,20.1,0.6109,High,0.8374,23.9,97.3,19.8,0.5041,0.9274,1,train
Rail,East_Asia,East_Asia,2869.1,102.6,81.1,0.7904,Standard,0.8077,57.8,32.1,13.4,0.0451,0.9552,1,train
Rail,East_Asia,East_Asia,3221.0,84.2,34.3,0.4074,Standard,0.8737,18.3,25.4,30.7,0.0748,0.1248,0,train
Ocean,East_Asia,Oceania,9747.7,367.5,108.6,0.2955,High,0.7164,63.2,12.6,34.9,0.5906,0.1831,1,train
Rail,Europe,East_Asia,2583.2,95.3,83.8,0.8793,Standard,0.7383,10.1,10.0,59.7,0.2702,0.1966,1,train
Road,East_Asia,East_Asia,2316.2,45.7,22.4,0.4902,Standard,0.99,50.3,38.6,38.3,0.0833,0.5521,1,train
Road,Latin_America,Latin_America,150.0,11.0,9.8,0.8909,High,0.8989,13.2,68.9,27.3,0.0426,0.8781,1,train
Rail,Europe,Europe,3552.3,84.3,73.0,0.866,Standard,0.99,88.4,88.2,33.5,0.1267,0.3223,1,train
Air,Latin_America,Oceania,11052.9,27.4,1.8,0.0657,High,0.8577,20.8,75.1,44.3,0.3868,0.9016,1,train
Road,North_America,North_America,150.0,14.9,1.0,0.0671,High,0.99,45.4,43.4,42.5,0.1266,0.7714,1,train
Rail,South_Asia,North_America,547.1,53.0,13.6,0.2566,Standard,0.7313,92.3,70.2,32.3,0.5498,0.2563,1,train
Ocean,Europe,Oceania,12801.7,479.9,403.4,0.8406,Standard,0.99,26.8,51.3,40.7,0.801,0.5371,1,train
Ocean,Europe,North_America,7878.5,312.9,204.7,0.6542,Standard,0.99,15.0,22.7,12.4,0.2072,0.7899,1,train
Road,Latin_America,Latin_America,1659.3,33.2,18.7,0.5633,High,0.8845,22.4,42.6,10.0,0.0782,0.5648,1,train
Air,North_America,East_Asia,3722.2,27.0,9.5,0.3519,Urgent,0.8592,19.6,33.7,23.5,0.3352,0.5962,1,train
Rail,Europe,Europe,2269.2,84.6,61.7,0.7293,Standard,0.8247,22.7,16.8,13.4,0.0859,0.6851,1,train
Road,Latin_America,Latin_America,1872.4,37.0,9.7,0.2622,Standard,0.9161,67.8,28.9,40.1,0.0872,0.8118,1,train
Ocean,East_Asia,North_America,12767.7,445.8,54.4,0.122,High,0.9228,13.5,30.8,35.6,0.0889,0.6392,1,train
Ocean,Europe,Europe,17005.1,590.4,406.5,0.6885,Standard,0.8311,15.4,14.6,6.5,0.1357,0.1093,1,train
Air,Europe,North_America,6268.4,37.6,18.5,0.492,Standard,0.6895,10.1,46.6,14.2,0.5271,0.7719,1,train
Air,Europe,East_Asia,1200.0,15.6,13.7,0.8782,Standard,0.8852,57.5,100.0,15.2,0.3551,0.0686,1,train
Ocean,East_Asia,Europe,12235.7,455.4,258.0,0.5665,Urgent,0.7886,12.9,83.4,28.8,0.556,0.8616,1,train
Ocean,South_Asia,Middle_East,6618.8,287.0,134.0,0.4669,Standard,0.737,64.7,24.2,23.3,0.6337,0.66,1,train
Road,North_America,North_America,1729.7,31.3,23.2,0.7412,Standard,0.6894,6.1,25.1,43.0,0.1,0.7458,1,train
Air,Southeast_Asia,Latin_America,7021.2,21.4,6.3,0.2944,Standard,0.9419,13.5,22.5,55.2,0.0997,0.7375,1,train
Air,East_Asia,Latin_America,8563.2,27.3,8.5,0.3114,Standard,0.99,37.5,54.4,27.0,0.7778,0.3002,1,train
Ocean,East_Asia,Middle_East,10861.5,433.7,22.8,0.0526,Standard,0.6549,19.3,13.5,24.9,0.7923,0.3111,1,train
Air,North_America,Latin_America,8122.1,45.0,24.4,0.5422,Standard,0.8033,42.2,23.5,39.6,0.3923,0.4466,1,train
Ocean,Southeast_Asia,Middle_East,11693.1,452.9,310.9,0.6865,Urgent,0.7561,36.8,35.0,12.6,0.5313,0.4826,1,train
Road,Europe,Europe,2024.2,42.8,20.3,0.4743,Standard,0.99,85.2,35.0,85.7,0.2395,0.8705,1,train
Road,East_Asia,East_Asia,987.8,26.4,2.9,0.1098,High,0.8885,5.1,13.6,33.8,0.0846,0.3351,1,train
Ocean,South_Asia,Europe,11388.8,401.4,238.9,0.5952,Standard,0.9167,6.8,68.4,17.3,0.4651,0.0564,1,train
Ocean,South_Asia,Europe,17334.0,634.5,82.3,0.1297,Standard,0.9376,11.3,34.4,16.5,0.31,0.5515,1,train
Air,Latin_America,Europe,7977.0,28.0,24.1,0.8607,Standard,0.6743,18.5,10.9,10.4,0.1144,0.2401,0,train
Air,Southeast_Asia,Middle_East,6291.4,24.9,9.3,0.3735,High,0.7764,23.4,11.2,17.8,0.4154,0.6434,1,train
Road,Europe,Europe,1847.5,40.3,38.4,0.9529,High,0.99,47.0,14.2,10.8,0.1922,0.7906,1,train
Air,Latin_America,North_America,8665.7,30.0,24.2,0.8067,High,0.9095,57.4,92.5,28.1,0.3964,0.4162,1,train
Rail,South_Asia,South_Asia,3559.3,102.1,8.3,0.0813,Urgent,0.8157,41.0,48.9,11.6,0.0718,0.5961,1,train
Ocean,Europe,Middle_East,10427.2,375.4,213.4,0.5685,High,0.9478,72.1,27.1,68.5,0.2009,0.111,1,train
Air,Middle_East,Latin_America,3310.2,21.0,12.5,0.5952,Standard,0.99,27.4,33.6,64.6,0.05,0.4705,1,train
Ocean,Southeast_Asia,Middle_East,6996.2,269.5,108.5,0.4026,Standard,0.8422,14.8,31.4,51.0,0.4958,0.5296,1,train
Air,North_America,Latin_America,6396.9,41.9,29.6,0.7064,Standard,0.99,14.4,58.4,32.1,0.05,0.2814,1,train
Road,North_America,Latin_America,1821.7,31.4,14.6,0.465,Standard,0.6977,40.4,74.3,20.3,0.7286,0.2153,1,train
Ocean,Europe,North_America,8533.4,316.4,255.2,0.8066,Standard,0.925,36.8,12.2,45.4,0.5353,0.4819,1,train
Ocean,Southeast_Asia,Latin_America,17503.4,634.8,496.9,0.7828,High,0.8676,37.0,29.8,17.4,0.511,0.2102,1,train
Road,North_America,North_America,1756.3,32.6,27.6,0.8466,Standard,0.7322,100.0,43.2,15.0,0.1044,0.4929,1,train
Ocean,Southeast_Asia,Oceania,9846.9,391.0,211.3,0.5404,Standard,0.6707,46.6,44.1,31.5,0.4622,0.9719,1,train
Ocean,East_Asia,Latin_America,7941.9,340.5,253.3,0.7439,High,0.8523,42.8,13.9,19.3,0.3233,0.4549,1,train
Ocean,South_Asia,Oceania,13868.3,523.8,185.3,0.3538,Standard,0.784,17.8,36.0,12.2,0.322,0.9008,1,validation
Ocean,East_Asia,Middle_East,8297.9,300.9,276.9,0.9202,Standard,0.8324,25.1,20.8,29.3,0.1762,0.5049,1,validation
Road,Europe,Europe,150.0,7.5,6.5,0.8667,Standard,0.7711,32.9,15.7,37.1,0.1634,0.4351,1,validation
Road,Europe,Europe,1792.5,31.3,7.1,0.2268,High,0.9327,27.7,35.6,41.1,0.2285,0.3821,1,validation
Ocean,Southeast_Asia,Oceania,6054.2,265.3,37.3,0.1406,High,0.776,44.9,32.6,84.3,0.2272,0.3466,1,validation
Road,Europe,Europe,1314.4,31.6,7.8,0.2468,Standard,0.99,18.6,8.6,34.3,0.1056,0.5845,0,validation
Ocean,Europe,North_America,9666.0,368.1,270.8,0.7357,Standard,0.8263,46.6,25.2,20.8,0.2642,0.5422,1,validation
Road,Europe,Latin_America,1256.6,24.3,22.3,0.9177,Standard,0.99,17.9,8.0,12.4,0.3924,0.4966,0,validation
Rail,North_America,North_America,3159.3,98.7,40.8,0.4134,High,0.6624,59.2,21.6,16.8,0.076,0.0745,0,validation
Air,South_Asia,East_Asia,8372.5,33.2,11.3,0.3404,Standard,0.8865,46.8,47.6,11.5,0.2856,0.7142,1,validation
Rail,Europe,Europe,1406.6,72.6,70.8,0.9752,Standard,0.7789,38.9,65.9,5.7,0.1596,0.5053,1,validation
Road,Latin_America,Latin_America,1827.6,31.8,3.7,0.1164,Standard,0.8256,62.1,38.1,18.8,0.1235,0.3226,1,validation
Air,North_America,Latin_America,7781.3,34.0,6.7,0.1971,Standard,0.7233,34.7,29.3,29.3,0.5707,0.0775,1,validation
Road,East_Asia,East_Asia,1538.8,26.3,22.8,0.8669,Standard,0.7605,41.6,8.5,20.0,0.02,0.1576,1,validation
Road,Europe,Europe,150.0,7.6,2.4,0.3158,High,0.8095,54.3,36.0,9.5,0.0867,0.7868,1,validation
Ocean,East_Asia,Middle_East,8461.1,327.3,283.2,0.8653,Standard,0.8906,73.3,23.1,64.9,0.5072,0.2858,1,validation
Ocean,South_Asia,Europe,7399.2,269.9,231.5,0.8577,Standard,0.99,41.3,73.7,43.2,0.4672,0.7282,1,validation
Air,Middle_East,Latin_America,7792.1,44.0,33.8,0.7682,Standard,0.5744,53.0,84.7,22.7,0.3176,0.4261,1,validation
Ocean,Europe,Europe,11953.9,452.6,298.9,0.6604,Standard,0.8704,21.8,22.0,21.0,0.1032,0.6031,1,validation
Ocean,Southeast_Asia,Oceania,16002.9,556.8,542.3,0.974,Standard,0.878,59.9,52.0,9.0,0.4544,0.618,1,validation
Air,South_Asia,Europe,8598.3,44.0,37.5,0.8523,Standard,0.9533,18.3,13.7,23.0,0.424,0.9233,1,validation
Road,East_Asia,East_Asia,1243.9,30.9,28.1,0.9094,Standard,0.92,10.2,17.4,24.4,0.1224,0.523,0,validation
Ocean,Southeast_Asia,Middle_East,8908.1,338.7,174.2,0.5143,Standard,0.99,33.4,3.2,42.6,0.313,0.962,1,validation
Ocean,Southeast_Asia,Middle_East,12428.0,427.6,404.5,0.946,High,0.8441,45.8,20.8,15.5,0.6391,0.0827,1,validation
Ocean,East_Asia,North_America,14275.9,509.6,424.3,0.8326,Standard,0.7927,13.9,63.8,9.4,0.6926,0.196,1,validation
Air,Europe,Middle_East,4004.2,36.1,18.4,0.5097,High,0.9815,62.1,22.4,18.5,0.5202,0.5072,1,validation
Ocean,Southeast_Asia,North_America,14213.7,513.2,369.7,0.7204,Standard,0.955,20.8,40.5,61.1,0.5987,0.5945,1,validation
Road,North_America,North_America,1029.5,22.5,13.6,0.6044,High,0.8846,31.7,10.5,15.5,0.02,0.1029,0,validation
Road,Latin_America,Latin_America,1488.7,28.0,4.7,0.1679,Standard,0.6912,33.4,27.4,23.3,0.1414,0.5506,1,validation
Road,East_Asia,East_Asia,1625.1,36.1,24.3,0.6731,High,0.9515,39.5,75.5,8.7,0.02,0.4841,1,validation
Road,Europe,Latin_America,1417.8,26.2,16.8,0.6412,High,0.7893,18.4,16.7,28.1,0.4034,0.5649,1,validation
Road,Latin_America,Latin_America,1370.3,25.2,5.5,0.2183,High,0.7529,34.3,22.2,16.9,0.1324,0.3347,1,validation
Air,Latin_America,Europe,5793.6,21.7,11.3,0.5207,Standard,0.8598,27.5,43.5,14.0,0.7067,0.2432,1,validation
Rail,South_Asia,North_America,4724.8,112.3,61.6,0.5485,Standard,0.7956,49.1,30.0,20.4,0.3917,0.3542,1,validation
Road,North_America,North_America,343.9,17.9,13.8,0.7709,Urgent,0.8302,34.7,52.5,7.4,0.093,0.895,1,validation
Road,East_Asia,East_Asia,933.7,17.4,11.7,0.6724,Standard,0.8099,40.1,17.7,34.8,0.0905,0.5334,1,validation
Ocean,East_Asia,Oceania,3500.0,170.6,28.2,0.1653,Standard,0.8531,26.1,41.3,37.0,0.8154,0.3145,1,validation
Air,East_Asia,Latin_America,3021.4,33.5,31.6,0.9433,Standard,0.9355,61.5,22.0,36.3,0.5037,0.4181,1,validation
Ocean,East_Asia,Middle_East,6972.3,291.7,75.1,0.2575,Standard,0.99,16.2,28.4,33.9,0.3269,0.7655,1,validation
Ocean,Southeast_Asia,Oceania,12655.6,431.8,80.4,0.1862,Urgent,0.8213,28.1,41.4,36.3,0.1453,0.2577,1,validation
Rail,North_America,East_Asia,4033.1,95.6,64.0,0.6695,Urgent,0.8212,42.9,6.4,18.2,0.5549,0.6286,1,validation
Road,North_America,North_America,2194.3,38.5,16.2,0.4208,Standard,0.99,20.5,39.1,31.8,0.1159,0.305,1,validation
Air,Latin_America,East_Asia,2334.7,32.1,19.2,0.5981,Standard,0.7185,36.5,22.0,32.1,0.5051,0.9607,1,validation
Ocean,East_Asia,Oceania,11371.9,424.6,174.2,0.4103,Standard,0.8709,17.0,5.4,42.1,0.2519,0.8032,1,validation
Air,Southeast_Asia,Europe,4630.4,34.8,18.4,0.5287,Standard,0.7903,24.4,3.7,37.8,0.2233,0.7057,1,validation
Rail,Europe,North_America,3018.2,79.7,43.7,0.5483,Standard,0.9448,9.8,90.1,26.4,0.05,0.9448,1,validation
Road,Latin_America,Latin_America,420.1,17.2,2.5,0.1453,Standard,0.8308,53.0,36.2,11.3,0.1311,0.1295,1,validation
Air,North_America,Latin_America,9310.8,26.4,4.6,0.1742,High,0.9147,11.1,52.6,7.1,0.5067,0.4898,1,validation
Rail,East_Asia,East_Asia,3305.5,104.0,47.6,0.4577,Standard,0.8767,96.1,100.0,14.5,0.069,0.5419,1,validation
Ocean,Europe,Oceania,9303.0,343.8,134.8,0.3921,Standard,0.8251,13.7,9.3,10.7,0.3719,0.2145,0,validation
Road,Latin_America,Europe,607.8,17.5,13.8,0.7886,Standard,0.7315,10.8,14.3,12.9,0.47,0.6126,1,validation
Rail,East_Asia,East_Asia,2548.6,89.7,78.8,0.8785,High,0.763,44.6,56.7,8.0,0.0925,0.2648,1,validation
Ocean,Europe,Latin_America,7939.6,320.9,215.1,0.6703,High,0.8086,39.3,53.0,55.5,0.5788,0.8524,1,validation
Road,Europe,Europe,771.3,18.9,16.4,0.8677,High,0.7999,30.7,29.0,14.2,0.0825,0.0908,1,validation
Air,Europe,North_America,10116.4,47.9,13.2,0.2756,High,0.8402,37.4,20.0,20.4,0.7049,0.6173,1,validation
Ocean,South_Asia,North_America,19060.3,659.1,625.5,0.949,Urgent,0.8304,16.7,12.1,25.3,0.5016,0.6281,1,validation
Ocean,South_Asia,North_America,11910.5,441.5,92.9,0.2104,High,0.7333,18.5,48.8,12.4,0.3859,0.4324,1,validation
Air,North_America,East_Asia,7113.4,25.1,3.9,0.1554,High,0.99,39.4,17.8,30.8,0.4532,0.1588,1,validation
Rail,East_Asia,East_Asia,3619.2,94.5,17.9,0.1894,High,0.8974,33.4,22.2,41.6,0.1562,0.2624,1,validation
Ocean,Southeast_Asia,Middle_East,4871.1,189.8,66.9,0.3525,High,0.8619,56.5,47.6,34.3,0.4936,0.575,1,validation
Rail,North_America,East_Asia,4278.1,122.2,71.3,0.5835,Standard,0.9042,22.2,34.7,28.4,0.3795,0.4136,1,validation
Ocean,Southeast_Asia,Latin_America,7203.1,283.1,143.6,0.5072,High,0.9553,51.9,31.6,28.7,0.3531,0.1673,1,validation
Ocean,Southeast_Asia,North_America,5230.7,226.1,23.0,0.1017,Standard,0.8873,30.3,71.0,30.2,0.2709,0.624,1,validation
Ocean,East_Asia,Latin_America,12902.7,481.8,451.8,0.9377,Urgent,0.9519,12.0,32.9,3.3,0.4402,0.5243,1,validation
Ocean,Southeast_Asia,Oceania,12286.7,446.7,291.9,0.6535,Standard,0.7134,21.3,29.7,21.1,0.3112,0.1959,1,validation
Air,Europe,North_America,7685.6,29.3,2.8,0.0956,High,0.9888,31.7,26.8,29.9,0.626,0.4951,1,validation
Road,Europe,Europe,1477.6,26.4,5.1,0.1932,High,0.7717,22.3,16.5,15.2,0.0756,0.4341,0,validation
Road,Europe,Europe,1502.0,31.2,2.9,0.0929,Standard,0.7787,66.6,16.6,57.7,0.1023,0.4855,1,validation
Ocean,Southeast_Asia,Oceania,8916.6,323.8,244.5,0.7551,Urgent,0.99,6.5,28.6,25.3,0.4268,0.9017,1,validation
Road,Latin_America,Europe,1721.7,38.6,7.7,0.1995,High,0.7606,24.0,47.1,25.2,0.5653,0.4275,1,validation
Ocean,East_Asia,Middle_East,8697.7,334.1,239.4,0.7166,High,0.8223,14.0,71.3,10.5,0.1808,0.7458,1,validation
Ocean,Europe,Europe,7930.8,339.8,263.7,0.776,Standard,0.916,42.2,69.2,31.8,0.1462,0.7254,1,validation
Ocean,Southeast_Asia,Europe,11571.0,414.9,62.6,0.1509,High,0.7422,43.5,16.7,49.2,0.6202,0.6607,1,validation
Road,East_Asia,East_Asia,1736.1,33.3,1.8,0.0541,Urgent,0.7381,64.5,8.8,10.7,0.0973,0.2529,0,validation
Rail,North_America,North_America,4421.8,124.0,35.1,0.2831,Standard,0.8106,29.8,52.5,37.9,0.1883,0.1734,1,validation
Ocean,Europe,Europe,12424.4,424.7,375.3,0.8837,Standard,0.6904,26.4,40.3,30.0,0.0847,0.209,1,validation
Road,Latin_America,Latin_America,1090.0,21.0,16.8,0.8,Standard,0.99,32.3,16.2,2.4,0.1103,0.244,0,validation
Road,North_America,North_America,1313.2,25.6,5.2,0.2031,High,0.99,52.9,41.4,13.9,0.0977,0.5049,1,validation
Ocean,Europe,Middle_East,11155.0,405.1,169.3,0.4179,High,0.7552,26.2,40.3,6.8,0.23,0.0755,1,validation
Road,North_America,North_America,909.7,27.7,18.9,0.6823,Urgent,0.7671,22.4,60.8,14.7,0.1236,0.3364,1,validation
Road,Latin_America,North_America,1577.5,32.7,20.5,0.6269,Standard,0.6069,21.1,54.2,17.4,0.6827,0.6985,1,validation
Road,Latin_America,Latin_America,1432.9,33.8,15.3,0.4527,High,0.7229,25.6,63.3,9.8,0.02,0.572,1,validation
Rail,South_Asia,South_Asia,4608.4,105.8,34.5,0.3261,Urgent,0.8725,20.4,31.7,20.0,0.1119,0.3416,1,validation
Rail,East_Asia,East_Asia,4601.8,134.1,55.7,0.4154,Standard,0.8739,32.4,68.8,36.6,0.1504,0.5492,1,validation
Ocean,Europe,Latin_America,5052.6,209.8,102.9,0.4905,Standard,0.7473,21.5,26.9,27.3,0.2231,0.5938,1,validation
Ocean,East_Asia,Oceania,11870.1,419.2,337.9,0.8061,Standard,0.8969,57.9,11.7,11.2,0.4661,0.8592,1,validation
Rail,North_America,North_America,1834.7,59.5,6.3,0.1059,High,0.8366,26.6,28.2,28.3,0.1048,0.5644,1,validation
Ocean,Europe,North_America,13658.9,513.0,381.4,0.7435,Standard,0.7657,16.4,14.5,28.0,0.4568,0.082,1,validation
Ocean,South_Asia,Middle_East,11698.1,406.0,101.3,0.2495,High,0.9368,21.8,29.9,13.7,0.779,0.4119,1,validation
Road,Latin_America,Latin_America,690.5,14.3,5.3,0.3706,Standard,0.9009,20.7,16.9,35.9,0.1037,0.8937,1,validation
Ocean,South_Asia,Oceania,12041.3,443.5,176.7,0.3984,Urgent,0.9254,16.8,7.7,25.5,0.6577,0.771,1,validation
Air,South_Asia,Europe,5234.4,34.8,22.2,0.6379,High,0.99,14.6,27.1,28.7,0.5974,0.5484,1,validation
Air,East_Asia,Latin_America,6527.4,23.8,12.6,0.5294,Standard,0.8995,30.3,55.3,17.8,0.5512,0.5495,1,validation
Rail,South_Asia,East_Asia,4146.8,119.8,115.8,0.9666,High,0.833,13.8,63.5,21.6,0.5309,0.8418,1,validation
Air,Latin_America,East_Asia,7400.3,36.9,28.1,0.7615,High,0.5777,69.6,59.5,6.6,0.4246,0.2739,1,validation
Rail,North_America,East_Asia,1072.0,42.0,9.5,0.2262,Standard,0.6074,9.5,65.4,45.3,0.3334,0.6361,1,validation
Ocean,Europe,Middle_East,7029.8,288.5,224.1,0.7768,Urgent,0.9632,33.9,39.8,23.4,0.3529,0.3603,1,validation
Rail,Europe,Europe,3042.6,84.5,42.0,0.497,High,0.8443,41.7,44.4,5.4,0.0645,0.8566,1,validation
Air,Europe,Oceania,4701.6,33.3,19.1,0.5736,Standard,0.99,30.5,34.5,16.5,0.4244,0.8514,1,validation
Ocean,South_Asia,Oceania,8560.5,343.2,214.8,0.6259,Standard,0.7769,34.8,30.9,13.2,0.6603,0.4265,1,validation
Air,Middle_East,North_America,3331.8,37.8,30.5,0.8069,Standard,0.6749,39.7,16.7,38.1,0.082,0.6196,1,validation
Ocean,South_Asia,Middle_East,11634.7,418.5,30.9,0.0738,High,0.6927,65.0,47.9,33.8,0.343,0.9364,1,validation
Ocean,Europe,Europe,7031.9,290.2,25.9,0.0892,Standard,0.7596,52.5,21.2,8.9,0.1281,0.3029,1,validation
Ocean,Southeast_Asia,Oceania,12815.5,453.6,238.9,0.5267,Standard,0.7186,23.9,25.3,4.7,0.2638,0.8947,1,validation
Ocean,East_Asia,Middle_East,13601.5,489.4,42.6,0.087,High,0.9243,13.7,10.4,24.0,0.2204,0.3771,1,validation
Ocean,Europe,North_America,16713.2,610.3,378.1,0.6195,High,0.7148,17.0,43.8,33.7,0.3013,0.1152,1,validation
Ocean,Southeast_Asia,Latin_America,7098.0,298.6,97.6,0.3269,Standard,0.9502,53.8,64.9,9.0,0.4292,0.1729,1,validation
Ocean,Europe,Oceania,11876.5,437.3,192.1,0.4393,Standard,0.6433,19.4,34.8,28.4,0.512,0.4679,1,validation
Road,East_Asia,East_Asia,1639.2,36.5,33.1,0.9068,Standard,0.7463,31.0,39.5,29.0,0.1302,0.0862,1,validation
Rail,North_America,North_America,2927.7,85.3,76.9,0.9015,Standard,0.9359,43.1,54.3,55.2,0.0802,0.5894,1,validation
Air,North_America,East_Asia,8651.4,23.9,21.3,0.8912,High,0.9115,25.0,53.2,22.6,0.6338,0.349,1,validation
Road,Latin_America,Latin_America,2011.9,35.0,32.8,0.9371,Standard,0.7525,31.8,27.2,28.8,0.1517,0.5795,1,validation
Air,Europe,North_America,7533.9,41.7,34.0,0.8153,High,0.7376,75.4,48.3,8.6,0.2003,0.9076,1,validation
Road,Europe,Europe,977.9,22.7,21.2,0.9339,Urgent,0.8509,25.4,44.9,63.4,0.1093,0.6517,1,validation
Road,North_America,North_America,1504.6,29.3,24.5,0.8362,High,0.9419,23.2,28.0,20.3,0.1518,0.7743,1,validation
Ocean,South_Asia,Middle_East,7388.6,297.0,148.5,0.5,Urgent,0.5595,51.5,80.6,63.6,0.7997,0.5659,1,validation
Ocean,Europe,North_America,15685.6,529.7,381.8,0.7208,Standard,0.9385,54.5,58.2,12.5,0.4233,0.2787,1,validation
Air,Middle_East,Latin_America,4365.7,38.7,7.4,0.1912,Urgent,0.8269,26.9,92.9,11.2,0.4513,0.3593,1,validation
Air,Europe,Middle_East,4543.1,24.0,1.6,0.0667,Standard,0.817,37.6,21.0,49.7,0.4755,0.9501,1,validation
Air,North_America,Europe,4266.3,39.0,29.5,0.7564,Standard,0.592,29.1,11.2,33.4,0.6915,0.0739,1,validation
Road,East_Asia,East_Asia,711.8,15.7,2.0,0.1274,Urgent,0.7737,12.4,15.1,14.9,0.02,0.2505,0,validation
Road,East_Asia,East_Asia,650.7,22.4,9.0,0.4018,Standard,0.9398,8.1,16.9,59.5,0.1491,0.672,1,validation
Air,South_Asia,East_Asia,4212.7,37.4,17.4,0.4652,Standard,0.7862,16.6,20.6,30.4,0.3103,0.7608,1,validation
Rail,South_Asia,South_Asia,3046.5,103.6,72.3,0.6979,Urgent,0.8838,2.5,15.6,61.2,0.0801,0.1939,1,validation
Ocean,Europe,Europe,6439.1,248.3,59.0,0.2376,High,0.8722,28.1,8.7,8.3,0.0327,0.6605,1,validation
Ocean,Southeast_Asia,Europe,13747.6,477.4,38.5,0.0806,Urgent,0.975,18.9,21.7,5.6,0.6219,0.44,1,validation
Rail,Europe,Europe,3573.0,98.1,4.9,0.0499,Standard,0.9854,22.0,25.8,22.5,0.0796,0.3851,0,validation
Ocean,Europe,Middle_East,15337.9,524.2,241.5,0.4607,Standard,0.9038,36.0,62.5,33.0,0.2905,0.8464,1,validation
Air,Europe,North_America,5537.1,39.3,32.9,0.8372,Standard,0.8755,19.6,44.4,18.6,0.5355,0.4501,1,validation
Air,Middle_East,Oceania,7591.6,43.9,15.6,0.3554,Standard,0.8904,9.5,50.1,75.2,0.4947,0.3899,1,validation
Rail,North_America,North_America,4380.5,109.6,31.1,0.2838,Standard,0.8397,57.3,66.5,32.1,0.1538,0.056,1,validation
Ocean,Europe,Oceania,14415.4,520.5,265.6,0.5103,Urgent,0.7241,25.7,27.9,30.2,0.5603,0.8889,1,validation
Ocean,Europe,Latin_America,13703.6,521.8,283.5,0.5433,Urgent,0.7409,6.7,14.1,41.7,0.4899,0.7247,1,validation
Ocean,Southeast_Asia,Latin_America,14804.3,504.2,420.3,0.8336,Standard,0.829,45.8,26.6,6.3,0.498,0.939,1,validation
Road,East_Asia,East_Asia,796.4,22.1,4.4,0.1991,Standard,0.99,19.8,18.9,43.6,0.02,0.2326,0,validation
Air,South_Asia,Europe,8762.9,39.7,7.7,0.194,Standard,0.6939,8.8,15.2,13.1,0.5734,0.3698,1,validation
Ocean,Southeast_Asia,Europe,9355.3,337.6,210.3,0.6229,Urgent,0.7459,48.7,26.5,30.2,0.0956,0.9123,1,validation
Ocean,Southeast_Asia,Europe,11471.4,399.0,380.6,0.9539,Standard,0.7719,22.7,43.5,13.9,0.1597,0.5397,1,validation
Air,North_America,Oceania,6554.4,44.5,17.5,0.3933,High,0.99,6.6,24.1,50.5,0.3329,0.0914,1,validation
Ocean,South_Asia,Latin_America,10225.7,386.3,129.7,0.3357,Standard,0.8162,26.8,16.0,19.3,0.4014,0.5728,1,validation
Road,Latin_America,Latin_America,1547.2,38.1,26.9,0.706,Standard,0.8463,72.9,53.1,45.5,0.114,0.8549,1,validation
Ocean,Southeast_Asia,Latin_America,11791.4,436.9,392.9,0.8993,Standard,0.8867,70.6,37.9,75.8,0.4885,0.9535,1,validation
Rail,South_Asia,South_Asia,5276.6,120.4,25.2,0.2093,Standard,0.8995,84.4,58.4,23.5,0.0685,0.5614,1,validation
Road,Europe,North_America,842.8,17.0,15.9,0.9353,High,0.8418,44.1,34.4,55.4,0.2781,0.7022,1,validation
Rail,South_Asia,South_Asia,1653.8,63.7,51.3,0.8053,High,0.8346,32.8,7.7,25.6,0.1836,0.2792,1,validation
Ocean,East_Asia,North_America,9455.4,350.7,104.7,0.2985,High,0.7678,42.6,46.0,26.4,0.1775,0.979,1,validation
Road,Latin_America,Latin_America,743.6,15.4,2.2,0.1429,High,0.7069,17.4,33.9,4.8,0.0791,0.4157,0,validation
Rail,Europe,Europe,3697.7,115.0,56.4,0.4904,Standard,0.8547,34.2,13.2,23.6,0.0308,0.567,1,validation
Road,East_Asia,East_Asia,2068.7,36.8,28.3,0.769,Urgent,0.7185,46.2,27.9,21.1,0.1574,0.916,1,validation
Ocean,Europe,North_America,9897.8,381.3,89.9,0.2358,Standard,0.99,17.8,12.2,18.4,0.1558,0.1348,0,validation
Ocean,Southeast_Asia,Oceania,10334.0,379.1,229.4,0.6051,High,0.8336,29.5,39.5,14.1,0.4983,0.424,1,validation
Road,North_America,North_America,1656.1,32.8,9.0,0.2744,Standard,0.9899,70.4,43.5,31.4,0.1158,0.8578,1,validation
Road,Europe,Europe,1821.3,35.8,2.7,0.0754,Standard,0.8458,53.2,54.8,17.1,0.0686,0.2225,1,validation
Ocean,Southeast_Asia,Latin_America,11747.3,436.6,267.8,0.6134,High,0.99,18.0,35.0,14.3,0.5595,0.5702,1,validation
Air,North_America,Europe,5841.9,29.0,4.4,0.1517,High,0.6053,30.4,39.9,10.2,0.4252,0.9082,1,validation
Ocean,Europe,Latin_America,10257.5,393.4,282.9,0.7191,High,0.883,33.6,35.5,67.3,0.2255,0.8363,1,validation
Rail,South_Asia,East_Asia,4278.4,129.3,52.6,0.4068,High,0.8559,17.9,51.2,12.1,0.3011,0.2876,1,validation
Rail,North_America,North_America,1570.7,62.5,18.5,0.296,Standard,0.852,16.0,59.9,48.2,0.0967,0.0739,1,validation
Air,Latin_America,Oceania,3584.1,25.0,19.5,0.78,Standard,0.6246,27.8,31.8,50.9,0.4832,0.1197,1,validation
Ocean,Southeast_Asia,North_America,9881.9,364.4,208.7,0.5727,Standard,0.8789,19.8,20.1,12.6,0.3477,0.4767,1,validation
Road,Europe,Europe,2087.8,42.1,13.1,0.3112,High,0.7884,43.1,20.4,70.3,0.1346,0.3519,1,validation
Air,South_Asia,East_Asia,5333.4,25.0,16.6,0.664,Standard,0.8307,29.6,21.8,9.2,0.2329,0.3127,0,validation
Rail,North_America,North_America,4330.0,124.1,82.2,0.6624,Urgent,0.6683,59.1,18.5,12.2,0.2221,0.3611,1,validation
Ocean,South_Asia,Europe,8261.3,314.1,212.0,0.6749,Urgent,0.6876,28.2,48.9,39.0,0.5269,0.1872,1,validation
Road,Europe,North_America,899.7,19.8,18.8,0.9495,Standard,0.9363,3.2,19.1,14.7,0.265,0.493,0,validation
Air,Southeast_Asia,Europe,5329.8,28.1,2.4,0.0854,Standard,0.8383,13.0,66.7,11.7,0.0557,0.3386,1,validation
Road,East_Asia,East_Asia,1335.2,27.4,10.3,0.3759,Standard,0.7389,15.7,31.6,42.5,0.1829,0.4634,1,validation
Ocean,Southeast_Asia,North_America,9344.4,346.8,296.2,0.8541,High,0.8382,36.8,36.8,45.2,0.5559,0.4275,1,validation
Road,East_Asia,East_Asia,1254.2,25.6,10.5,0.4102,High,0.7593,51.8,13.3,8.4,0.107,0.5014,1,validation
Air,Europe,Oceania,13222.4,33.4,20.5,0.6138,Standard,0.8572,60.2,20.9,17.1,0.7668,0.3247,1,validation
Air,Middle_East,Europe,4944.9,34.7,31.8,0.9164,Standard,0.7704,20.5,41.2,25.4,0.4173,0.714,1,validation
Road,East_Asia,East_Asia,1141.4,21.2,2.9,0.1368,Standard,0.8887,14.3,36.9,31.9,0.0971,0.118,0,validation
Ocean,South_Asia,Oceania,10760.4,372.5,232.7,0.6247,Standard,0.8512,24.7,13.5,10.0,0.05,0.2585,1,validation
Rail,Europe,East_Asia,3636.9,95.3,17.2,0.1805,Standard,0.9316,28.0,8.5,15.3,0.4325,0.6478,1,validation
Air,Latin_America,North_America,11941.1,41.5,18.8,0.453,Standard,0.8201,67.8,30.4,30.1,0.3777,0.5621,1,validation
Rail,Europe,Europe,2160.8,76.6,6.6,0.0862,Standard,0.9293,62.2,31.7,17.5,0.155,0.8797,1,validation
Rail,Europe,Europe,3457.0,97.7,62.1,0.6356,Standard,0.8466,36.3,19.6,24.1,0.094,0.177,0,validation
Road,Latin_America,Latin_America,1231.7,28.1,24.9,0.8861,Urgent,0.7749,16.8,71.4,53.5,0.0627,0.5491,1,validation
Road,North_America,North_America,1230.6,30.5,9.2,0.3016,High,0.861,28.4,21.4,10.3,0.0804,0.4634,1,validation
Road,North_America,North_America,2348.3,40.7,32.7,0.8034,Urgent,0.7241,56.5,19.7,16.4,0.1412,0.7169,1,validation
Road,Europe,Europe,2099.1,35.1,19.5,0.5556,Standard,0.8834,40.5,52.9,24.9,0.1573,0.8311,1,validation
Road,Europe,North_America,209.6,8.4,3.5,0.4167,Standard,0.754,22.6,43.5,37.4,0.5378,0.9001,1,validation
Ocean,South_Asia,North_America,9839.5,359.2,28.9,0.0805,High,0.7762,75.8,14.2,9.5,0.4333,0.7211,1,validation
Air,East_Asia,Europe,10041.1,38.5,21.3,0.5532,High,0.6482,24.4,66.1,24.5,0.5026,0.6006,1,validation
Ocean,Europe,Middle_East,10943.7,411.0,63.8,0.1552,Standard,0.6457,62.6,28.2,5.7,0.05,0.1452,1,validation
Ocean,Europe,Oceania,15141.0,521.1,273.9,0.5256,Standard,0.8353,22.2,33.4,17.6,0.681,0.2367,1,validation
Air,North_America,Europe,6721.1,39.9,14.9,0.3734,Standard,0.7063,34.7,34.3,38.4,0.5013,0.4824,1,validation
Ocean,Europe,North_America,11601.4,409.5,199.6,0.4874,Standard,0.8873,33.9,32.4,31.1,0.6383,0.1877,1,validation
Ocean,Europe,Latin_America,20131.0,674.5,335.5,0.4974,Urgent,0.822,33.8,29.7,12.3,0.4217,0.5434,1,validation
Ocean,South_Asia,Latin_America,14027.5,509.4,256.5,0.5035,Standard,0.8655,20.5,17.8,3.2,0.2692,0.0876,1,validation
Road,East_Asia,Europe,1693.3,34.8,9.2,0.2644,Standard,0.8355,23.3,21.0,51.1,0.3018,0.2808,1,validation
Air,Europe,Latin_America,9656.9,31.0,26.4,0.8516,Standard,0.99,25.6,30.2,40.7,0.2239,0.469,1,validation
Road,East_Asia,Europe,1629.1,35.2,30.6,0.8693,Standard,0.8146,48.4,14.5,12.4,0.3249,0.4752,1,validation
Rail,South_Asia,South_Asia,5252.9,146.4,52.9,0.3613,Urgent,0.931,11.0,44.1,17.7,0.1531,0.4714,1,validation
Rail,Europe,Europe,5093.0,139.5,100.8,0.7226,Standard,0.9357,80.3,52.4,22.6,0.1143,0.4551,1,validation
Rail,East_Asia,East_Asia,3524.6,101.3,72.0,0.7108,High,0.9043,59.2,14.4,31.8,0.2841,0.6339,1,validation
Ocean,Southeast_Asia,Middle_East,13590.5,473.4,119.4,0.2522,Standard,0.8896,54.5,68.3,31.9,0.3404,0.8065,1,validation
Air,Latin_America,East_Asia,6368.2,34.9,30.6,0.8768,Standard,0.6736,12.3,63.2,8.9,0.5795,0.3243,1,validation
Air,Europe,East_Asia,5100.0,29.4,24.5,0.8333,Standard,0.99,13.0,31.1,37.9,0.6375,0.8094,1,validation
Rail,Europe,Europe,3238.4,108.1,71.1,0.6577,Standard,0.99,29.9,51.1,59.5,0.02,0.425,1,validation
Ocean,East_Asia,Europe,8049.6,310.2,223.0,0.7189,Standard,0.99,4.1,16.4,31.0,0.4431,0.2523,1,validation
Rail,Europe,Europe,3639.7,107.0,91.0,0.8505,Standard,0.9605,34.0,19.1,31.4,0.1714,0.7842,1,validation
Air,Middle_East,Europe,10057.5,42.4,6.9,0.1627,High,0.7976,15.4,52.1,25.7,0.158,0.307,1,validation
Rail,North_America,North_America,4352.0,132.7,16.7,0.1258,High,0.8354,33.0,44.7,53.4,0.1122,0.5533,1,validation
Road,Europe,North_America,1167.9,25.9,12.1,0.4672,Urgent,0.9435,36.3,41.1,18.8,0.6317,0.2064,1,validation
Air,Middle_East,Latin_America,7773.7,39.8,15.6,0.392,Urgent,0.9223,13.0,18.5,13.3,0.3866,0.0696,0,validation
Ocean,East_Asia,North_America,11317.7,440.7,51.9,0.1178,Standard,0.9862,45.7,52.2,15.6,0.72,0.7661,1,validation
Ocean,South_Asia,Middle_East,12941.9,468.6,162.8,0.3474,High,0.9896,20.7,58.2,8.0,0.5654,0.9596,1,validation
Rail,North_America,North_America,5915.5,131.7,86.0,0.653,Standard,0.7277,23.3,41.5,21.4,0.02,0.1224,1,validation
Ocean,South_Asia,Oceania,14368.9,498.1,340.0,0.6826,Urgent,0.731,18.2,19.4,6.6,0.3523,0.3845,1,validation
Rail,East_Asia,East_Asia,3183.7,109.5,27.2,0.2484,Urgent,0.8072,61.4,26.8,23.9,0.0935,0.6325,1,validation
Road,Europe,Europe,1094.2,29.4,6.5,0.2211,Standard,0.7533,18.5,12.2,13.0,0.1523,0.9285,1,validation
Rail,East_Asia,East_Asia,3983.9,106.3,55.5,0.5221,Standard,0.8407,27.8,12.3,24.9,0.1322,0.548,1,validation
Air,Middle_East,Latin_America,5469.9,34.5,11.0,0.3188,Standard,0.8764,44.1,13.4,74.5,0.1497,0.7891,1,validation
Ocean,Southeast_Asia,North_America,4050.4,189.7,115.8,0.6104,Standard,0.9261,100.0,7.9,21.6,0.1606,0.8283,1,validation
Ocean,East_Asia,Latin_America,11861.5,435.8,287.3,0.6592,Standard,0.8109,39.5,33.3,16.3,0.5081,0.9488,1,validation
Ocean,Southeast_Asia,Europe,8220.8,297.3,139.6,0.4696,Standard,0.7616,31.1,37.3,47.3,0.2069,0.3639,1,validation
Air,Southeast_Asia,Europe,6607.0,39.8,14.9,0.3744,Standard,0.733,20.9,23.1,24.2,0.5544,0.9612,1,validation
Ocean,South_Asia,Latin_America,12605.2,475.4,243.4,0.512,Standard,0.942,11.7,28.0,56.5,0.1998,0.7055,1,validation
Ocean,Southeast_Asia,Middle_East,12085.2,464.7,169.7,0.3652,Standard,0.6043,31.9,5.5,14.8,0.2162,0.0673,1,validation
Road,Europe,Europe,745.0,19.3,9.0,0.4663,High,0.7937,18.0,45.9,42.9,0.1689,0.6172,1,validation
Air,Latin_America,Middle_East,5268.5,19.1,16.8,0.8796,Standard,0.8798,35.1,11.6,40.0,0.3859,0.7975,1,validation
Road,East_Asia,East_Asia,769.4,24.5,6.5,0.2653,Standard,0.8896,23.2,22.0,48.7,0.1025,0.0657,0,validation
Ocean,Europe,Middle_East,8208.1,329.9,35.9,0.1088,Standard,0.7922,20.1,42.1,44.6,0.4284,0.8078,1,validation
Ocean,Southeast_Asia,Oceania,15202.0,564.5,284.5,0.504,High,0.8233,5.7,33.0,11.5,0.4558,0.3232,1,validation
Rail,North_America,North_America,3283.3,84.1,68.6,0.8157,High,0.8923,28.1,9.6,11.1,0.0331,0.9464,1,validation
Road,Europe,Europe,2507.4,39.8,8.4,0.2111,High,0.7446,50.2,67.3,16.5,0.1483,0.1078,1,validation
Rail,East_Asia,Europe,4291.9,107.2,70.0,0.653,Standard,0.8481,57.5,84.8,16.8,0.179,0.3825,1,validation
Road,North_America,North_America,2037.7,40.8,13.2,0.3235,High,0.8464,17.5,8.4,4.1,0.1016,0.4814,0,validation
Road,East_Asia,East_Asia,1472.1,34.8,16.5,0.4741,Standard,0.801,30.6,24.9,28.1,0.204,0.4209,1,validation
Road,East_Asia,North_America,823.7,21.9,19.0,0.8676,Standard,0.9279,27.2,12.1,14.7,0.6798,0.5237,1,validation
Rail,East_Asia,Europe,2435.8,93.0,61.6,0.6624,Standard,0.8437,19.0,41.8,16.4,0.7397,0.771,1,validation
Ocean,Southeast_Asia,Oceania,11690.4,448.6,309.9,0.6908,Standard,0.7352,36.4,19.6,31.1,0.414,0.4612,1,validation
Ocean,Southeast_Asia,Middle_East,14025.2,498.3,156.4,0.3139,Standard,0.9235,30.2,68.3,6.9,0.3499,0.6866,1,validation
Ocean,South_Asia,North_America,12301.1,458.1,123.2,0.2689,Standard,0.7341,38.9,73.9,27.5,0.5691,0.9754,1,validation
Road,Europe,Europe,1038.3,30.5,16.4,0.5377,Standard,0.8405,24.0,80.9,10.1,0.0625,0.1108,1,validation
Road,Europe,Europe,1184.8,26.4,1.6,0.0606,Standard,0.99,100.0,34.2,25.1,0.1237,0.8792,1,validation
Road,Latin_America,Latin_America,535.8,23.4,4.3,0.1838,High,0.9432,32.7,36.5,31.6,0.1591,0.814,1,validation
Ocean,Europe,Oceania,7199.0,281.2,130.1,0.4627,Standard,0.8767,23.0,16.4,16.7,0.1655,0.6328,1,validation
Air,Southeast_Asia,Oceania,7418.6,42.0,13.3,0.3167,Urgent,0.8231,9.8,100.0,17.5,0.6785,0.5174,1,validation
Air,Europe,North_America,4021.2,35.6,7.9,0.2219,Urgent,0.8742,36.4,30.0,19.6,0.1245,0.9189,1,validation
Ocean,South_Asia,Middle_East,7187.7,292.0,149.5,0.512,Urgent,0.8647,15.8,91.4,54.6,0.6004,0.9055,1,validation
Ocean,Europe,Latin_America,12771.0,457.6,69.8,0.1525,Standard,0.8577,32.4,13.3,21.6,0.1832,0.3791,1,validation
Ocean,South_Asia,Latin_America,16023.3,572.3,191.5,0.3346,High,0.743,39.0,41.3,61.7,0.188,0.6912,1,validation
Rail,North_America,North_America,3500.1,111.3,99.6,0.8949,High,0.907,11.7,68.3,53.3,0.1075,0.8481,1,validation
Ocean,East_Asia,Middle_East,13103.8,450.7,49.1,0.1089,Standard,0.6492,17.2,38.3,4.8,0.4707,0.8008,1,validation
Rail,Europe,Europe,2981.0,92.1,28.1,0.3051,Urgent,0.7865,17.5,18.7,23.4,0.1326,0.0582,1,validation
Air,Middle_East,Latin_America,8158.4,46.8,17.2,0.3675,Standard,0.892,44.0,3.2,5.8,0.7538,0.576,1,validation
Road,Europe,Europe,1174.8,27.1,22.4,0.8266,High,0.8723,34.4,57.8,19.2,0.0782,0.0582,1,validation
Ocean,South_Asia,Europe,10656.5,384.2,133.4,0.3472,Standard,0.9783,46.4,62.5,27.2,0.709,0.6817,1,validation
Ocean,East_Asia,Middle_East,11303.6,440.5,29.8,0.0677,Standard,0.9153,22.9,13.5,7.4,0.2239,0.4846,1,validation
Air,South_Asia,Oceania,5820.9,30.8,27.3,0.8864,High,0.852,40.0,69.7,38.7,0.2511,0.5985,1,validation
Road,Europe,Europe,1434.0,29.7,20.6,0.6936,Standard,0.8054,31.6,15.3,7.8,0.2104,0.3058,0,validation
Air,Europe,North_America,5594.2,29.9,23.0,0.7692,Standard,0.7073,20.0,39.4,32.9,0.4194,0.4875,1,validation
Air,Middle_East,Oceania,4071.9,31.4,15.9,0.5064,Urgent,0.8851,26.9,42.6,25.6,0.2938,0.6263,1,validation
Road,Latin_America,Latin_America,904.8,22.8,2.1,0.0921,High,0.9226,40.7,14.6,34.4,0.2257,0.8593,1,validation
Road,Europe,Europe,1150.4,31.4,7.7,0.2452,Standard,0.99,51.2,77.8,25.6,0.0954,0.2165,1,validation
Ocean,Europe,Oceania,12900.1,442.8,64.6,0.1459,Standard,0.7899,32.6,37.3,50.9,0.283,0.0846,1,validation
Rail,South_Asia,South_Asia,3778.7,107.2,81.4,0.7593,High,0.8751,19.8,22.0,9.0,0.2111,0.0729,0,validation
Ocean,East_Asia,North_America,10739.4,379.0,204.3,0.5391,High,0.8927,24.0,20.8,26.3,0.1611,0.4288,1,validation
Ocean,Southeast_Asia,Oceania,7050.3,313.8,99.1,0.3158,Standard,0.8536,4.6,100.0,11.0,0.3744,0.8093,1,validation
Road,East_Asia,East_Asia,1278.0,27.0,18.0,0.6667,Standard,0.7861,52.3,21.1,27.9,0.1372,0.5958,1,validation
Ocean,South_Asia,North_America,14163.1,511.9,386.9,0.7558,Standard,0.8821,54.0,27.3,27.3,0.4627,0.4603,1,validation
Ocean,East_Asia,Oceania,15642.8,557.4,97.0,0.174,High,0.99,93.1,61.3,45.5,0.2996,0.2592,1,validation
Ocean,Europe,Latin_America,11495.6,405.1,360.1,0.8889,High,0.9158,20.0,48.5,14.3,0.6559,0.3043,1,validation
Rail,Europe,Europe,3201.5,102.5,28.8,0.281,Standard,0.6383,39.6,33.8,34.5,0.1218,0.1629,1,validation
Ocean,Europe,Latin_America,12972.9,468.5,36.8,0.0785,Urgent,0.9737,40.8,26.2,34.7,0.2619,0.5496,1,validation
Rail,Europe,East_Asia,5138.2,140.6,111.0,0.7895,High,0.9043,16.7,53.6,53.2,0.397,0.1919,1,validation
Ocean,East_Asia,Europe,3500.0,165.0,56.6,0.343,Standard,0.7756,19.8,31.4,20.4,0.5759,0.8258,1,validation
Ocean,Southeast_Asia,Oceania,13297.8,497.8,316.7,0.6362,High,0.7932,51.2,46.2,29.4,0.1708,0.3162,1,validation
Ocean,East_Asia,North_America,11654.7,401.7,66.1,0.1646,Standard,0.779,52.5,15.5,30.4,0.5011,0.4694,1,validation
Ocean,Southeast_Asia,Latin_America,10246.0,397.0,324.1,0.8164,Urgent,0.8646,17.7,32.3,53.6,0.0893,0.6679,1,validation
Ocean,Southeast_Asia,Europe,13664.5,489.2,122.9,0.2512,Standard,0.6645,20.6,13.5,32.7,0.1647,0.6643,1,validation
Ocean,South_Asia,Latin_America,10278.9,412.9,131.9,0.3194,Standard,0.8162,31.9,51.3,16.6,0.5033,0.251,1,validation
Rail,Europe,North_America,3784.8,93.4,25.3,0.2709,High,0.751,53.8,23.8,16.4,0.5988,0.2785,1,validation
Ocean,South_Asia,Europe,8493.5,312.7,23.2,0.0742,High,0.9153,82.4,44.8,47.0,0.1821,0.8704,1,validation
Ocean,South_Asia,Europe,9257.7,334.9,277.2,0.8277,Standard,0.8319,78.8,31.2,29.1,0.3345,0.3113,1,validation
Road,Latin_America,Latin_America,422.6,21.6,12.8,0.5926,Standard,0.9562,35.0,39.9,46.8,0.1832,0.5596,1,validation
Road,East_Asia,East_Asia,911.0,24.8,13.5,0.5444,High,0.9124,21.0,10.6,18.8,0.02,0.8765,0,validation
Air,Europe,Oceania,6910.5,35.7,32.3,0.9048,High,0.7535,10.1,42.3,43.3,0.5012,0.489,1,validation
Road,Europe,Europe,1565.3,37.2,7.0,0.1882,Urgent,0.8407,67.9,41.8,35.5,0.2098,0.3411,1,validation
Road,East_Asia,East_Asia,1013.7,22.1,17.4,0.7873,Urgent,0.7773,33.1,18.4,27.0,0.1499,0.2564,0,validation
Rail,South_Asia,South_Asia,557.4,56.3,36.3,0.6448,Standard,0.8786,29.4,35.1,24.6,0.0578,0.1451,1,validation
Rail,East_Asia,East_Asia,5225.6,142.3,121.1,0.851,Standard,0.9144,13.8,24.6,17.8,0.0969,0.1473,0,validation
Road,Europe,Europe,1299.0,33.8,23.6,0.6982,Standard,0.8874,15.5,35.9,10.5,0.1238,0.0885,0,validation
Road,North_America,Europe,1504.3,28.3,13.1,0.4629,Urgent,0.99,12.0,29.3,16.2,0.5983,0.6687,1,validation
Air,East_Asia,Latin_America,6393.0,25.2,20.0,0.7937,Standard,0.6554,65.2,22.6,4.4,0.4257,0.4824,1,validation
Ocean,Europe,Latin_America,14254.4,510.2,170.4,0.334,High,0.8754,31.8,21.8,8.5,0.4978,0.2266,1,validation
Ocean,Southeast_Asia,Europe,10746.2,420.6,316.1,0.7515,Urgent,0.99,46.3,21.6,12.6,0.6439,0.8305,1,validation
Ocean,East_Asia,Middle_East,6028.0,224.5,82.6,0.3679,Standard,0.7716,28.2,25.1,17.4,0.3713,0.3307,1,validation
Ocean,Southeast_Asia,North_America,11259.9,394.1,221.9,0.5631,Urgent,0.7345,40.5,29.4,33.8,0.4465,0.1373,1,validation
Rail,North_America,North_America,3787.5,94.8,15.2,0.1603,High,0.8452,92.7,100.0,82.0,0.1099,0.7977,1,validation
Air,Europe,Oceania,6931.0,32.8,19.8,0.6037,High,0.5798,49.1,11.9,24.6,0.499,0.3923,1,validation
Ocean,Southeast_Asia,Oceania,9587.1,344.9,117.8,0.3415,High,0.9358,24.0,21.2,20.3,0.4498,0.8646,1,validation
Road,Europe,Europe,1047.7,26.6,6.4,0.2406,Urgent,0.8778,28.6,63.7,23.6,0.1174,0.4821,1,validation
Rail,Europe,Europe,3887.9,116.2,40.9,0.352,Standard,0.9714,16.1,11.3,16.8,0.0823,0.9032,1,validation
Air,Europe,East_Asia,5410.1,42.2,12.4,0.2938,Standard,0.6774,65.3,53.5,13.8,0.4429,0.2866,1,validation
Rail,Europe,Europe,776.1,53.9,34.6,0.6419,Standard,0.99,22.9,25.6,56.3,0.02,0.2808,1,validation
Road,Europe,Europe,1374.9,27.3,18.1,0.663,High,0.9222,47.9,17.0,14.5,0.1896,0.4716,1,validation
Rail,North_America,North_America,1472.3,74.5,46.7,0.6268,Standard,0.9123,59.1,45.9,37.6,0.2011,0.2901,1,validation
Road,Europe,Europe,422.3,14.2,7.0,0.493,Standard,0.9189,25.5,13.5,17.7,0.0644,0.2099,0,validation
Ocean,Southeast_Asia,Latin_America,8184.7,334.5,135.2,0.4042,Standard,0.7379,24.4,31.7,9.9,0.5839,0.8549,1,validation
Ocean,East_Asia,Latin_America,7997.4,343.7,88.9,0.2587,Standard,0.9254,72.4,25.5,74.9,0.7024,0.704,1,validation
Rail,North_America,North_America,2460.0,78.6,73.5,0.9351,Standard,0.8145,13.4,38.9,26.9,0.1828,0.1313,1,validation
Rail,South_Asia,South_Asia,4018.1,103.6,69.2,0.668,Standard,0.5606,22.1,38.8,2.4,0.1257,0.7518,1,validation
Ocean,Europe,Europe,11553.2,408.1,322.1,0.7893,Urgent,0.9898,16.5,42.2,32.4,0.1739,0.3377,1,validation
Ocean,Europe,North_America,5017.4,194.2,117.1,0.603,Standard,0.7421,88.2,27.8,36.0,0.4764,0.0637,1,validation
Air,Europe,Latin_America,4017.7,21.6,4.1,0.1898,Standard,0.7624,24.8,31.1,9.2,0.582,0.5206,1,validation
Ocean,East_Asia,Middle_East,9841.6,403.2,385.2,0.9554,Standard,0.99,25.3,19.9,44.8,0.4256,0.9312,1,validation
Ocean,Europe,Middle_East,6448.3,267.0,93.0,0.3483,Standard,0.9045,15.1,31.2,27.4,0.405,0.1246,1,validation
Air,Latin_America,Europe,8240.3,25.0,14.5,0.58,Standard,0.7356,39.9,15.1,10.7,0.2628,0.4033,1,validation
Air,Latin_America,East_Asia,5747.0,34.9,31.6,0.9054,High,0.9657,42.2,24.3,15.8,0.4024,0.5227,1,validation
Air,North_America,Middle_East,7177.0,45.1,14.1,0.3126,Standard,0.8215,12.2,62.9,62.1,0.4132,0.5777,1,validation
Road,East_Asia,North_America,881.4,17.9,14.5,0.8101,Standard,0.7995,39.5,39.5,20.3,0.05,0.5586,1,validation
Ocean,Southeast_Asia,Oceania,9233.4,383.4,185.0,0.4825,Standard,0.99,44.2,25.5,35.9,0.527,0.4233,1,validation
Road,North_America,North_America,1301.4,27.8,19.9,0.7158,High,0.7057,12.0,41.1,17.6,0.1989,0.705,1,validation
Road,East_Asia,East_Asia,336.7,14.0,5.0,0.3571,Standard,0.7431,37.8,16.4,20.1,0.2208,0.7509,1,validation
Air,North_America,East_Asia,11249.9,28.2,26.5,0.9397,High,0.7229,39.9,57.5,4.5,0.5365,0.3289,1,validation
Air,Middle_East,East_Asia,9866.0,46.5,42.4,0.9118,Standard,0.8577,87.4,12.3,25.0,0.6152,0.2915,1,validation
Ocean,South_Asia,Oceania,12855.3,450.0,286.0,0.6356,Standard,0.8255,45.9,54.3,37.3,0.5918,0.3442,1,validation
Rail,Europe,Europe,1912.6,79.3,26.8,0.338,High,0.8573,15.5,73.6,26.9,0.0436,0.4435,1,validation
Ocean,Europe,Oceania,11261.3,390.0,122.7,0.3146,Standard,0.8494,15.7,3.8,14.4,0.4782,0.8148,1,validation
Ocean,Europe,Europe,14817.5,530.1,51.3,0.0968,Standard,0.99,77.7,67.2,34.6,0.02,0.5595,1,validation
Ocean,Southeast_Asia,Europe,10714.4,423.3,245.8,0.5807,High,0.8315,43.7,21.6,20.1,0.6861,0.9293,1,validation
Ocean,East_Asia,Middle_East,10163.1,365.6,143.1,0.3914,Standard,0.8157,9.6,60.5,96.0,0.444,0.4338,1,validation
Air,Southeast_Asia,Latin_America,9668.6,35.6,25.5,0.7163,Standard,0.4658,35.3,24.2,43.4,0.6374,0.2516,1,validation
Road,Europe,Europe,670.6,15.4,14.5,0.9416,Standard,0.7402,40.6,37.7,27.2,0.1621,0.8065,1,validation
Ocean,East_Asia,North_America,14169.2,533.2,255.5,0.4792,Standard,0.8003,19.7,14.3,25.0,0.5858,0.5358,1,validation
Ocean,Southeast_Asia,Middle_East,11257.3,400.4,34.0,0.0849,Standard,0.8827,39.9,13.8,11.7,0.4056,0.7958,1,validation
Ocean,East_Asia,Oceania,13435.4,500.3,52.4,0.1047,Standard,0.8262,16.9,58.7,35.4,0.7875,0.7344,1,validation
Ocean,Europe,Middle_East,8711.7,322.9,248.6,0.7699,Standard,0.9812,56.1,32.2,57.6,0.4684,0.4516,1,validation
Road,Latin_America,Latin_America,1005.0,21.4,1.8,0.0841,High,0.74,31.1,58.0,18.5,0.1213,0.5808,1,validation
Ocean,East_Asia,North_America,13151.3,454.2,94.5,0.2081,Standard,0.9642,49.6,5.7,5.2,0.3459,0.3768,1,validation
Road,North_America,Latin_America,1246.4,26.3,8.8,0.3346,Standard,0.99,31.5,60.1,29.7,0.5376,0.7365,1,validation
Air,North_America,East_Asia,7200.8,39.7,23.6,0.5945,Standard,0.7865,20.5,22.3,3.7,0.3259,0.9383,1,validation
Rail,East_Asia,East_Asia,3259.9,91.9,85.9,0.9347,Standard,0.99,48.2,41.7,39.7,0.0977,0.6899,1,validation
Road,Europe,Europe,1232.9,30.9,6.5,0.2104,High,0.9234,26.3,5.8,7.7,0.2462,0.7326,0,validation
Road,Europe,Latin_America,1144.7,25.5,21.8,0.8549,High,0.7941,31.4,49.8,44.6,0.1615,0.496,1,validation
Ocean,South_Asia,Oceania,16617.0,611.6,528.1,0.8635,Standard,0.6972,17.6,29.0,19.8,0.4752,0.8963,1,validation
Ocean,Southeast_Asia,Latin_America,8502.6,321.9,264.8,0.8226,Urgent,0.9835,67.2,31.4,21.2,0.2676,0.8504,1,validation
Ocean,Europe,Europe,14016.8,530.5,29.7,0.056,Urgent,0.5986,52.8,18.5,33.0,0.2792,0.849,1,validation
Ocean,South_Asia,Middle_East,12853.1,486.0,383.8,0.7897,High,0.9074,17.7,56.9,7.9,0.3705,0.4349,1,validation
Air,Southeast_Asia,Oceania,14059.8,48.5,27.7,0.5711,Standard,0.882,7.1,6.4,37.5,0.18,0.674,1,validation
Air,Southeast_Asia,Latin_America,12197.4,51.5,50.1,0.9728,Standard,0.896,59.6,77.6,73.8,0.1538,0.4489,1,validation
Ocean,South_Asia,Oceania,3500.0,157.2,97.9,0.6228,Urgent,0.8004,44.1,8.3,18.3,0.2407,0.6787,1,validation
Road,North_America,North_America,2433.6,45.3,30.0,0.6623,High,0.8799,30.8,20.7,25.8,0.0985,0.3539,0,validation
Rail,North_America,North_America,4293.6,108.3,23.5,0.217,Standard,0.7342,100.0,84.0,48.2,0.1639,0.134,1,validation
Ocean,Europe,Latin_America,12784.3,468.3,337.1,0.7198,Urgent,0.7497,31.7,36.8,24.6,0.3266,0.1986,1,validation
Road,East_Asia,East_Asia,1810.9,38.0,7.3,0.1921,High,0.8294,13.2,59.1,38.5,0.116,0.8495,1,validation
Air,Latin_America,East_Asia,7161.5,29.8,8.2,0.2752,Standard,0.9394,91.9,23.7,7.0,0.472,0.7528,1,validation
Rail,East_Asia,North_America,4715.7,136.6,97.2,0.7116,High,0.722,24.9,45.2,15.5,0.2023,0.842,1,validation
Ocean,South_Asia,Latin_America,13379.2,501.0,331.3,0.6613,Standard,0.8526,33.7,46.1,14.8,0.4648,0.7272,1,validation
Ocean,South_Asia,Oceania,11338.6,409.0,205.0,0.5012,Standard,0.7732,31.1,28.7,14.6,0.0868,0.7852,1,validation
Road,Latin_America,North_America,871.9,20.1,5.8,0.2886,High,0.99,25.6,48.1,35.0,0.4682,0.5059,1,validation
Air,Latin_America,Middle_East,5355.8,26.7,8.8,0.3296,High,0.8519,28.7,9.7,27.4,0.05,0.8754,1,validation
Road,North_America,North_America,990.6,30.0,1.7,0.0567,High,0.7989,64.0,14.2,6.7,0.0648,0.8369,1,validation
Ocean,East_Asia,Middle_East,18278.8,630.4,188.8,0.2995,High,0.8403,40.0,70.8,85.4,0.3387,0.8313,1,validation
Road,East_Asia,Latin_America,1411.4,25.1,16.8,0.6693,High,0.6917,25.9,57.0,11.6,0.636,0.1557,1,validation
Air,South_Asia,East_Asia,6972.1,24.3,11.6,0.4774,Urgent,0.6505,29.7,36.6,42.4,0.2546,0.4222,1,validation
Road,East_Asia,East_Asia,1319.6,23.8,5.3,0.2227,Standard,0.9434,100.0,27.0,53.3,0.02,0.1594,1,validation
Air,South_Asia,Middle_East,9077.4,36.3,31.2,0.8595,Standard,0.8586,34.5,42.1,28.8,0.6527,0.8598,1,validation
Ocean,Europe,North_America,3500.0,179.0,25.0,0.1397,Standard,0.99,45.4,9.4,36.6,0.501,0.7952,1,validation
Air,Southeast_Asia,East_Asia,7487.1,41.2,37.9,0.9199,Standard,0.6909,26.4,80.7,43.2,0.126,0.329,1,validation
Ocean,Southeast_Asia,Europe,14145.8,524.6,447.9,0.8538,Urgent,0.99,58.3,34.1,40.5,0.2845,0.2584,1,validation
Rail,South_Asia,East_Asia,3826.4,113.9,82.4,0.7234,Standard,0.8966,37.6,36.6,62.8,0.3619,0.1196,1,validation
Air,North_America,Middle_East,9568.0,45.8,37.1,0.81,Standard,0.9223,35.5,26.8,8.0,0.6056,0.4968,1,validation
Ocean,Southeast_Asia,Europe,8341.3,340.4,217.5,0.639,High,0.9295,100.0,41.8,35.0,0.4882,0.4993,1,validation
Air,North_America,Oceania,8439.5,39.7,35.0,0.8816,High,0.7914,35.9,20.3,49.2,0.5871,0.6255,1,validation
Ocean,Southeast_Asia,North_America,12662.9,435.7,314.8,0.7225,Standard,0.99,35.0,32.9,59.5,0.3553,0.8909,1,validation
Road,Latin_America,North_America,1969.2,42.7,6.1,0.1429,Urgent,0.872,34.4,56.5,100.0,0.5073,0.4247,1,validation
Air,Southeast_Asia,Europe,10118.5,48.1,21.9,0.4553,Standard,0.7974,43.3,20.1,40.0,0.4741,0.7276,1,validation
Ocean,South_Asia,Latin_America,7395.8,283.8,222.4,0.7837,High,0.6895,24.8,27.6,51.5,0.4059,0.3556,1,validation
Air,Europe,Latin_America,8613.4,46.8,17.5,0.3739,Standard,0.9224,21.4,18.1,43.5,0.3587,0.1012,1,validation
Road,North_America,Europe,1256.8,22.2,6.1,0.2748,High,0.7308,2.2,38.9,26.5,0.05,0.1587,0,validation
Rail,Europe,Europe,2373.5,82.7,8.3,0.1004,Urgent,0.8354,12.2,48.9,33.1,0.1184,0.4706,1,validation
Ocean,Europe,North_America,16274.0,564.3,203.7,0.361,High,0.9828,22.6,15.8,56.4,0.581,0.1094,1,validation
Ocean,Europe,Europe,9410.9,332.0,202.2,0.609,Standard,0.7687,31.7,10.0,16.7,0.1397,0.4267,1,validation
Ocean,Southeast_Asia,Oceania,14104.4,483.5,249.6,0.5162,Standard,0.9114,17.4,53.7,10.0,0.4859,0.4173,1,validation
Ocean,Europe,Oceania,6659.4,277.3,176.8,0.6376,High,0.7696,39.4,57.8,58.1,0.2715,0.3474,1,validation
Ocean,East_Asia,North_America,12799.6,438.7,350.0,0.7978,Standard,0.9755,29.6,22.7,26.2,0.4552,0.2695,1,validation
Rail,North_America,North_America,2452.6,64.1,33.2,0.5179,High,0.8056,36.3,8.2,19.3,0.0907,0.5288,1,validation
Ocean,Europe,Latin_America,11263.2,394.8,68.1,0.1725,High,0.7799,25.9,24.3,7.7,0.3261,0.5711,1,validation
Air,Latin_America,North_America,10129.7,43.0,37.0,0.8605,Urgent,0.9415,43.5,38.7,5.1,0.6107,0.2356,1,validation
Road,North_America,North_America,1132.6,27.4,26.6,0.9708,High,0.9326,19.8,22.7,15.9,0.0448,0.6016,0,validation
Ocean,Southeast_Asia,Middle_East,7928.6,294.2,128.0,0.4351,Urgent,0.7808,32.1,76.7,37.1,0.5763,0.4929,1,validation
Rail,East_Asia,East_Asia,5284.2,133.5,82.8,0.6202,High,0.684,30.9,18.8,24.0,0.1535,0.1571,1,validation
Road,East_Asia,North_America,826.7,23.2,15.1,0.6509,Standard,0.9235,37.6,36.4,40.1,0.5572,0.2776,1,validation
Road,East_Asia,Latin_America,1534.0,26.4,2.3,0.0871,High,0.7817,7.7,22.7,19.8,0.1346,0.7104,1,validation
Ocean,South_Asia,Middle_East,7314.2,295.2,279.0,0.9451,High,0.9308,17.2,77.5,19.6,0.6133,0.4647,1,validation
Road,North_America,North_America,1181.5,22.3,16.7,0.7489,Standard,0.9014,61.5,76.8,37.8,0.2101,0.0884,1,validation
Road,Latin_America,Latin_America,2103.5,40.7,30.8,0.7568,Standard,0.6837,35.1,72.8,39.5,0.0201,0.1322,1,validation
Ocean,South_Asia,Latin_America,11747.4,426.7,390.4,0.9149,High,0.9469,36.0,67.1,27.5,0.276,0.2754,1,validation
Road,Latin_America,Latin_America,982.0,19.1,16.5,0.8639,Urgent,0.8326,23.7,63.2,51.9,0.0511,0.2827,1,validation
Air,Middle_East,Latin_America,8071.3,28.6,1.5,0.0524,High,0.99,29.7,29.2,9.1,0.6574,0.6865,1,validation
Ocean,East_Asia,Latin_America,9365.5,370.7,242.7,0.6547,Standard,0.7885,14.9,11.5,81.5,0.5128,0.9004,1,validation
Ocean,Europe,Oceania,14090.3,489.2,220.1,0.4499,Standard,0.7972,21.7,26.6,33.2,0.4802,0.7358,1,validation
Air,Latin_America,Europe,6018.2,35.4,7.7,0.2175,Standard,0.99,14.3,5.1,33.7,0.5418,0.5581,1,validation
Air,Europe,East_Asia,7161.8,45.3,31.6,0.6976,High,0.719,21.4,69.0,14.1,0.5905,0.5304,1,validation
Road,East_Asia,East_Asia,898.6,18.8,5.3,0.2819,Standard,0.8166,54.2,14.9,12.0,0.2691,0.5806,1,validation
Rail,North_America,Europe,3029.9,85.0,28.1,0.3306,High,0.6979,17.6,32.0,8.6,0.4086,0.6689,1,validation
Road,Europe,Europe,1793.9,34.2,6.5,0.1901,Standard,0.8727,26.6,14.5,12.3,0.0222,0.7371,0,validation
Road,North_America,North_America,1774.6,30.5,23.8,0.7803,Standard,0.99,28.5,58.6,44.0,0.0855,0.7891,1,validation
Air,Southeast_Asia,East_Asia,8080.3,30.6,12.8,0.4183,Standard,0.8638,57.7,45.9,83.4,0.4391,0.525,1,validation
Rail,East_Asia,East_Asia,709.2,29.7,23.6,0.7946,Standard,0.5853,26.1,19.0,8.6,0.1479,0.3204,0,validation
Rail,South_Asia,South_Asia,5380.4,130.8,41.2,0.315,Standard,0.6356,28.7,12.7,22.4,0.1994,0.5928,1,validation
Ocean,South_Asia,North_America,11203.1,423.1,378.4,0.8944,Standard,0.9119,35.8,46.5,7.2,0.1388,0.3959,0,validation
Air,Europe,Oceania,6331.3,32.7,6.2,0.1896,High,0.6439,23.9,100.0,48.1,0.2842,0.5329,1,validation
Road,Europe,North_America,1255.8,28.3,22.2,0.7845,High,0.9391,60.9,41.3,21.9,0.531,0.27,1,validation
Rail,Europe,Europe,6903.2,159.4,107.8,0.6763,Standard,0.99,6.0,5.2,25.4,0.0657,0.7251,0,validation
Air,Europe,North_America,7163.1,43.8,10.9,0.2489,Standard,0.99,13.4,15.0,15.6,0.5607,0.8227,1,validation
Air,North_America,Oceania,7301.0,38.7,33.1,0.8553,High,0.8146,60.5,23.0,18.0,0.122,0.1975,1,validation
Road,Europe,Europe,1965.2,37.2,3.6,0.0968,Standard,0.9889,62.0,65.2,42.3,0.1904,0.4698,1,validation
Ocean,South_Asia,North_America,15846.8,532.9,229.3,0.4303,Standard,0.9698,25.4,57.3,3.8,0.1097,0.2414,1,validation
Ocean,South_Asia,Oceania,15591.1,539.6,486.0,0.9007,High,0.8118,18.3,25.5,7.9,0.5004,0.6691,1,validation
Road,North_America,Europe,2383.0,49.9,24.7,0.495,Standard,0.9417,45.3,23.8,22.7,0.4106,0.8201,1,validation
Air,Latin_America,Europe,4350.2,29.0,18.8,0.6483,High,0.8342,17.9,77.4,31.1,0.3506,0.7774,1,validation
Ocean,Southeast_Asia,Oceania,9190.7,364.1,238.0,0.6537,High,0.8556,44.7,100.0,8.2,0.6052,0.4409,1,validation
Ocean,South_Asia,Latin_America,9243.9,333.5,130.7,0.3919,High,0.99,38.6,44.9,17.5,0.362,0.4688,1,validation
Air,Southeast_Asia,Oceania,6210.5,42.3,34.5,0.8156,Standard,0.9133,22.3,36.6,79.3,0.4113,0.8693,1,validation
Air,Latin_America,Middle_East,10392.9,49.0,12.0,0.2449,Urgent,0.7999,41.8,8.0,5.5,0.5204,0.6468,1,validation
Ocean,Southeast_Asia,Europe,8839.6,370.7,241.1,0.6504,Standard,0.7004,40.1,19.8,30.9,0.6882,0.1098,1,validation
Air,Europe,Latin_America,7414.7,39.5,5.8,0.1468,Standard,0.6751,15.7,44.0,17.3,0.2021,0.2422,1,validation
Road,North_America,North_America,835.4,17.9,11.5,0.6425,High,0.99,17.8,16.0,22.3,0.1029,0.8311,0,validation
Ocean,South_Asia,North_America,8053.4,316.6,293.5,0.927,Standard,0.6559,19.5,36.7,57.5,0.5637,0.7758,1,validation
Ocean,South_Asia,Latin_America,10519.2,384.3,234.5,0.6102,Standard,0.5578,13.7,28.6,39.5,0.5988,0.3451,1,validation
Ocean,Southeast_Asia,Europe,12884.7,457.9,32.2,0.0703,Standard,0.8084,80.2,33.1,43.2,0.2565,0.7073,1,validation
Ocean,Southeast_Asia,Middle_East,6789.7,287.8,91.7,0.3186,Standard,0.9272,65.5,51.7,17.1,0.4188,0.8958,1,validation
Rail,South_Asia,South_Asia,4953.9,121.8,18.2,0.1494,Standard,0.8549,55.2,4.4,13.6,0.1696,0.8992,1,validation
Ocean,Southeast_Asia,Europe,12269.1,462.2,213.3,0.4615,High,0.8793,29.2,28.9,16.8,0.1026,0.5373,1,validation
Ocean,East_Asia,North_America,4211.0,178.9,115.5,0.6456,Standard,0.7983,50.7,30.9,17.2,0.4568,0.7264,1,validation
Air,Southeast_Asia,Latin_America,5582.7,35.1,23.6,0.6724,Urgent,0.8351,12.9,18.5,9.6,0.2414,0.2914,0,validation
Air,East_Asia,North_America,6768.2,30.8,16.4,0.5325,Standard,0.6684,29.2,38.5,34.2,0.3775,0.8198,1,validation
Ocean,Southeast_Asia,Europe,10684.0,426.2,93.1,0.2184,Standard,0.6247,23.7,25.6,28.3,0.2474,0.2875,1,validation
Ocean,Europe,Oceania,11595.0,416.3,248.1,0.596,Standard,0.6668,7.9,40.7,22.0,0.4819,0.4094,1,validation
Ocean,Europe,North_America,9184.4,332.9,132.3,0.3974,Standard,0.7731,36.5,27.3,23.6,0.054,0.3696,1,validation
Air,Southeast_Asia,Middle_East,10310.2,44.9,35.5,0.7906,Standard,0.9817,35.4,45.6,50.7,0.4058,0.15,1,validation
Ocean,East_Asia,Europe,8811.8,361.7,200.6,0.5546,Standard,0.7012,72.1,18.4,33.5,0.0885,0.2142,1,validation
Ocean,South_Asia,Europe,4066.4,189.8,166.2,0.8757,High,0.9121,37.4,24.1,42.8,0.3075,0.404,1,validation
Ocean,Southeast_Asia,North_America,3500.0,167.1,76.9,0.4602,Standard,0.6664,32.8,35.5,19.9,0.5689,0.2148,1,validation
Road,Europe,Europe,343.9,20.8,7.4,0.3558,Standard,0.7722,64.5,22.3,14.8,0.1123,0.1047,1,validation
Ocean,Europe,Middle_East,7017.9,291.9,71.2,0.2439,High,0.99,46.8,28.3,20.2,0.05,0.4102,1,validation
Air,Southeast_Asia,Europe,5447.8,29.7,9.4,0.3165,High,0.8267,50.5,52.8,8.5,0.4477,0.9172,1,validation
Road,North_America,North_America,1402.2,32.0,7.1,0.2219,Urgent,0.743,21.4,45.1,14.9,0.178,0.1015,1,validation
Road,East_Asia,East_Asia,2227.0,39.3,37.2,0.9466,Standard,0.9599,18.8,31.1,25.9,0.1382,0.3832,0,validation
Ocean,South_Asia,Latin_America,15349.9,532.0,409.5,0.7697,Standard,0.8663,13.9,11.1,67.6,0.3034,0.2294,1,validation
Ocean,South_Asia,Latin_America,10335.8,381.2,243.0,0.6375,Urgent,0.5992,14.0,55.5,13.5,0.6293,0.4308,1,validation
Air,South_Asia,Europe,3979.3,39.8,15.5,0.3894,Standard,0.7733,43.2,50.7,21.8,0.5738,0.3851,1,validation
Ocean,Europe,Middle_East,11197.6,424.1,210.2,0.4956,Urgent,0.99,33.2,20.6,45.3,0.3139,0.1991,1,validation
Rail,North_America,North_America,500.0,43.1,12.5,0.29,High,0.9516,43.5,50.7,13.3,0.1499,0.7509,1,validation
Ocean,South_Asia,Europe,14096.5,504.3,387.4,0.7682,High,0.8317,32.0,26.4,25.0,0.576,0.1686,1,validation
Road,Europe,Europe,2016.5,35.9,25.3,0.7047,Standard,0.99,16.2,35.4,4.0,0.0883,0.6455,0,validation
Ocean,East_Asia,Middle_East,11228.8,422.9,280.6,0.6635,Standard,0.7626,29.1,87.7,19.7,0.4607,0.3552,1,validation
Ocean,South_Asia,North_America,18227.3,625.9,399.0,0.6375,Standard,0.99,51.1,26.8,19.2,0.1525,0.7291,1,validation
Ocean,East_Asia,Latin_America,9748.6,345.7,290.8,0.8412,Standard,0.793,24.6,44.4,54.2,0.2807,0.668,1,validation
Air,South_Asia,North_America,11148.7,32.1,22.1,0.6885,High,0.7596,37.7,70.5,28.7,0.377,0.1363,1,validation
Road,East_Asia,East_Asia,1740.9,32.4,24.6,0.7593,Standard,0.6654,20.4,32.6,31.9,0.1417,0.8816,1,validation
Rail,South_Asia,South_Asia,3248.9,87.7,66.3,0.756,High,0.7112,47.2,54.2,39.6,0.1807,0.9155,1,validation
Air,South_Asia,Europe,6762.9,24.3,19.5,0.8025,Standard,0.99,10.5,19.8,46.0,0.4448,0.3068,1,validation
Road,North_America,North_America,368.0,10.6,2.4,0.2264,Standard,0.7525,22.5,12.5,36.1,0.0724,0.0887,1,validation
Ocean,Europe,Europe,8997.2,336.0,282.2,0.8399,Urgent,0.7403,43.0,58.8,24.1,0.2783,0.4073,1,validation
Road,Europe,Europe,739.0,15.2,6.0,0.3947,High,0.7188,23.1,32.4,22.0,0.237,0.7252,1,validation
Ocean,Europe,Oceania,17983.3,634.9,398.2,0.6272,Standard,0.9696,56.4,33.0,31.6,0.5645,0.257,1,validation
Ocean,Southeast_Asia,Oceania,11291.2,438.9,410.5,0.9353,High,0.848,24.8,23.7,21.1,0.3158,0.4187,1,validation
Ocean,Southeast_Asia,Europe,12460.0,452.8,409.2,0.9037,High,0.7723,23.3,36.3,21.2,0.5799,0.5958,1,validation
Road,East_Asia,East_Asia,1613.0,37.6,12.3,0.3271,Standard,0.8931,10.4,46.5,31.9,0.0252,0.1843,0,validation
Air,Latin_America,East_Asia,6607.3,27.5,3.0,0.1091,Standard,0.99,11.3,19.4,37.1,0.235,0.621,1,validation
Air,Southeast_Asia,East_Asia,8123.0,24.3,19.2,0.7901,Standard,0.99,38.0,30.2,27.1,0.423,0.2874,1,validation
Ocean,Europe,Latin_America,16314.5,555.4,47.1,0.0848,High,0.912,17.6,29.0,14.7,0.4436,0.9049,1,validation
Ocean,East_Asia,North_America,11894.4,461.1,372.1,0.807,Standard,0.7925,19.9,96.3,29.0,0.271,0.7256,1,validation
Road,East_Asia,East_Asia,1671.5,36.2,15.0,0.4144,Urgent,0.9249,15.2,8.3,33.2,0.0764,0.9622,1,validation
Air,Middle_East,Europe,1998.6,37.7,28.0,0.7427,Standard,0.8996,83.4,44.6,13.0,0.5225,0.7206,1,validation
Air,East_Asia,Europe,1597.2,37.7,5.3,0.1406,High,0.8608,79.5,33.4,37.9,0.3866,0.4722,1,validation
Air,South_Asia,East_Asia,6846.0,36.2,10.1,0.279,Standard,0.8831,39.9,46.7,28.4,0.4558,0.2689,1,validation
Ocean,Southeast_Asia,Latin_America,10390.3,402.5,68.1,0.1692,High,0.7364,68.0,11.9,17.0,0.5965,0.1215,1,validation
Ocean,East_Asia,North_America,14189.2,520.6,29.8,0.0572,Standard,0.7472,13.9,38.1,33.2,0.1956,0.4934,1,validation
Rail,Europe,East_Asia,2840.5,70.2,5.8,0.0826,Urgent,0.763,49.9,39.1,8.5,0.3958,0.13,1,validation
Ocean,Southeast_Asia,Middle_East,3500.0,194.8,187.5,0.9625,Standard,0.7729,49.3,44.9,40.3,0.7944,0.4089,1,validation
Road,Europe,Latin_America,700.1,18.4,10.7,0.5815,Standard,0.7619,45.8,12.6,9.8,0.8771,0.2472,1,validation
Air,North_America,Europe,7319.6,41.1,10.6,0.2579,Standard,0.99,43.7,53.2,40.0,0.6851,0.1246,1,validation
Air,East_Asia,Europe,4499.0,29.6,3.6,0.1216,Standard,0.9001,21.8,42.7,9.5,0.5735,0.6268,1,validation
Road,East_Asia,East_Asia,1026.3,18.7,13.5,0.7219,Standard,0.8885,36.2,51.0,17.2,0.038,0.0787,1,validation
Ocean,East_Asia,Middle_East,15382.7,570.6,478.7,0.8389,Urgent,0.9523,17.1,15.9,23.0,0.3287,0.6354,1,validation
Ocean,Southeast_Asia,Oceania,10734.3,392.8,192.5,0.4901,High,0.5888,9.9,12.7,39.4,0.05,0.6858,1,validation
Rail,North_America,North_America,3012.9,105.7,96.8,0.9158,Standard,0.839,14.7,41.1,9.2,0.0213,0.4473,0,validation
Road,Europe,Europe,197.7,11.7,4.9,0.4188,Standard,0.9734,54.3,33.5,32.6,0.1365,0.6859,1,validation
Rail,Europe,Europe,3485.3,111.1,39.9,0.3591,Standard,0.8609,17.1,34.5,37.1,0.0364,0.6791,1,validation
Ocean,Southeast_Asia,Middle_East,14709.9,518.9,234.7,0.4523,Standard,0.7949,10.8,6.3,18.1,0.2963,0.954,1,validation
Air,South_Asia,Latin_America,8066.0,40.1,6.2,0.1546,High,0.7347,15.7,33.0,33.0,0.479,0.2826,1,validation
Road,Latin_America,Latin_America,782.0,21.3,1.4,0.0657,Standard,0.9386,10.3,47.3,41.0,0.1702,0.5271,1,validation
Ocean,Southeast_Asia,Latin_America,12101.3,418.3,321.6,0.7688,Standard,0.7156,39.4,28.1,28.2,0.1509,0.5267,1,validation
Air,Southeast_Asia,Europe,4752.2,32.6,25.9,0.7945,Urgent,0.8502,51.3,23.3,4.7,0.4971,0.4366,1,validation
Rail,Europe,North_America,3724.7,106.9,70.3,0.6576,Standard,0.8439,28.7,13.1,33.8,0.5082,0.2019,1,validation
Air,East_Asia,Latin_America,10965.6,45.1,21.9,0.4856,High,0.99,32.9,35.9,39.6,0.2698,0.8327,1,validation
Ocean,South_Asia,Middle_East,11913.2,421.7,149.7,0.355,Standard,0.9065,53.6,42.6,26.8,0.6195,0.4277,1,validation
Rail,East_Asia,East_Asia,1755.9,74.7,24.8,0.332,Standard,0.8925,51.2,33.0,23.7,0.1491,0.5658,1,validation
Ocean,Southeast_Asia,North_America,8247.4,351.0,147.0,0.4188,High,0.99,7.6,27.6,24.0,0.3794,0.6253,1,validation
Air,Southeast_Asia,Oceania,4310.4,31.7,7.9,0.2492,Standard,0.99,74.5,18.0,57.5,0.3228,0.9479,1,validation
Road,Latin_America,Latin_America,1338.6,27.9,22.1,0.7921,High,0.99,26.6,64.1,14.2,0.1179,0.8827,1,validation
Ocean,Southeast_Asia,North_America,8732.1,336.8,36.3,0.1078,High,0.9048,29.4,88.0,26.3,0.3662,0.8792,1,validation
Ocean,Europe,Europe,7108.8,311.8,195.7,0.6276,Standard,0.7021,76.8,31.9,57.0,0.1449,0.7448,1,validation
Road,East_Asia,East_Asia,974.2,27.4,18.1,0.6606,High,0.8439,48.9,91.7,17.9,0.0652,0.1021,1,validation
Road,Europe,Europe,942.5,21.5,12.6,0.586,High,0.9126,6.9,34.8,21.7,0.1822,0.3248,0,validation
Road,Europe,North_America,1471.9,36.7,16.8,0.4578,Standard,0.9086,42.3,28.6,18.7,0.2302,0.8679,1,validation
Road,East_Asia,East_Asia,598.4,18.1,10.8,0.5967,High,0.699,22.8,20.3,7.9,0.1186,0.2062,0,validation
Rail,South_Asia,South_Asia,4275.2,98.9,9.3,0.094,Standard,0.7334,30.1,65.1,26.8,0.0985,0.0854,1,validation
Ocean,Europe,Oceania,11268.2,397.2,232.3,0.5848,Standard,0.6912,44.0,19.4,36.4,0.7575,0.7477,1,validation
Road,East_Asia,East_Asia,1696.0,34.6,13.0,0.3757,Standard,0.99,45.8,19.5,17.3,0.02,0.6675,1,validation
Ocean,Europe,Europe,15641.3,528.0,183.2,0.347,Standard,0.8626,13.7,39.6,23.3,0.1198,0.7412,1,validation
Ocean,Southeast_Asia,Middle_East,16468.2,553.3,414.5,0.7491,Urgent,0.99,21.3,78.4,12.6,0.356,0.0731,1,validation
Road,Europe,Latin_America,1079.4,21.1,5.4,0.2559,Standard,0.828,28.6,51.5,17.0,0.4316,0.7816,1,validation
Rail,East_Asia,East_Asia,3385.4,93.4,75.3,0.8062,High,0.9836,9.6,40.9,18.9,0.1343,0.7047,1,validation
Ocean,Europe,North_America,11028.4,417.6,181.9,0.4356,Standard,0.7685,27.3,20.0,41.0,0.5585,0.5615,1,validation
Ocean,Southeast_Asia,Latin_America,5419.0,229.2,209.7,0.9149,Standard,0.7189,41.1,30.6,34.4,0.4243,0.2515,1,validation
Ocean,East_Asia,Latin_America,11143.6,385.7,329.2,0.8535,Standard,0.7472,51.0,68.7,21.0,0.2464,0.5208,1,validation
Road,Latin_America,North_America,240.0,11.6,2.7,0.2328,Standard,0.9064,24.7,31.3,19.5,0.6702,0.2487,1,validation
Air,East_Asia,Latin_America,10126.5,46.6,13.8,0.2961,High,0.6672,41.0,17.8,35.0,0.2727,0.8674,1,validation
Road,East_Asia,East_Asia,818.0,19.4,7.0,0.3608,Urgent,0.99,43.7,33.4,48.8,0.2372,0.8204,1,validation
Road,North_America,North_America,1379.0,31.5,15.3,0.4857,Standard,0.9577,43.5,36.3,21.8,0.2179,0.9516,1,validation
Road,East_Asia,East_Asia,1566.0,29.4,5.7,0.1939,Standard,0.9282,28.8,43.0,29.5,0.1627,0.0842,0,validation
Road,North_America,North_America,1044.6,29.5,17.0,0.5763,Standard,0.7973,59.8,7.1,4.1,0.072,0.5023,1,validation
Road,Europe,Europe,759.2,16.0,5.6,0.35,High,0.924,73.3,63.0,9.0,0.1682,0.4561,1,validation
Air,North_America,East_Asia,5415.7,34.7,21.6,0.6225,Standard,0.8955,13.6,71.4,7.2,0.05,0.7146,1,validation
Air,Southeast_Asia,Middle_East,5445.5,34.1,3.5,0.1026,Standard,0.9138,49.2,35.3,17.3,0.3109,0.1113,1,validation
Ocean,Europe,Oceania,14260.1,494.8,36.4,0.0736,Standard,0.7903,19.8,39.0,26.3,0.5283,0.18,1,validation
Ocean,South_Asia,Middle_East,8204.3,303.4,129.0,0.4252,Urgent,0.9004,69.7,20.4,13.8,0.6563,0.6764,1,validation
Ocean,Europe,Middle_East,11894.3,466.6,394.5,0.8455,Standard,0.879,6.5,36.1,27.6,0.4432,0.8193,1,validation
Ocean,Southeast_Asia,North_America,16083.1,561.8,254.8,0.4535,Standard,0.8688,45.8,40.0,26.5,0.495,0.3248,1,validation
Air,North_America,Latin_America,6568.5,37.7,6.2,0.1645,High,0.8191,27.1,55.3,5.4,0.478,0.351,1,validation
Air,Southeast_Asia,Europe,6804.3,29.4,25.4,0.8639,Standard,0.9188,21.4,20.3,33.5,0.3261,0.4281,1,validation
Ocean,Southeast_Asia,Latin_America,6536.2,258.7,185.2,0.7159,Standard,0.7762,24.9,49.7,34.2,0.4141,0.8414,1,validation
Ocean,South_Asia,Middle_East,14282.5,509.3,273.4,0.5368,Standard,0.6243,38.0,21.0,29.4,0.5162,0.7797,1,validation
Rail,East_Asia,North_America,1749.0,77.9,40.6,0.5212,Standard,0.7035,48.3,16.5,6.4,0.3047,0.918,1,validation
Air,Southeast_Asia,North_America,3315.5,38.9,24.7,0.635,High,0.7947,6.0,7.8,12.6,0.3848,0.1293,0,validation
Road,East_Asia,East_Asia,1295.8,33.4,12.2,0.3653,High,0.934,76.2,15.5,43.2,0.1647,0.7332,1,validation
Ocean,East_Asia,Middle_East,9598.3,343.3,280.5,0.8171,Standard,0.6924,24.5,31.6,37.9,0.5486,0.8723,1,validation
Air,East_Asia,Europe,6987.5,42.8,26.0,0.6075,High,0.7086,58.5,14.7,19.1,0.1109,0.9448,1,validation
Ocean,East_Asia,Latin_America,13102.2,487.0,58.3,0.1197,Standard,0.8831,59.1,64.8,43.9,0.39,0.531,1,validation
Road,East_Asia,East_Asia,932.6,20.9,10.0,0.4785,Standard,0.6884,50.3,18.5,16.3,0.1298,0.4265,1,validation
Road,East_Asia,East_Asia,727.9,21.1,11.0,0.5213,Standard,0.8448,61.8,14.3,24.0,0.0736,0.8439,1,validation
Ocean,East_Asia,North_America,7053.1,290.5,88.0,0.3029,Standard,0.961,20.8,23.2,38.8,0.3526,0.6877,1,validation
Ocean,South_Asia,Middle_East,10802.1,382.4,271.6,0.7103,Standard,0.7927,41.6,19.7,22.0,0.5132,0.2527,1,validation
Air,Middle_East,Latin_America,8166.3,32.7,3.4,0.104,Standard,0.8199,23.9,69.3,24.5,0.206,0.1335,1,validation
Rail,North_America,North_America,4108.8,107.8,70.4,0.6531,Urgent,0.99,64.7,3.4,29.9,0.0979,0.7565,1,validation
Air,East_Asia,Latin_America,6852.5,29.6,17.0,0.5743,High,0.99,33.2,77.3,18.3,0.2372,0.9339,1,validation
Air,Middle_East,Latin_America,6251.5,40.6,18.2,0.4483,Urgent,0.8928,31.0,15.9,18.2,0.156,0.3798,1,validation
Road,North_America,North_America,1961.9,34.9,21.7,0.6218,Urgent,0.6446,41.8,76.0,23.5,0.0472,0.603,1,validation
Air,South_Asia,Oceania,8735.0,45.8,17.5,0.3821,Standard,0.8621,44.3,54.7,27.2,0.3451,0.7075,1,validation
Air,Europe,Oceania,8064.4,36.6,7.7,0.2104,High,0.7754,27.9,62.9,13.3,0.4867,0.0772,1,validation
Rail,East_Asia,North_America,2102.6,70.2,66.1,0.9416,Standard,0.6182,22.8,31.0,18.4,0.2562,0.6195,1,validation
Air,South_Asia,Middle_East,6427.6,32.2,3.6,0.1118,Standard,0.7257,19.9,21.6,44.3,0.2768,0.1298,1,validation
Ocean,South_Asia,Europe,9334.4,370.6,326.2,0.8802,Standard,0.8774,32.4,46.1,38.5,0.6401,0.4629,1,validation
Ocean,East_Asia,Middle_East,13220.2,491.3,384.2,0.782,High,0.5968,43.9,21.8,23.9,0.4371,0.6887,1,validation
Air,Latin_America,Europe,3847.2,20.0,13.8,0.69,Urgent,0.8036,15.4,12.8,23.7,0.3864,0.8738,1,validation
Rail,Europe,East_Asia,2426.5,90.2,30.4,0.337,Urgent,0.8573,38.4,28.1,51.1,0.2051,0.4144,1,validation
Road,North_America,North_America,1710.3,40.3,22.9,0.5682,Standard,0.9162,16.2,30.1,5.5,0.1442,0.1885,0,validation
Road,North_America,North_America,1542.6,32.8,20.4,0.622,Standard,0.6632,13.9,51.2,18.4,0.1152,0.8875,1,validation
Rail,East_Asia,Europe,5336.8,131.9,88.6,0.6717,Standard,0.938,7.4,22.9,51.5,0.3204,0.5144,1,validation
Ocean,Europe,Middle_East,14997.6,520.1,216.1,0.4155,Standard,0.9142,47.4,77.3,16.8,0.6279,0.1261,1,validation
Rail,East_Asia,East_Asia,1617.0,78.0,35.6,0.4564,Standard,0.99,26.7,39.3,18.0,0.1073,0.1779,0,validation
Ocean,Europe,Oceania,11055.3,390.6,269.6,0.6902,Standard,0.9574,31.3,35.0,63.4,0.6592,0.2528,1,validation
Road,Europe,Europe,150.0,7.4,6.6,0.8919,Standard,0.8468,65.7,47.6,38.5,0.082,0.8932,1,validation
Ocean,Southeast_Asia,Latin_America,9726.8,361.4,110.4,0.3055,High,0.9645,24.6,53.8,20.1,0.3171,0.1976,1,validation
Ocean,South_Asia,North_America,13306.9,468.9,118.9,0.2536,Standard,0.8376,18.0,21.8,12.7,0.6933,0.1776,1,validation
Air,Latin_America,Oceania,4898.6,20.1,12.0,0.597,Standard,0.6394,27.2,47.3,11.2,0.1522,0.1236,1,validation
Ocean,East_Asia,North_America,10419.4,418.7,49.8,0.1189,Standard,0.951,28.7,39.2,8.8,0.2638,0.0788,1,validation
Road,East_Asia,East_Asia,1885.2,39.3,37.0,0.9415,Standard,0.7458,85.0,24.6,5.8,0.1476,0.571,1,validation
Air,North_America,East_Asia,7706.4,30.8,9.0,0.2922,Standard,0.9023,15.2,70.7,23.0,0.5247,0.3471,1,validation
Ocean,Europe,Europe,10813.2,401.6,192.6,0.4796,Standard,0.7614,8.8,75.0,11.7,0.0455,0.9057,1,validation
Ocean,East_Asia,North_America,14217.9,526.1,122.6,0.233,Standard,0.8741,14.0,17.9,17.4,0.3488,0.7322,1,validation
Ocean,Southeast_Asia,Latin_America,12333.7,447.5,430.2,0.9613,Standard,0.8842,23.3,81.2,19.6,0.6485,0.8229,1,validation
Road,North_America,North_America,633.1,24.0,5.9,0.2458,Standard,0.99,25.7,47.9,13.4,0.1046,0.7379,1,validation
Ocean,South_Asia,Latin_America,12602.5,447.3,133.3,0.298,High,0.9238,12.9,26.3,14.4,0.364,0.1014,1,validation
Ocean,South_Asia,Oceania,5411.3,218.6,195.4,0.8939,Standard,0.9208,30.4,46.1,28.7,0.637,0.4381,1,validation
Air,South_Asia,East_Asia,7458.9,42.8,16.5,0.3855,Standard,0.868,23.4,40.5,29.3,0.3035,0.4494,1,validation
Road,Latin_America,Latin_America,454.0,15.4,3.4,0.2208,High,0.6231,1.6,38.4,27.2,0.0694,0.402,0,validation
Ocean,Southeast_Asia,Latin_America,12371.5,431.3,237.6,0.5509,Urgent,0.8325,36.4,13.1,40.7,0.3994,0.4661,1,validation
Ocean,Europe,North_America,10049.1,397.2,23.8,0.0599,Urgent,0.798,23.1,70.7,42.0,0.1626,0.7986,1,validation
Air,Southeast_Asia,Middle_East,5565.0,25.9,7.5,0.2896,High,0.99,41.3,18.5,28.4,0.3876,0.9614,1,validation
Road,Latin_America,Latin_America,1693.2,33.6,9.1,0.2708,High,0.8163,44.3,50.2,30.4,0.1255,0.5882,1,validation
Ocean,East_Asia,Latin_America,14400.0,541.5,408.4,0.7542,High,0.8,39.0,31.2,8.6,0.6589,0.4895,1,validation
Road,East_Asia,Latin_America,1224.8,22.2,7.4,0.3333,Urgent,0.7841,16.6,31.1,20.7,0.2017,0.6886,1,validation
Ocean,South_Asia,Europe,3500.0,164.8,144.3,0.8756,Standard,0.9674,57.0,58.4,10.9,0.4779,0.172,1,validation
Air,North_America,Europe,8596.1,38.1,2.6,0.0682,Standard,0.8091,30.4,25.2,7.3,0.1847,0.6958,1,validation
Air,North_America,Oceania,9086.7,33.9,24.6,0.7257,Standard,0.8956,31.8,76.5,14.4,0.6196,0.4312,1,validation
Ocean,Europe,Oceania,8481.8,301.1,232.7,0.7728,Standard,0.8856,58.8,10.5,12.9,0.307,0.761,1,validation
Road,East_Asia,North_America,1161.5,21.8,12.9,0.5917,Urgent,0.5436,24.0,18.0,9.4,0.282,0.2675,1,validation
Rail,North_America,North_America,4122.8,123.4,116.8,0.9465,Standard,0.9531,80.9,22.5,42.9,0.0668,0.1808,1,validation
Ocean,Southeast_Asia,Europe,11852.7,452.7,339.1,0.7491,Standard,0.5499,53.6,28.3,21.8,0.4241,0.907,1,validation
Ocean,East_Asia,Middle_East,15277.0,538.0,436.4,0.8112,High,0.8633,55.4,39.4,9.6,0.2683,0.4996,1,validation
Ocean,South_Asia,Latin_America,11032.2,390.7,74.9,0.1917,Standard,0.7233,53.6,10.2,52.1,0.2115,0.9001,1,validation
Ocean,Southeast_Asia,Europe,10862.4,427.8,246.6,0.5764,Standard,0.9211,29.7,51.5,17.1,0.6347,0.9531,1,validation
Air,East_Asia,North_America,6914.6,41.3,23.6,0.5714,Standard,0.9304,6.7,29.2,18.5,0.6881,0.2495,1,validation
Rail,North_America,North_America,2642.3,91.5,64.9,0.7093,Standard,0.6284,33.3,34.1,80.5,0.0957,0.2085,1,validation
Rail,South_Asia,Europe,4416.8,111.4,90.7,0.8142,Standard,0.99,37.9,82.7,34.2,0.6281,0.4123,1,validation
Rail,North_America,North_America,5180.5,133.9,56.9,0.4249,Standard,0.9138,14.3,25.9,24.9,0.1311,0.3994,0,validation
Road,Europe,Latin_America,687.7,19.0,10.8,0.5684,Standard,0.8399,41.9,26.3,11.8,0.3944,0.9171,1,validation
Air,South_Asia,Oceania,5071.7,42.5,24.5,0.5765,High,0.8582,17.5,54.0,51.4,0.2225,0.5518,1,validation
Road,Latin_America,Latin_America,2228.7,45.0,19.4,0.4311,Urgent,0.7031,26.5,13.8,38.3,0.1401,0.2189,1,validation
Rail,South_Asia,Europe,2563.8,73.1,60.2,0.8235,High,0.7879,10.1,20.9,13.3,0.5155,0.5629,1,validation
Ocean,East_Asia,Oceania,14769.8,543.1,76.8,0.1414,Standard,0.8605,35.1,21.5,26.7,0.2097,0.7239,1,validation
Air,Europe,North_America,6301.7,20.8,3.9,0.1875,Standard,0.7986,100.0,43.6,52.1,0.6015,0.8472,1,validation
Ocean,Europe,Latin_America,13100.4,481.0,393.6,0.8183,High,0.8612,68.0,59.6,9.8,0.1069,0.3867,1,validation
Air,Southeast_Asia,Europe,7884.4,45.2,41.8,0.9248,Standard,0.7173,24.1,48.3,4.1,0.3904,0.5634,1,validation
Ocean,Europe,Oceania,9332.0,347.4,333.9,0.9611,High,0.9472,62.6,18.4,31.6,0.1284,0.6955,1,validation
Ocean,East_Asia,Middle_East,14012.1,485.6,94.2,0.194,Standard,0.6781,29.6,78.4,3.7,0.6897,0.0928,1,validation
Rail,South_Asia,South_Asia,3605.0,92.3,7.3,0.0791,Urgent,0.99,52.0,18.8,4.9,0.0894,0.2837,0,validation
Rail,East_Asia,East_Asia,3804.7,107.9,7.4,0.0686,Standard,0.8072,77.2,40.4,12.4,0.0755,0.2986,1,validation
Ocean,Europe,Middle_East,12931.5,470.6,249.7,0.5306,Standard,0.7033,10.0,11.5,37.8,0.6224,0.8023,1,validation
Air,East_Asia,Middle_East,2816.3,16.2,13.6,0.8395,High,0.9851,17.2,25.2,17.1,0.5595,0.1602,1,validation
Air,Middle_East,Oceania,7027.6,42.1,11.3,0.2684,Standard,0.8145,35.4,6.0,21.0,0.3026,0.4201,1,validation
Road,North_America,North_America,476.0,13.0,9.8,0.7538,Standard,0.8096,21.5,13.1,6.3,0.1687,0.1993,0,validation
Road,Latin_America,Latin_America,1729.1,38.0,23.2,0.6105,Standard,0.9163,62.1,30.0,19.6,0.1965,0.6971,1,validation
Air,Southeast_Asia,Oceania,8639.6,39.9,17.9,0.4486,Standard,0.99,15.4,55.5,24.7,0.4603,0.2671,1,validation
Ocean,East_Asia,Latin_America,15956.9,588.5,187.8,0.3191,Standard,0.9229,21.7,42.3,52.7,0.4833,0.5618,1,validation
Ocean,East_Asia,North_America,13424.1,470.2,305.1,0.6489,Urgent,0.99,64.4,50.5,7.8,0.085,0.3623,1,validation
Ocean,Southeast_Asia,Europe,14460.1,537.5,31.7,0.059,Standard,0.7624,100.0,27.0,45.8,0.1095,0.1486,1,validation
Road,North_America,Latin_America,789.5,21.1,19.0,0.9005,Standard,0.9665,29.4,25.6,80.6,0.9388,0.5424,1,validation
Ocean,Southeast_Asia,North_America,4610.2,218.8,191.8,0.8766,Standard,0.6297,57.9,29.2,58.8,0.2138,0.4713,1,validation
Ocean,Southeast_Asia,Latin_America,12643.1,473.7,176.1,0.3718,Urgent,0.9411,93.8,22.1,30.5,0.3476,0.5174,1,validation
Road,Europe,Europe,1824.8,41.2,18.8,0.4563,Standard,0.7695,97.2,21.6,23.4,0.0581,0.5323,1,validation
Ocean,Southeast_Asia,North_America,16254.3,580.1,488.4,0.8419,Standard,0.6469,13.1,26.4,13.0,0.4607,0.3072,1,validation
Road,Latin_America,Latin_America,2226.6,43.9,41.3,0.9408,Urgent,0.9671,29.7,43.4,6.7,0.0439,0.4477,1,validation
Ocean,East_Asia,North_America,9759.7,345.1,208.3,0.6036,High,0.8638,22.0,33.3,12.9,0.3389,0.6269,1,validation
Road,Europe,Europe,2324.4,47.3,16.6,0.351,Urgent,0.7085,58.1,47.3,54.3,0.0896,0.3511,1,validation
Air,Middle_East,Europe,6425.6,28.0,8.7,0.3107,Standard,0.8621,6.2,55.8,21.5,0.1872,0.7838,1,validation
Ocean,South_Asia,Oceania,11459.9,429.7,255.4,0.5944,High,0.6466,30.0,79.6,34.4,0.0661,0.1735,1,validation
Ocean,Europe,Middle_East,13359.8,510.7,331.2,0.6485,High,0.9215,39.9,28.9,1.6,0.3893,0.1091,1,validation
Road,East_Asia,East_Asia,831.3,20.1,5.8,0.2886,Standard,0.7411,32.2,34.5,18.9,0.1728,0.1405,1,validation
Road,East_Asia,North_America,791.7,22.6,7.2,0.3186,Standard,0.7003,69.2,17.1,24.1,0.7394,0.594,1,validation
Ocean,Southeast_Asia,North_America,11695.9,407.2,164.8,0.4047,Standard,0.99,14.2,39.7,13.5,0.6899,0.0969,1,validation
Ocean,Southeast_Asia,Oceania,15403.5,562.2,512.4,0.9114,Standard,0.6857,86.6,60.5,18.6,0.1873,0.7602,1,validation
Air,Middle_East,Europe,3176.8,17.3,4.3,0.2486,Standard,0.84,18.6,25.7,27.2,0.3785,0.4048,1,validation
Road,North_America,North_America,266.0,13.8,5.1,0.3696,Standard,0.7785,13.1,29.4,42.0,0.1462,0.7875,1,validation
Ocean,Southeast_Asia,North_America,8895.6,365.7,201.1,0.5499,Standard,0.99,52.7,70.4,29.2,0.5366,0.8115,1,validation
Ocean,Southeast_Asia,Latin_America,10635.4,404.0,343.6,0.8505,Standard,0.5641,46.5,19.7,26.8,0.6815,0.197,1,validation
Road,Latin_America,Latin_America,1000.2,24.3,8.5,0.3498,High,0.8925,33.9,55.1,37.6,0.2237,0.4489,1,validation
Ocean,South_Asia,Latin_America,15519.9,576.5,461.4,0.8003,Standard,0.8267,40.7,36.2,34.2,0.4495,0.6143,1,validation
Ocean,Southeast_Asia,Oceania,9494.9,342.8,210.7,0.6146,High,0.6554,14.4,7.1,39.8,0.1928,0.1207,1,validation
Road,North_America,North_America,1626.5,38.5,2.4,0.0623,Standard,0.8939,25.9,17.8,9.1,0.0291,0.761,1,validation
Ocean,South_Asia,Latin_America,8956.4,372.6,341.7,0.9171,Standard,0.99,48.9,17.3,2.4,0.2816,0.3444,1,validation
Ocean,Europe,Latin_America,8936.3,324.2,17.8,0.0549,High,0.99,20.5,39.2,15.1,0.3749,0.6187,1,validation
Ocean,South_Asia,Latin_America,11121.6,412.2,294.5,0.7145,High,0.9136,18.0,50.7,5.0,0.0956,0.6524,1,validation
Rail,South_Asia,East_Asia,3183.5,98.8,28.2,0.2854,High,0.8478,72.7,77.9,23.2,0.3682,0.4532,1,validation
Ocean,East_Asia,Oceania,11297.2,408.7,333.9,0.817,Standard,0.99,16.3,25.7,34.0,0.5365,0.9407,1,validation
Air,North_America,Oceania,1767.0,14.5,11.6,0.8,Standard,0.9747,19.7,14.1,46.0,0.3597,0.9074,1,validation
Air,East_Asia,North_America,4441.9,32.4,2.5,0.0772,High,0.644,40.6,59.8,5.3,0.2247,0.8599,1,validation
Ocean,East_Asia,Latin_America,8475.1,303.8,106.2,0.3496,High,0.99,35.8,16.4,6.7,0.1008,0.425,0,validation
Air,Southeast_Asia,Oceania,11376.4,28.7,24.8,0.8641,Urgent,0.99,25.8,24.8,12.1,0.4865,0.958,1,validation
Ocean,East_Asia,Oceania,11175.1,396.5,207.8,0.5241,Standard,0.9578,28.2,17.1,26.9,0.5439,0.0694,1,validation
Road,North_America,North_America,744.3,22.0,1.7,0.0773,Standard,0.99,26.3,49.7,54.5,0.0363,0.8796,1,validation
Road,Europe,Europe,1017.8,30.1,13.6,0.4518,High,0.7947,44.9,17.4,27.0,0.1531,0.539,1,validation
Ocean,Southeast_Asia,Oceania,10162.2,369.8,167.6,0.4532,Standard,0.8867,30.4,41.6,24.6,0.8149,0.9787,1,validation
Air,South_Asia,East_Asia,8695.7,28.7,19.2,0.669,Standard,0.8807,56.6,13.1,28.9,0.3009,0.3389,1,validation
Ocean,Southeast_Asia,Europe,16701.6,586.4,508.4,0.867,High,0.9292,48.0,39.8,7.8,0.4201,0.623,1,validation
Road,Europe,Europe,1048.1,25.3,8.5,0.336,Standard,0.9718,44.4,51.5,22.0,0.1824,0.8968,1,validation
Ocean,Southeast_Asia,Middle_East,7807.5,298.2,243.2,0.8156,High,0.7197,83.5,28.0,7.3,0.459,0.7623,1,validation
Ocean,East_Asia,Oceania,4530.2,232.5,73.8,0.3174,Standard,0.7864,19.0,21.6,14.4,0.4385,0.071,1,validation
Ocean,Southeast_Asia,Latin_America,10722.6,394.7,307.2,0.7783,Standard,0.8415,42.1,26.1,8.0,0.2898,0.3155,1,validation
Air,Southeast_Asia,Oceania,6971.6,35.2,24.3,0.6903,Urgent,0.9316,15.2,61.2,19.7,0.3291,0.7076,1,validation
Road,North_America,North_America,778.5,23.1,16.8,0.7273,High,0.7986,49.3,24.9,40.8,0.0763,0.0819,1,validation
Road,East_Asia,East_Asia,2429.7,42.5,17.4,0.4094,Standard,0.8051,59.2,17.9,13.6,0.0965,0.0839,1,validation
Rail,East_Asia,North_America,3547.9,111.4,8.5,0.0763,Standard,0.6776,67.9,8.7,57.9,0.5329,0.3105,1,validation
Road,Latin_America,Latin_America,1862.9,36.6,14.3,0.3907,Urgent,0.709,15.4,16.1,11.2,0.1295,0.6681,1,validation
Rail,South_Asia,South_Asia,2859.5,71.6,14.8,0.2067,Standard,0.8385,32.4,71.7,32.9,0.0705,0.7012,1,validation
Ocean,Europe,Middle_East,9308.0,329.3,41.7,0.1266,Standard,0.8259,38.1,21.4,29.4,0.7235,0.4879,1,validation
Road,Europe,Europe,1531.9,26.3,9.1,0.346,High,0.7727,42.1,18.1,48.6,0.1509,0.5468,1,validation
Rail,Europe,Europe,5250.3,124.8,122.0,0.9776,Standard,0.864,36.9,67.4,14.5,0.2064,0.586,1,validation
Road,Europe,Europe,2034.2,38.2,26.3,0.6885,Standard,0.7922,62.3,75.4,28.1,0.2129,0.6488,1,validation
Road,Latin_America,Latin_America,988.2,24.9,19.8,0.7952,Standard,0.8965,14.7,36.1,30.8,0.1825,0.8939,1,validation
Ocean,Southeast_Asia,North_America,7899.1,327.3,186.9,0.571,Standard,0.7715,30.9,19.9,24.0,0.3974,0.694,1,validation
Ocean,South_Asia,Oceania,7592.3,316.3,154.8,0.4894,High,0.7265,12.1,67.2,27.8,0.1182,0.5415,1,validation
Air,Latin_America,Middle_East,8773.4,44.6,6.4,0.1435,Standard,0.7793,36.8,32.0,6.5,0.4643,0.3839,1,validation
Rail,Europe,Europe,6823.1,181.4,82.0,0.452,High,0.7919,48.1,75.8,32.0,0.1178,0.2828,1,validation
Air,Middle_East,Latin_America,2907.6,16.3,10.0,0.6135,Standard,0.7222,43.3,36.5,26.0,0.5569,0.9656,1,validation
Ocean,Europe,Latin_America,9582.2,363.3,184.4,0.5076,Standard,0.7261,13.3,22.2,32.1,0.5214,0.7159,1,validation
Road,North_America,North_America,799.5,18.7,11.5,0.615,Standard,0.6997,54.8,14.4,13.7,0.114,0.2376,1,validation
Ocean,Europe,North_America,9700.1,375.8,286.7,0.7629,High,0.9029,48.8,16.1,22.5,0.2773,0.8783,1,validation
Ocean,Europe,Middle_East,9586.3,368.2,287.8,0.7816,High,0.99,38.7,46.4,24.3,0.4308,0.2577,1,validation
Road,Latin_America,Europe,1755.3,32.1,24.1,0.7508,High,0.813,24.7,53.5,60.4,0.3015,0.9424,1,validation
Ocean,Europe,Middle_East,7975.6,305.8,50.9,0.1664,Urgent,0.6535,48.8,22.7,23.5,0.2393,0.101,1,validation
Air,South_Asia,North_America,4480.0,18.7,16.0,0.8556,Standard,0.99,31.2,67.6,10.1,0.3591,0.4371,1,validation
Ocean,South_Asia,Latin_America,11953.5,461.9,348.2,0.7538,Urgent,0.7546,46.9,16.6,18.8,0.3536,0.6055,1,validation
Air,North_America,Oceania,5490.0,24.0,6.1,0.2542,High,0.8024,13.2,18.4,43.8,0.6049,0.3058,1,validation
Ocean,Southeast_Asia,Latin_America,11902.5,467.6,70.8,0.1514,Standard,0.6255,22.0,44.1,35.6,0.3653,0.8055,1,validation
Rail,Europe,Europe,756.5,51.5,43.3,0.8408,Standard,0.8395,52.0,22.6,5.1,0.0873,0.968,1,validation
Road,Latin_America,Latin_America,1755.3,29.3,15.0,0.5119,Urgent,0.8019,29.0,41.3,11.4,0.132,0.6653,1,validation
Road,Europe,North_America,814.7,22.7,11.4,0.5022,High,0.8633,19.8,25.6,8.6,0.3474,0.4915,0,validation
Air,East_Asia,Middle_East,3187.8,16.9,2.9,0.1716,Standard,0.8533,58.7,40.9,14.7,0.4383,0.8686,1,validation
Air,Southeast_Asia,East_Asia,2782.2,31.0,11.8,0.3806,Standard,0.8862,32.2,57.9,9.8,0.256,0.3293,1,validation
Ocean,East_Asia,Europe,10949.0,419.0,120.0,0.2864,High,0.982,5.1,47.0,22.3,0.5969,0.2256,1,validation
Ocean,Southeast_Asia,North_America,14230.3,528.3,250.6,0.4744,Standard,0.7651,11.2,13.5,25.5,0.4253,0.1604,1,validation
Road,Europe,Europe,1003.2,29.2,22.8,0.7808,High,0.7958,23.3,69.5,38.6,0.0682,0.3698,1,validation
Ocean,Europe,Oceania,16604.9,570.7,510.3,0.8942,Standard,0.8971,27.9,23.2,16.9,0.3195,0.5462,1,validation
Ocean,East_Asia,Latin_America,19529.4,682.0,555.3,0.8142,High,0.8186,59.2,29.1,44.8,0.1148,0.1005,1,validation
Road,Latin_America,Europe,2147.0,45.9,5.0,0.1089,Standard,0.8,26.7,34.5,24.3,0.5549,0.5291,1,validation
Ocean,South_Asia,Latin_America,11120.8,415.4,337.3,0.812,High,0.8897,51.3,44.8,36.8,0.6649,0.3481,1,validation
Ocean,Southeast_Asia,Middle_East,10905.2,409.5,201.1,0.4911,Standard,0.99,82.2,25.5,29.7,0.5752,0.0887,1,validation
Road,Europe,Europe,1483.7,32.2,4.7,0.146,Standard,0.9475,20.9,61.3,41.3,0.0944,0.8834,1,validation
Ocean,Southeast_Asia,Latin_America,14517.9,505.2,349.8,0.6924,High,0.8649,93.1,17.8,5.7,0.2093,0.2241,1,validation
Rail,East_Asia,East_Asia,4128.4,104.2,94.7,0.9088,Urgent,0.8321,19.6,3.1,26.9,0.1365,0.8658,1,validation
Ocean,Europe,Europe,8932.1,356.1,340.0,0.9548,Standard,0.9297,29.5,19.6,13.1,0.1579,0.4704,1,validation
Ocean,Europe,Europe,14297.3,520.8,183.6,0.3525,Standard,0.9423,44.5,47.0,13.8,0.0683,0.0681,1,validation
Ocean,Europe,Middle_East,11165.1,428.1,313.3,0.7318,Standard,0.8501,49.5,74.1,11.4,0.4028,0.393,1,validation
Air,South_Asia,Oceania,3645.7,23.4,1.8,0.0769,Standard,0.862,10.9,26.2,84.0,0.3629,0.9229,1,validation
Road,Latin_America,Latin_America,1455.8,34.3,10.8,0.3149,Standard,0.6524,51.3,42.2,21.0,0.0658,0.4916,1,validation
Air,Europe,Oceania,5732.1,28.8,4.7,0.1632,Standard,0.7866,49.5,36.5,10.6,0.3792,0.6682,1,validation
Road,Latin_America,Latin_America,2213.5,43.4,9.3,0.2143,Standard,0.8135,19.5,54.5,27.1,0.1701,0.844,1,validation
Road,North_America,North_America,1494.1,27.1,3.7,0.1365,High,0.6849,30.2,22.9,33.9,0.0965,0.0997,1,validation
Ocean,East_Asia,Oceania,10042.8,368.7,227.6,0.6173,High,0.6972,38.4,14.0,17.5,0.1752,0.5668,1,validation
Air,East_Asia,Europe,5349.1,21.9,8.5,0.3881,Urgent,0.8831,47.3,45.4,45.7,0.6303,0.3684,1,validation
Road,Europe,Europe,1370.7,33.2,26.4,0.7952,High,0.5939,48.5,55.1,23.3,0.2118,0.582,1,validation
Air,Middle_East,Europe,5660.0,41.5,40.6,0.9783,High,0.9002,41.3,53.2,24.9,0.3228,0.9738,1,validation
Ocean,East_Asia,Middle_East,10485.1,411.5,204.4,0.4967,Standard,0.8384,57.7,80.4,21.7,0.293,0.1072,1,validation
Road,Europe,Europe,1569.8,28.2,22.6,0.8014,High,0.9791,28.1,19.6,21.2,0.1096,0.074,0,validation
Ocean,East_Asia,North_America,7127.0,271.4,169.8,0.6256,Standard,0.7704,35.2,2.3,13.1,0.3752,0.186,1,validation
Road,Europe,Latin_America,607.2,20.7,3.9,0.1884,High,0.6963,12.7,45.1,6.0,0.2841,0.1323,1,validation
Road,North_America,Europe,1086.0,19.9,6.8,0.3417,Standard,0.99,12.4,28.4,19.1,0.4449,0.782,1,validation
Air,Southeast_Asia,Europe,6527.2,38.2,5.5,0.144,High,0.7546,27.5,44.0,38.4,0.4789,0.8184,1,validation
Ocean,East_Asia,Europe,8172.6,294.9,87.5,0.2967,Standard,0.99,40.3,17.0,10.0,0.5755,0.4396,1,validation
Ocean,East_Asia,Middle_East,8827.4,340.5,326.9,0.9601,Standard,0.7687,32.5,22.0,26.6,0.6244,0.0523,1,validation
Rail,Europe,Europe,2599.5,96.4,64.9,0.6732,Standard,0.9067,37.4,59.5,13.1,0.1253,0.3545,1,validation
Air,Southeast_Asia,North_America,5933.7,35.5,15.6,0.4394,Urgent,0.9565,100.0,43.4,28.1,0.8233,0.5103,1,validation
Road,East_Asia,East_Asia,577.4,15.8,7.1,0.4494,High,0.8412,21.4,12.1,27.5,0.2541,0.1636,1,validation
Air,South_Asia,Middle_East,9297.8,45.9,17.5,0.3813,Standard,0.837,32.0,40.0,8.6,0.3827,0.9211,1,validation
Road,North_America,Latin_America,1060.7,26.4,5.5,0.2083,Standard,0.9146,66.3,30.3,11.1,0.5997,0.9094,1,validation
Ocean,Southeast_Asia,Oceania,10568.4,406.6,283.8,0.698,Standard,0.8722,67.5,64.1,19.8,0.376,0.5046,1,validation
Ocean,Southeast_Asia,Europe,12841.3,488.9,323.6,0.6619,High,0.7822,32.1,86.0,22.7,0.2939,0.4833,1,validation
Ocean,East_Asia,Europe,9670.9,375.7,129.1,0.3436,Standard,0.7385,15.4,47.6,18.0,0.686,0.3014,1,validation
Road,Europe,Europe,1486.6,25.7,20.3,0.7899,High,0.9688,80.1,100.0,23.6,0.0212,0.5095,1,validation
Road,Europe,Latin_America,1962.8,41.3,38.4,0.9298,High,0.837,45.0,23.6,15.9,0.6275,0.1254,1,validation
Road,North_America,North_America,469.1,12.1,4.5,0.3719,Standard,0.9617,10.1,20.0,41.4,0.1477,0.9093,1,validation
Ocean,Europe,Middle_East,16320.6,600.7,357.6,0.5953,Standard,0.6942,44.7,17.1,71.5,0.4356,0.3372,1,validation
Air,East_Asia,Latin_America,5726.7,20.6,15.0,0.7282,Standard,0.6453,26.9,30.6,53.3,0.7386,0.8799,1,validation
Air,South_Asia,Oceania,10230.7,41.0,26.5,0.6463,High,0.8367,30.9,23.9,53.5,0.4479,0.3695,1,validation
Ocean,East_Asia,North_America,13143.9,454.0,371.8,0.8189,High,0.7788,22.6,13.3,28.0,0.116,0.154,1,validation
Ocean,Europe,Latin_America,10313.3,407.9,337.0,0.8262,Standard,0.8383,40.0,22.7,61.7,0.2039,0.438,1,validation
Ocean,Southeast_Asia,Europe,8841.1,343.1,75.7,0.2206,High,0.8497,50.6,48.1,9.5,0.3545,0.5561,1,validation
Road,Europe,North_America,1301.7,25.4,23.3,0.9173,High,0.8607,24.4,22.5,17.5,0.3311,0.4565,1,validation
Rail,South_Asia,South_Asia,1760.6,81.0,27.3,0.337,High,0.5487,5.2,57.9,44.7,0.1757,0.2754,1,validation
Air,South_Asia,Middle_East,10301.0,37.3,12.1,0.3244,Standard,0.9259,30.9,21.3,63.4,0.5831,0.5902,1,validation
Ocean,South_Asia,Middle_East,7739.1,295.8,180.1,0.6089,High,0.7391,21.9,33.9,52.0,0.2072,0.3141,1,validation
Road,Europe,Europe,1619.2,34.3,25.9,0.7551,Standard,0.884,51.3,23.7,16.4,0.1375,0.7462,1,validation
Ocean,Europe,Middle_East,10798.3,418.2,229.6,0.549,Standard,0.6188,59.2,27.8,26.6,0.5507,0.2015,1,validation
Ocean,South_Asia,Oceania,8319.1,305.1,274.0,0.8981,Standard,0.7745,49.4,72.9,6.4,0.504,0.7353,1,validation
Road,East_Asia,East_Asia,1703.6,34.5,15.5,0.4493,Standard,0.8529,58.2,41.8,24.2,0.0795,0.8563,1,validation
Road,Latin_America,Latin_America,905.1,27.0,25.6,0.9481,High,0.7906,19.8,3.9,21.6,0.1523,0.9777,1,validation
Ocean,South_Asia,Europe,12418.3,462.4,60.3,0.1304,Standard,0.7885,30.3,27.9,16.3,0.1573,0.1272,1,validation
Ocean,East_Asia,Latin_America,13137.8,469.1,67.3,0.1435,Standard,0.9029,16.5,38.4,20.7,0.6431,0.2332,1,validation
Road,Latin_America,Europe,1112.5,29.8,18.0,0.604,High,0.9133,5.3,70.2,6.6,0.6319,0.777,1,validation
Air,East_Asia,North_America,3628.4,25.2,19.0,0.754,Standard,0.99,59.8,14.1,24.1,0.333,0.3074,1,test
Rail,South_Asia,South_Asia,835.9,49.7,4.2,0.0845,Standard,0.99,19.5,29.8,30.4,0.1762,0.377,1,test
Ocean,Southeast_Asia,North_America,12347.1,468.2,186.9,0.3992,Standard,0.99,20.2,31.7,46.0,0.8236,0.3666,1,test
Road,Europe,Europe,1251.3,31.0,27.8,0.8968,High,0.9305,13.4,42.6,33.0,0.1287,0.2172,0,test
Ocean,South_Asia,North_America,10477.4,364.0,309.6,0.8505,High,0.8305,21.1,45.0,11.3,0.1171,0.101,1,test
Ocean,Southeast_Asia,Middle_East,7000.5,277.7,144.6,0.5207,Standard,0.99,11.5,45.7,11.5,0.2961,0.5291,1,test
Ocean,East_Asia,Europe,10901.9,401.6,20.7,0.0515,Standard,0.7727,9.9,34.8,57.0,0.5324,0.5256,1,test
Road,Latin_America,Latin_America,2284.7,42.1,9.5,0.2257,Standard,0.893,16.9,48.8,15.7,0.0811,0.7844,1,test
Ocean,East_Asia,Europe,7725.7,285.4,232.4,0.8143,Standard,0.9273,52.1,46.2,29.6,0.354,0.4313,1,test
Ocean,Southeast_Asia,Middle_East,12678.6,484.3,353.4,0.7297,Standard,0.9856,54.5,40.4,92.4,0.5,0.9712,1,test
Ocean,Europe,Oceania,6777.4,260.5,28.4,0.109,Standard,0.7841,22.6,19.3,9.4,0.6514,0.1463,1,test
Ocean,Europe,North_America,14823.9,513.8,177.8,0.346,High,0.99,27.4,60.9,48.1,0.5465,0.7744,1,test
Rail,East_Asia,East_Asia,849.3,60.5,44.5,0.7355,Standard,0.7407,98.3,16.6,31.5,0.0796,0.2064,1,test
Air,North_America,Oceania,3028.3,35.0,28.1,0.8029,Standard,0.8793,75.9,48.2,14.2,0.2998,0.4236,1,test
Ocean,Southeast_Asia,Middle_East,9454.5,387.5,254.4,0.6565,Urgent,0.8982,21.1,12.1,20.8,0.4101,0.4213,1,test
Ocean,South_Asia,North_America,11958.5,451.1,44.7,0.0991,Standard,0.8011,47.4,30.5,21.4,0.4347,0.0939,1,test
Ocean,Europe,Europe,13037.2,456.1,104.6,0.2293,Standard,0.8272,12.0,19.5,11.5,0.079,0.8008,1,test
Ocean,Europe,Middle_East,7246.1,300.8,164.9,0.5482,Standard,0.7442,50.9,39.9,9.5,0.107,0.644,1,test
Ocean,South_Asia,Oceania,8557.1,354.9,46.3,0.1305,Urgent,0.7473,33.9,39.8,17.3,0.2646,0.3383,1,test
Road,Europe,Europe,1985.9,37.4,12.9,0.3449,Standard,0.99,18.6,13.2,18.7,0.071,0.4485,0,test
Air,Latin_America,Oceania,7885.8,30.8,26.1,0.8474,Standard,0.8422,16.9,55.1,16.5,0.5705,0.3402,1,test
Ocean,Southeast_Asia,Oceania,14867.6,505.2,331.7,0.6566,High,0.8144,58.1,25.5,48.3,0.8595,0.7565,1,test
Ocean,Southeast_Asia,Europe,10729.0,378.7,103.0,0.272,High,0.729,21.5,12.7,3.6,0.1714,0.8127,1,test
Air,Middle_East,Oceania,7749.1,24.0,9.8,0.4083,Urgent,0.7678,10.5,30.3,48.2,0.1615,0.2423,1,test
Air,Latin_America,Middle_East,5411.9,28.1,15.8,0.5623,Standard,0.9463,87.8,41.4,1.5,0.28,0.1367,1,test
Rail,South_Asia,Europe,3944.6,95.8,48.1,0.5021,High,0.99,40.9,14.2,52.2,0.4273,0.8086,1,test
Ocean,Southeast_Asia,Latin_America,12708.0,461.4,46.6,0.101,Standard,0.7912,43.7,7.8,15.9,0.5629,0.6009,1,test
Road,East_Asia,East_Asia,1766.3,34.0,16.6,0.4882,Standard,0.7821,38.6,82.7,37.5,0.096,0.069,1,test
Ocean,Europe,Europe,9994.6,379.8,205.0,0.5398,Standard,0.8148,17.8,2.4,43.5,0.0776,0.1013,1,test
Air,Europe,Latin_America,8128.9,38.1,19.3,0.5066,Standard,0.99,27.2,49.4,19.3,0.3168,0.8066,1,test
Ocean,East_Asia,Middle_East,8721.5,353.1,66.1,0.1872,Urgent,0.9082,33.7,31.7,22.8,0.5655,0.1076,1,test
Road,North_America,North_America,829.3,18.7,8.2,0.4385,High,0.983,28.1,52.3,18.2,0.1602,0.1484,1,test
Road,North_America,North_America,1342.0,29.5,7.3,0.2475,High,0.8425,22.7,38.1,16.4,0.0784,0.3167,0,test
Road,North_America,North_America,467.6,15.3,10.6,0.6928,High,0.7833,80.4,26.3,7.1,0.1288,0.3024,1,test
Air,Middle_East,North_America,8401.0,25.6,19.7,0.7695,High,0.711,42.8,14.4,42.7,0.1938,0.8361,1,test
Ocean,Southeast_Asia,Latin_America,14176.3,513.0,108.5,0.2115,High,0.8722,28.0,100.0,35.5,0.7246,0.383,1,test
Road,Europe,Latin_America,1327.3,23.5,6.1,0.2596,Standard,0.6478,65.3,55.2,88.8,0.532,0.8575,1,test
Ocean,East_Asia,Latin_America,13932.1,516.0,485.5,0.9409,Standard,0.803,11.0,25.5,24.7,0.4893,0.7962,1,test
Road,Latin_America,Latin_America,860.7,19.5,12.0,0.6154,Standard,0.99,32.5,40.8,6.1,0.0976,0.3531,1,test
Road,North_America,Europe,1548.3,28.7,24.9,0.8676,Standard,0.885,33.2,21.6,15.3,0.3224,0.1065,1,test
Air,Middle_East,Latin_America,3454.0,21.1,14.2,0.673,High,0.8983,28.7,3.5,7.7,0.3826,0.6251,0,test
Rail,North_America,North_America,3585.8,95.9,33.0,0.3441,Urgent,0.7193,26.6,38.0,10.8,0.02,0.2384,1,test
Road,Europe,Europe,989.5,26.9,9.3,0.3457,Standard,0.99,49.7,24.7,38.3,0.1134,0.9321,1,test
Rail,Europe,Europe,1563.2,77.2,9.1,0.1179,Standard,0.8287,19.1,100.0,11.5,0.121,0.337,1,test
Ocean,East_Asia,Oceania,11390.8,446.2,43.7,0.0979,High,0.7893,9.7,11.8,33.9,0.1521,0.7877,1,test
Road,Latin_America,Latin_America,2535.9,41.1,30.4,0.7397,High,0.9137,16.1,30.1,29.1,0.0973,0.646,1,test
Air,Latin_America,North_America,8565.9,39.2,8.2,0.2092,High,0.99,39.1,24.1,39.0,0.3923,0.4377,1,test
Rail,East_Asia,Europe,3838.6,117.6,52.2,0.4439,High,0.8656,32.2,39.1,30.7,0.1777,0.7258,1,test
Ocean,East_Asia,Oceania,15972.8,593.0,324.6,0.5474,Standard,0.803,39.0,75.7,18.4,0.6788,0.3558,1,test
Rail,Europe,Europe,3992.4,96.7,28.3,0.2927,High,0.6529,43.1,4.8,51.7,0.1837,0.2045,1,test
Air,Southeast_Asia,North_America,6252.1,29.8,13.5,0.453,Standard,0.8717,9.1,46.0,2.5,0.6789,0.5956,1,test
Ocean,South_Asia,North_America,5936.6,277.7,123.9,0.4462,Standard,0.99,64.0,36.7,20.0,0.8232,0.2332,1,test
Ocean,South_Asia,Latin_America,11208.9,435.2,263.7,0.6059,Standard,0.7687,58.6,68.2,18.0,0.4803,0.8372,1,test
Road,Europe,Europe,1071.1,31.1,25.1,0.8071,High,0.6232,50.8,67.2,37.8,0.1836,0.3116,1,test
Ocean,East_Asia,Europe,10689.9,383.0,285.7,0.746,Standard,0.807,16.1,25.6,19.3,0.5301,0.3385,1,test
Ocean,East_Asia,Middle_East,12077.8,428.8,57.2,0.1334,Standard,0.9083,30.4,44.3,22.0,0.284,0.3992,1,test
Rail,East_Asia,North_America,2694.5,101.0,19.2,0.1901,Standard,0.99,31.1,75.7,25.3,0.2931,0.1287,1,test
Ocean,Southeast_Asia,Latin_America,8395.4,315.0,308.4,0.979,High,0.7283,11.1,20.6,25.9,0.4327,0.8698,1,test
Air,East_Asia,North_America,5339.1,39.6,26.3,0.6641,High,0.9115,6.2,47.4,21.6,0.547,0.8561,1,test
Ocean,South_Asia,Oceania,3500.0,203.5,47.2,0.2319,Standard,0.7329,28.9,3.6,12.0,0.4044,0.6568,1,test
Air,Latin_America,Europe,6351.9,42.7,25.0,0.5855,Standard,0.7576,8.5,28.3,45.2,0.6103,0.3099,1,test
Rail,South_Asia,South_Asia,1372.1,74.7,54.6,0.7309,High,0.9059,66.5,25.2,25.3,0.0308,0.9633,1,test
Ocean,Europe,Latin_America,11310.2,408.8,246.3,0.6025,High,0.8237,84.8,49.3,14.1,0.6325,0.613,1,test
Road,North_America,Latin_America,728.8,26.3,17.5,0.6654,Urgent,0.8264,32.8,28.2,20.3,0.31,0.9518,1,test
Ocean,Southeast_Asia,Europe,4552.4,208.1,177.9,0.8549,High,0.99,22.5,23.2,24.2,0.5076,0.7824,1,test
Ocean,Southeast_Asia,Latin_America,13993.1,529.3,404.9,0.765,Standard,0.8853,27.4,30.1,35.7,0.7795,0.7215,1,test
Road,East_Asia,East_Asia,1020.7,24.8,17.3,0.6976,High,0.8168,38.9,34.0,11.0,0.112,0.4719,1,test
Air,Latin_America,Middle_East,5730.6,20.7,6.2,0.2995,Standard,0.8566,57.6,37.6,1.3,0.628,0.9148,1,test
Road,Latin_America,Latin_America,1760.0,37.1,34.6,0.9326,Urgent,0.8107,36.7,33.2,26.9,0.1338,0.7362,1,test
Road,North_America,North_America,1368.6,25.4,19.4,0.7638,Standard,0.7339,13.0,15.1,54.2,0.0496,0.5747,1,test
Air,Southeast_Asia,East_Asia,3781.8,21.9,14.0,0.6393,Standard,0.7332,35.3,31.4,1.6,0.3286,0.7393,1,test
Ocean,Southeast_Asia,Oceania,10105.7,382.5,39.3,0.1027,High,0.99,51.1,43.9,22.4,0.4098,0.1964,1,test
Road,East_Asia,Latin_America,2142.0,40.7,33.7,0.828,Standard,0.8527,26.4,57.3,5.9,0.2634,0.7338,1,test
Ocean,Europe,North_America,11851.6,449.9,329.0,0.7313,High,0.8678,79.4,21.6,44.8,0.4982,0.256,1,test
Road,Latin_America,Latin_America,500.8,11.9,8.3,0.6975,Standard,0.8674,68.6,20.7,26.5,0.1361,0.4552,1,test
Ocean,Europe,North_America,8626.2,356.9,327.0,0.9162,High,0.7648,30.2,35.7,19.4,0.734,0.328,1,test
Ocean,Southeast_Asia,Middle_East,12379.4,480.4,25.7,0.0535,High,0.8116,38.9,34.8,9.9,0.1883,0.1993,1,test
Rail,South_Asia,South_Asia,881.3,61.4,57.1,0.93,High,0.8435,23.2,25.8,12.6,0.0971,0.4153,0,test
Rail,North_America,East_Asia,2702.4,100.9,77.2,0.7651,Urgent,0.756,66.4,56.0,57.8,0.8256,0.569,1,test
Air,Europe,Latin_America,4862.3,41.6,21.3,0.512,Standard,0.5015,26.1,66.9,39.7,0.1513,0.9019,1,test
Rail,North_America,North_America,3688.8,86.8,74.4,0.8571,Standard,0.8355,41.3,100.0,26.2,0.0845,0.5321,1,test
Air,East_Asia,Middle_East,9631.8,40.9,25.7,0.6284,High,0.9652,25.2,30.8,29.4,0.3609,0.7598,1,test
Ocean,Europe,Oceania,11057.9,399.3,343.0,0.859,High,0.9285,64.1,54.3,24.8,0.0637,0.5706,1,test
Road,Latin_America,Latin_America,520.1,23.0,8.0,0.3478,Standard,0.8468,100.0,45.7,22.7,0.1717,0.4643,1,test
Ocean,Southeast_Asia,Middle_East,14162.9,482.4,302.5,0.6271,High,0.99,41.5,26.9,37.4,0.4622,0.6823,1,test
Ocean,East_Asia,Europe,10625.6,425.2,228.1,0.5365,High,0.7815,55.0,15.2,16.7,0.4259,0.8006,1,test
Road,Europe,Europe,651.0,22.6,4.8,0.2124,Standard,0.8408,86.9,32.6,16.1,0.0544,0.3242,1,test
Road,Europe,Europe,1274.1,32.5,24.1,0.7415,High,0.733,6.5,52.2,26.9,0.1742,0.735,1,test
Road,North_America,North_America,1831.7,30.4,19.3,0.6349,Standard,0.7444,21.7,24.6,20.0,0.0363,0.8255,1,test
Rail,South_Asia,North_America,3361.4,83.5,29.5,0.3533,Standard,0.8306,35.6,8.1,11.4,0.9138,0.6612,1,test
Air,Latin_America,Europe,1200.0,22.1,11.8,0.5339,Standard,0.642,56.4,25.9,8.7,0.4443,0.3419,1,test
Rail,North_America,North_America,2615.5,90.4,19.2,0.2124,High,0.6655,8.0,33.0,33.4,0.0506,0.8396,1,test
Air,North_America,Europe,6986.9,37.9,6.6,0.1741,Urgent,0.8507,36.2,45.9,41.5,0.5305,0.9738,1,test
Rail,North_America,Europe,4149.8,122.0,113.7,0.932,Standard,0.8805,59.9,25.0,14.0,0.4456,0.5476,1,test
Ocean,Europe,Middle_East,6634.7,279.7,111.0,0.3969,High,0.6978,43.2,28.8,14.1,0.3073,0.3203,1,test
Air,Latin_America,Middle_East,7729.9,32.8,27.3,0.8323,Standard,0.8284,42.4,56.0,41.3,0.1147,0.1676,1,test
Ocean,Europe,Latin_America,15809.2,534.1,385.5,0.7218,Standard,0.7615,36.1,9.2,42.5,0.2779,0.291,1,test
Air,South_Asia,Europe,7344.3,29.0,7.0,0.2414,Urgent,0.8983,12.6,47.5,24.4,0.3025,0.11,1,test
Road,Latin_America,Latin_America,1566.3,31.7,9.1,0.2871,Standard,0.8168,90.0,56.6,17.2,0.2169,0.4383,1,test
Ocean,South_Asia,Middle_East,13109.2,494.7,301.7,0.6099,Urgent,0.7691,100.0,51.2,21.8,0.5751,0.6084,1,test
Air,Latin_America,Middle_East,6708.5,42.9,40.6,0.9464,High,0.8847,9.0,11.3,21.1,0.2862,0.1147,0,test
Air,Southeast_Asia,Middle_East,5882.6,20.0,14.4,0.72,Standard,0.6699,28.8,30.2,37.3,0.1,0.7362,1,test
Air,Middle_East,North_America,8841.0,34.5,27.2,0.7884,Standard,0.8909,22.5,39.2,26.9,0.4621,0.4556,1,test
Rail,Europe,Europe,2609.5,73.7,64.7,0.8779,Standard,0.8672,22.4,40.9,14.5,0.0889,0.5041,1,test
Air,Latin_America,Oceania,3833.4,40.8,7.4,0.1814,Standard,0.9161,7.3,33.9,55.5,0.2116,0.1876,1,test
Road,Latin_America,Latin_America,1864.4,35.8,12.2,0.3408,Standard,0.7821,11.1,62.3,6.2,0.0974,0.8964,1,test
Road,East_Asia,East_Asia,830.5,22.9,2.0,0.0873,Standard,0.99,43.5,54.6,7.4,0.0684,0.4719,1,test
Air,Europe,Oceania,3926.7,25.7,9.3,0.3619,Standard,0.7218,21.9,39.5,24.1,0.2617,0.9276,1,test
Ocean,East_Asia,North_America,10160.3,413.3,275.0,0.6654,Standard,0.7581,16.0,56.1,46.4,0.6131,0.2651,1,test
Ocean,East_Asia,Middle_East,14444.8,495.1,160.2,0.3236,Standard,0.8396,39.3,53.0,20.6,0.5076,0.7031,1,test
Ocean,Southeast_Asia,Europe,14993.8,554.9,202.6,0.3651,Urgent,0.99,62.3,19.8,59.6,0.5535,0.3024,1,test
Road,North_America,Europe,818.8,19.9,3.1,0.1558,Standard,0.794,25.8,7.9,7.4,0.3824,0.4301,1,test
Air,Southeast_Asia,Oceania,6558.9,20.9,6.5,0.311,Standard,0.5874,32.7,39.0,37.6,0.659,0.4262,1,test
Rail,North_America,North_America,3359.5,105.1,40.3,0.3834,Standard,0.8504,41.3,20.2,35.7,0.02,0.8289,1,test
Air,Europe,Latin_America,4609.6,37.7,3.3,0.0875,High,0.8838,28.7,45.8,18.5,0.4416,0.9407,1,test
Air,South_Asia,North_America,5962.4,22.0,1.5,0.0682,Urgent,0.8943,31.6,42.0,10.2,0.6429,0.4236,1,test
Ocean,East_Asia,Europe,12880.1,443.1,126.3,0.285,Standard,0.8786,32.8,22.6,23.6,0.1677,0.6381,1,test
Ocean,Southeast_Asia,North_America,10923.4,432.7,43.7,0.101,Standard,0.8035,36.8,21.5,26.9,0.217,0.2931,1,test
Road,Latin_America,Latin_America,863.7,26.7,9.6,0.3596,Standard,0.6945,43.1,83.3,47.4,0.1235,0.4067,1,test
Road,East_Asia,East_Asia,691.0,18.8,2.3,0.1223,High,0.7778,21.7,44.8,11.5,0.2345,0.6703,1,test
Road,East_Asia,Europe,811.9,20.4,4.8,0.2353,Standard,0.8303,22.7,16.1,9.5,0.4175,0.571,1,test
Air,Middle_East,Oceania,6695.5,31.1,14.0,0.4502,Urgent,0.8996,18.3,13.6,17.8,0.3981,0.4628,1,test
Air,East_Asia,Latin_America,7306.7,23.4,16.5,0.7051,Standard,0.6506,82.8,29.2,39.2,0.3395,0.7078,1,test
Ocean,South_Asia,Oceania,11661.3,408.5,92.9,0.2274,High,0.8016,52.1,7.2,11.3,0.6146,0.5509,1,test
Road,Europe,Europe,707.3,23.9,3.0,0.1255,Standard,0.99,62.8,87.1,20.7,0.0857,0.319,1,test
Ocean,Europe,Middle_East,12541.9,444.1,407.5,0.9176,Standard,0.6474,16.3,27.5,24.9,0.2733,0.7589,1,test
Air,South_Asia,Oceania,8179.0,34.5,27.0,0.7826,Standard,0.6474,36.0,51.8,35.4,0.4506,0.9706,1,test
Rail,East_Asia,East_Asia,3423.0,86.4,53.5,0.6192,Standard,0.99,47.0,13.4,47.2,0.1038,0.3979,1,test
Road,Latin_America,Latin_America,197.3,13.5,11.1,0.8222,Standard,0.99,32.5,21.3,21.0,0.1527,0.1159,0,test
Road,Latin_America,Latin_America,283.7,10.5,6.2,0.5905,High,0.8299,59.8,34.4,13.3,0.2025,0.4149,1,test
Air,East_Asia,Europe,4725.0,32.8,31.3,0.9543,Standard,0.99,100.0,18.5,46.0,0.2456,0.3995,1,test
Ocean,Southeast_Asia,Oceania,12421.2,437.7,283.0,0.6466,Standard,0.734,21.8,33.4,33.5,0.569,0.1229,1,test
Road,Europe,Latin_America,1156.3,29.1,27.3,0.9381,High,0.99,40.9,41.7,21.3,0.6291,0.4006,1,test
Air,South_Asia,Oceania,3779.9,26.4,25.3,0.9583,Standard,0.9823,59.6,44.7,56.9,0.4352,0.3143,1,test
Ocean,East_Asia,Oceania,13487.9,494.2,86.3,0.1746,Standard,0.8632,39.8,100.0,37.1,0.2768,0.6998,1,test
Ocean,South_Asia,North_America,15690.2,558.1,540.2,0.9679,Standard,0.99,25.3,35.9,2.8,0.339,0.8126,1,test
Air,Europe,Latin_America,5190.6,19.5,9.2,0.4718,High,0.9197,40.7,15.3,11.1,0.6426,0.7401,1,test
Ocean,East_Asia,North_America,7510.8,293.6,282.7,0.9629,High,0.9263,29.5,21.8,44.9,0.5976,0.3359,1,test
Air,Southeast_Asia,North_America,11208.3,42.4,17.5,0.4127,Urgent,0.99,20.7,27.3,37.4,0.2073,0.4787,1,test
Ocean,East_Asia,Middle_East,5074.0,199.1,194.6,0.9774,Standard,0.712,47.1,12.9,44.6,0.2794,0.3792,1,test
Road,Europe,Europe,2013.8,40.7,21.8,0.5356,Standard,0.7941,17.5,25.4,11.5,0.1081,0.8624,1,test
Ocean,Southeast_Asia,Middle_East,12227.6,475.4,154.3,0.3246,High,0.8333,29.1,52.1,5.4,0.4533,0.8473,1,test
Ocean,East_Asia,Europe,15759.0,534.9,62.6,0.117,Standard,0.9143,32.8,25.1,18.6,0.4813,0.3452,1,test
Ocean,East_Asia,North_America,15068.0,532.1,382.9,0.7196,High,0.7815,21.9,10.6,20.8,0.4373,0.0745,1,test
Air,Middle_East,North_America,1200.0,24.9,17.0,0.6827,Standard,0.8049,25.9,8.9,28.7,0.3428,0.8754,1,test
Air,North_America,Oceania,8681.5,33.6,14.8,0.4405,Standard,0.8826,25.9,23.1,23.7,0.41,0.6337,1,test
Ocean,East_Asia,North_America,7722.8,293.8,54.1,0.1841,High,0.678,50.3,17.0,32.4,0.4462,0.3431,1,test
Air,East_Asia,Middle_East,2246.9,36.4,19.0,0.522,High,0.9302,25.9,45.5,34.9,0.3738,0.7762,1,test
Road,Europe,Europe,1125.5,27.6,15.9,0.5761,Urgent,0.8808,22.1,25.2,12.9,0.0243,0.7196,0,test
Rail,Europe,Europe,4827.2,133.7,30.4,0.2274,High,0.8455,26.0,14.7,19.6,0.1063,0.455,0,test
Air,North_America,Europe,8026.2,37.3,13.6,0.3646,Urgent,0.9361,29.0,53.6,13.9,0.4025,0.1016,1,test
Air,Middle_East,Latin_America,7965.1,42.4,11.7,0.2759,Standard,0.7852,37.0,26.7,24.9,0.1399,0.5565,1,test
Air,East_Asia,Middle_East,3783.6,34.8,32.0,0.9195,Standard,0.9072,22.6,17.2,17.3,0.752,0.2282,1,test
Road,North_America,Latin_America,503.6,20.3,17.0,0.8374,Urgent,0.99,67.9,31.1,28.6,0.8006,0.2193,1,test
Air,Europe,Latin_America,5871.7,24.1,4.4,0.1826,High,0.9443,56.8,19.9,32.0,0.5395,0.1603,1,test
Road,Latin_America,Latin_America,1120.2,25.8,4.4,0.1705,Standard,0.9096,22.8,40.6,12.1,0.0562,0.4768,0,test
Ocean,Europe,Middle_East,9000.8,345.3,216.2,0.6261,Standard,0.99,21.4,28.2,30.6,0.3109,0.9502,1,test
Ocean,Europe,Latin_America,12493.3,435.4,187.5,0.4306,Standard,0.99,42.0,10.3,39.8,0.3693,0.4853,1,test
Ocean,Europe,Europe,9483.7,350.1,118.5,0.3385,Standard,0.7554,67.0,16.9,16.0,0.1183,0.9617,1,test
Ocean,East_Asia,Latin_America,12943.9,482.2,44.5,0.0923,Standard,0.9555,17.9,22.6,0.6,0.1717,0.7462,1,test
Road,Latin_America,Latin_America,1166.2,28.3,9.3,0.3286,Standard,0.7208,34.4,57.8,10.2,0.1396,0.9597,1,test
Road,Latin_America,Latin_America,1683.4,36.1,13.0,0.3601,Standard,0.7899,13.1,41.5,11.8,0.0923,0.5259,1,test
Air,Europe,North_America,5794.1,22.0,4.1,0.1864,Standard,0.7919,37.6,40.2,9.3,0.3714,0.874,1,test
Air,Southeast_Asia,Oceania,8444.7,27.9,8.6,0.3082,Standard,0.7838,32.4,16.5,3.4,0.298,0.3758,1,test
Ocean,Southeast_Asia,Europe,19551.0,677.4,344.7,0.5089,Urgent,0.8764,51.4,38.3,23.7,0.5272,0.9594,1,test
Rail,Europe,Europe,3313.5,95.8,57.3,0.5981,Standard,0.99,15.1,54.1,18.7,0.02,0.2791,0,test
Ocean,Southeast_Asia,North_America,12408.2,456.2,333.0,0.7299,High,0.99,11.1,35.9,25.6,0.1552,0.4742,1,test
Ocean,Southeast_Asia,Europe,13569.6,511.1,387.2,0.7576,Standard,0.7353,37.5,29.2,29.0,0.4299,0.8715,1,test
Air,Southeast_Asia,Latin_America,7325.8,39.6,32.7,0.8258,Standard,0.7288,55.5,38.4,40.6,0.5482,0.9517,1,test
Ocean,East_Asia,Latin_America,10569.2,397.2,98.0,0.2467,High,0.99,26.6,23.8,20.4,0.3072,0.5871,1,test
Rail,Europe,Europe,1188.2,48.7,42.9,0.8809,High,0.8409,14.0,34.2,16.0,0.1766,0.4342,0,test
Road,East_Asia,East_Asia,1395.7,27.2,10.3,0.3787,Standard,0.8436,18.4,26.8,17.0,0.0929,0.5344,0,test
Air,Latin_America,North_America,3843.4,31.7,2.0,0.0631,Standard,0.7379,20.7,90.9,21.3,0.2165,0.7971,1,test
Ocean,Southeast_Asia,Europe,17961.2,612.2,156.3,0.2553,Urgent,0.9827,41.0,11.4,3.5,0.3057,0.9757,1,test
Air,Latin_America,Middle_East,8449.8,39.0,21.8,0.559,Standard,0.73,46.9,39.1,15.6,0.4174,0.8396,1,test
Air,North_America,Europe,2264.4,16.8,13.6,0.8095,Standard,0.8156,45.7,16.6,25.2,0.148,0.8989,1,test
Ocean,Southeast_Asia,Middle_East,11250.4,389.9,176.4,0.4524,High,0.8167,16.7,67.1,18.1,0.05,0.3838,1,test
Ocean,East_Asia,Middle_East,7301.3,296.4,155.9,0.526,Standard,0.99,19.4,7.2,24.1,0.0844,0.0597,0,test
Ocean,Europe,Latin_America,19081.5,674.1,174.9,0.2595,Standard,0.99,29.8,24.2,28.8,0.5801,0.9233,1,test
Air,Southeast_Asia,North_America,10758.6,43.1,24.9,0.5777,Standard,0.8391,14.6,17.4,16.8,0.3388,0.9053,1,test
Air,Southeast_Asia,Middle_East,3423.5,28.9,20.5,0.7093,Standard,0.7783,14.9,18.3,58.3,0.429,0.6475,1,test
Rail,Europe,East_Asia,3576.0,92.5,69.6,0.7524,High,0.9265,50.5,13.3,5.6,0.5877,0.1722,1,test
Ocean,Southeast_Asia,Europe,13205.1,475.2,255.4,0.5375,Standard,0.9129,30.2,38.9,30.2,0.2177,0.6864,1,test
Air,Europe,East_Asia,5997.3,42.1,26.9,0.639,Standard,0.8201,32.7,49.3,32.4,0.4679,0.1544,1,test
Air,South_Asia,Middle_East,8238.8,39.4,21.6,0.5482,Standard,0.99,37.7,14.6,25.3,0.1042,0.8744,1,test
Ocean,East_Asia,Middle_East,10815.3,413.3,390.9,0.9458,Standard,0.7425,39.9,51.9,19.4,0.6299,0.8268,1,test
Road,Europe,Europe,1648.1,38.9,28.6,0.7352,Standard,0.8661,37.9,58.6,67.3,0.168,0.5023,1,test
Ocean,South_Asia,Oceania,9470.2,346.4,84.5,0.2439,Standard,0.9172,20.0,39.9,11.3,0.2165,0.2112,1,test
Ocean,Europe,Europe,10354.9,414.6,404.3,0.9752,Standard,0.6791,73.2,31.7,8.8,0.1023,0.6482,1,test
Ocean,East_Asia,Middle_East,9287.1,347.8,51.9,0.1492,Standard,0.78,40.9,38.7,40.2,0.5287,0.4407,1,test
Rail,North_America,East_Asia,3808.3,108.9,39.0,0.3581,Standard,0.7014,15.2,45.9,15.0,0.4471,0.5044,1,test
Road,Europe,Europe,480.5,15.7,4.6,0.293,Standard,0.7925,62.1,34.8,14.6,0.1246,0.7291,1,test
Road,North_America,North_America,817.8,16.2,12.8,0.7901,Standard,0.6064,28.6,38.1,8.1,0.0875,0.8989,1,test
Road,Latin_America,Latin_America,2400.4,41.1,32.9,0.8005,Standard,0.7592,13.6,18.2,25.5,0.1142,0.9169,1,test
Ocean,South_Asia,North_America,10804.0,394.0,236.7,0.6008,Standard,0.9064,15.2,28.9,18.5,0.4858,0.444,1,test
Ocean,South_Asia,North_America,8962.7,361.6,233.3,0.6452,High,0.99,25.6,24.9,22.5,0.5267,0.7068,1,test
Air,Latin_America,Oceania,10273.9,29.6,6.0,0.2027,High,0.99,28.5,76.4,11.6,0.2838,0.7576,1,test
Ocean,Europe,Latin_America,14322.1,497.9,252.7,0.5075,Standard,0.9396,13.0,52.7,8.9,0.4502,0.5781,1,test
Ocean,Southeast_Asia,Europe,7469.6,286.1,68.1,0.238,Standard,0.8387,27.9,44.4,9.4,0.5386,0.1875,1,test
Air,Latin_America,Middle_East,7817.2,46.3,34.1,0.7365,Standard,0.6766,46.1,31.4,4.9,0.3342,0.8028,1,test
Ocean,Southeast_Asia,North_America,12055.8,420.4,32.2,0.0766,Standard,0.8961,21.2,33.0,21.2,0.273,0.2775,1,test
Ocean,South_Asia,North_America,10347.2,414.3,53.6,0.1294,Urgent,0.7831,72.9,13.8,23.2,0.1798,0.5207,1,test
Ocean,East_Asia,Middle_East,14049.0,520.8,166.8,0.3203,Standard,0.9444,55.2,6.7,15.8,0.4054,0.0759,1,test
Rail,North_America,East_Asia,4145.4,122.1,70.2,0.5749,Standard,0.9533,10.3,32.9,11.5,0.3369,0.8093,1,test
Ocean,Europe,North_America,11401.0,451.6,276.7,0.6127,High,0.99,42.1,51.9,33.8,0.1982,0.944,1,test
Air,Europe,Oceania,6689.5,36.9,26.9,0.729,Urgent,0.9025,42.3,10.3,20.2,0.4374,0.8706,1,test
Ocean,Europe,North_America,12090.6,438.3,249.0,0.5681,Standard,0.6923,35.0,30.4,7.7,0.4715,0.8721,1,test
Ocean,South_Asia,Oceania,9412.6,352.4,22.9,0.065,Standard,0.99,5.1,28.1,17.0,0.5855,0.9011,1,test
Road,North_America,North_America,549.0,21.1,12.8,0.6066,Standard,0.8311,32.2,38.8,11.7,0.1226,0.864,1,test
Air,East_Asia,Latin_America,3866.6,38.4,22.8,0.5938,High,0.926,25.4,33.0,5.7,0.4189,0.9562,1,test
Road,North_America,North_America,779.1,26.6,3.7,0.1391,Standard,0.99,20.8,62.1,40.5,0.1203,0.8242,1,test
Air,South_Asia,Europe,11173.2,35.0,4.9,0.14,High,0.99,33.8,66.4,16.4,0.1656,0.8403,1,test
Road,East_Asia,East_Asia,1493.6,34.7,2.5,0.072,Standard,0.7827,53.6,33.1,40.8,0.0688,0.1532,1,test
Ocean,Southeast_Asia,Latin_America,16145.8,592.6,81.9,0.1382,Standard,0.8142,33.3,52.3,45.0,0.4821,0.7191,1,test
Rail,Europe,East_Asia,3550.2,109.4,79.1,0.723,Standard,0.8557,16.6,28.8,13.4,0.3043,0.5065,1,test
Road,East_Asia,East_Asia,942.7,19.5,13.4,0.6872,Urgent,0.8962,23.7,41.9,18.5,0.1865,0.8711,1,test
Ocean,Europe,Latin_America,12491.3,479.8,406.6,0.8474,High,0.9333,30.1,25.9,7.8,0.3682,0.2147,1,test
Rail,South_Asia,South_Asia,931.3,33.0,20.2,0.6121,Urgent,0.99,61.3,36.2,14.6,0.2992,0.7305,1,test
Rail,South_Asia,Europe,3620.1,109.0,68.0,0.6239,High,0.5661,9.7,13.4,64.3,0.4898,0.3891,1,test
Rail,East_Asia,East_Asia,3297.1,80.9,6.0,0.0742,High,0.979,66.6,29.6,23.3,0.1746,0.5548,1,test
Ocean,Southeast_Asia,Middle_East,10301.9,365.6,79.1,0.2164,High,0.8847,17.0,41.4,13.2,0.5154,0.7133,1,test
Air,Middle_East,North_America,6878.3,31.3,9.7,0.3099,Standard,0.7793,28.9,27.0,5.9,0.708,0.1233,1,test
Ocean,Southeast_Asia,Middle_East,12705.5,468.9,241.8,0.5157,High,0.8717,57.2,85.4,7.7,0.4616,0.2741,1,test
Rail,East_Asia,East_Asia,1768.8,67.8,52.1,0.7684,Standard,0.8145,99.9,22.4,9.6,0.1843,0.6713,1,test
Ocean,Europe,North_America,16969.3,566.6,376.4,0.6643,Urgent,0.9751,40.5,11.8,30.5,0.5127,0.7252,1,test
Ocean,East_Asia,Europe,13541.4,499.6,426.9,0.8545,Standard,0.7849,44.9,51.6,31.8,0.4425,0.5306,1,test
Road,North_America,North_America,1679.3,39.6,29.4,0.7424,Urgent,0.99,50.1,39.2,37.2,0.131,0.7935,1,test
Ocean,Southeast_Asia,Middle_East,9278.5,361.7,129.4,0.3578,Standard,0.8468,13.2,53.4,21.4,0.5265,0.8199,1,test
Air,South_Asia,Latin_America,5133.7,37.6,14.3,0.3803,Standard,0.99,50.5,23.4,15.0,0.6293,0.7633,1,test
Ocean,South_Asia,Europe,13126.0,446.6,271.9,0.6088,Standard,0.6625,27.3,12.9,28.3,0.6054,0.3048,1,test
Ocean,South_Asia,Latin_America,13201.6,491.7,29.2,0.0594,Standard,0.99,40.1,100.0,17.3,0.5964,0.9349,1,test
Ocean,South_Asia,North_America,8500.7,329.6,138.8,0.4211,High,0.7062,55.5,47.7,5.1,0.4834,0.3295,1,test
Rail,Europe,Europe,4796.8,138.2,98.7,0.7142,Standard,0.7872,30.6,25.2,37.9,0.02,0.2286,1,test
Ocean,Southeast_Asia,Middle_East,8164.1,345.6,238.1,0.6889,High,0.9618,47.6,61.2,55.5,0.2013,0.6621,1,test
Road,Latin_America,Europe,575.1,20.7,14.7,0.7101,High,0.9059,38.6,25.0,68.1,0.6126,0.2047,1,test
Air,Middle_East,Europe,8149.4,29.9,15.4,0.5151,Urgent,0.7626,43.7,30.3,11.9,0.4313,0.7603,1,test
Air,South_Asia,North_America,9796.0,46.0,36.8,0.8,High,0.7184,29.1,13.3,26.0,0.4237,0.9477,1,test
Road,Europe,Europe,150.0,11.2,4.0,0.3571,Standard,0.8282,58.4,19.5,15.6,0.2138,0.5,1,test
Road,Europe,Europe,726.6,15.1,11.8,0.7815,Standard,0.9258,16.7,45.0,33.9,0.1715,0.9393,1,test
Road,Europe,Latin_America,664.1,15.2,2.0,0.1316,Standard,0.935,34.5,27.6,2.9,0.3544,0.0639,0,test
Ocean,East_Asia,Latin_America,8227.6,296.5,172.9,0.5831,Standard,0.9199,22.2,29.0,56.6,0.2566,0.2442,1,test
Air,Southeast_Asia,East_Asia,6634.4,21.1,8.1,0.3839,High,0.99,83.0,70.3,16.0,0.6417,0.5797,1,test
Ocean,South_Asia,Latin_America,6358.5,239.8,52.2,0.2177,High,0.6507,28.6,77.3,27.3,0.2458,0.7231,1,test
Ocean,East_Asia,Middle_East,9711.4,351.0,250.9,0.7148,Standard,0.9146,24.3,22.5,59.5,0.2826,0.1229,1,test
Air,North_America,Latin_America,4641.4,36.0,16.9,0.4694,Standard,0.7962,36.6,23.0,9.8,0.197,0.6648,1,test
Ocean,Southeast_Asia,Oceania,9371.5,370.2,326.9,0.883,Standard,0.8788,41.6,31.8,46.8,0.3053,0.3417,1,test
Air,Europe,Oceania,8222.6,42.6,19.5,0.4577,Standard,0.99,22.5,17.3,15.1,0.4132,0.7813,1,test
Road,Europe,Latin_America,1637.0,38.2,25.8,0.6754,Urgent,0.6847,42.8,41.7,5.9,0.3593,0.6491,1,test
Road,East_Asia,East_Asia,417.0,17.8,17.2,0.9663,Standard,0.99,11.0,67.4,16.4,0.1079,0.3491,0,test
Rail,Europe,Europe,1591.4,63.9,33.9,0.5305,High,0.9693,9.6,29.9,60.3,0.0469,0.1007,1,test
Road,Latin_America,Europe,576.1,21.6,6.1,0.2824,High,0.8021,19.3,47.7,15.2,0.7417,0.0982,1,test
Ocean,South_Asia,Latin_America,10799.9,420.6,255.9,0.6084,High,0.9514,31.6,67.1,13.9,0.2291,0.6433,1,test
Road,Europe,Europe,924.0,29.2,14.0,0.4795,Standard,0.8359,25.6,45.9,49.3,0.0721,0.1369,1,test
Ocean,Southeast_Asia,North_America,9817.9,375.5,185.1,0.4929,High,0.7874,11.5,24.0,11.2,0.4267,0.3163,1,test
Ocean,East_Asia,North_America,9877.4,395.6,160.1,0.4047,Standard,0.99,55.4,94.9,9.5,0.5224,0.36,1,test
Air,North_America,Latin_America,9001.6,43.9,34.6,0.7882,Standard,0.8264,42.8,73.3,23.1,0.311,0.8381,1,test
Ocean,South_Asia,Europe,14790.9,502.8,270.9,0.5388,Standard,0.7791,53.4,42.6,14.0,0.3143,0.2934,1,test
Ocean,East_Asia,Middle_East,8365.3,300.3,204.8,0.682,Standard,0.7283,44.6,1.6,25.6,0.05,0.8674,1,test
Ocean,Europe,Latin_America,10248.1,371.2,107.2,0.2888,Standard,0.99,26.6,14.1,12.5,0.2185,0.7016,0,test
Ocean,Europe,Oceania,15509.4,556.7,543.1,0.9756,Standard,0.99,50.1,30.5,17.6,0.1299,0.3938,1,test
Ocean,East_Asia,Europe,12535.4,440.4,200.3,0.4548,Standard,0.9091,47.9,23.9,12.2,0.5216,0.1269,1,test
Road,Europe,Europe,418.1,10.2,2.3,0.2255,Standard,0.9444,67.3,37.3,32.2,0.1359,0.6692,1,test
Ocean,Southeast_Asia,Middle_East,11731.1,442.4,369.3,0.8348,Standard,0.99,8.6,23.4,25.4,0.437,0.257,1,test
Road,East_Asia,North_America,475.1,12.0,5.9,0.4917,Standard,0.8218,36.6,26.6,11.5,0.4669,0.322,1,test
Ocean,South_Asia,Middle_East,10333.8,365.0,313.4,0.8586,High,0.7188,6.9,11.6,29.2,0.337,0.6981,1,test
Ocean,Europe,Middle_East,11200.3,423.0,207.4,0.4903,High,0.9162,40.6,61.4,18.5,0.5127,0.5757,1,test
Road,East_Asia,East_Asia,1176.5,21.0,13.1,0.6238,High,0.9282,9.8,57.3,22.4,0.1574,0.6563,1,test
Ocean,East_Asia,Latin_America,10011.5,368.8,343.4,0.9311,Urgent,0.7661,16.7,78.9,4.5,0.4042,0.5155,1,test
Air,Southeast_Asia,East_Asia,5041.1,40.2,35.2,0.8756,Standard,0.99,41.6,6.0,14.7,0.3066,0.0677,0,test
Road,North_America,Europe,1839.4,35.8,1.9,0.0531,Standard,0.5322,48.2,41.0,62.8,0.659,0.8931,1,test
Road,Europe,Latin_America,1532.9,36.8,14.1,0.3832,High,0.7529,62.6,11.3,9.7,0.2773,0.4025,1,test
Ocean,South_Asia,North_America,10250.1,406.2,239.1,0.5886,High,0.99,20.2,41.8,23.6,0.3496,0.8158,1,test
Ocean,Europe,North_America,10014.8,351.5,99.0,0.2817,High,0.9631,12.9,22.6,24.9,0.05,0.4403,0,test
Rail,South_Asia,North_America,2304.9,78.2,12.0,0.1535,High,0.8163,32.6,48.8,42.1,0.3346,0.7917,1,test
Ocean,Southeast_Asia,Middle_East,6850.3,267.5,178.4,0.6669,Standard,0.9708,54.8,30.0,22.3,0.2732,0.8292,1,test
Ocean,South_Asia,North_America,15685.7,574.1,420.9,0.7331,High,0.99,51.9,6.9,12.2,0.2632,0.2729,1,test
Ocean,Europe,Oceania,8748.0,311.8,160.5,0.5148,Standard,0.8942,9.0,25.4,34.1,0.4826,0.3819,1,test
Rail,South_Asia,Europe,5564.8,138.0,11.7,0.0848,Standard,0.9043,19.0,48.4,33.8,0.5258,0.1485,1,test
Road,East_Asia,East_Asia,545.4,20.3,14.8,0.7291,Standard,0.9298,21.0,41.4,39.9,0.1258,0.3104,1,test
Rail,North_America,North_America,4914.4,118.4,88.5,0.7475,High,0.8794,26.5,16.3,35.8,0.157,0.4059,1,test
Ocean,Southeast_Asia,North_America,4246.4,183.3,179.1,0.9771,Standard,0.6285,17.3,100.0,14.1,0.5114,0.218,1,test
Ocean,South_Asia,Oceania,14266.6,482.5,24.2,0.0502,Standard,0.99,36.8,47.7,36.8,0.4558,0.4758,1,test
Ocean,South_Asia,Latin_America,9581.3,386.6,302.8,0.7832,Urgent,0.8314,45.3,5.8,11.9,0.6099,0.976,1,test
Ocean,South_Asia,Europe,3923.1,213.6,84.5,0.3956,Standard,0.99,28.0,55.9,26.9,0.8947,0.7561,1,test
Ocean,Europe,Middle_East,16208.3,594.8,520.0,0.8742,Standard,0.7429,33.0,18.1,27.2,0.4526,0.2503,1,test
Ocean,Europe,Latin_America,9213.7,379.9,230.4,0.6065,Standard,0.6487,42.2,22.1,33.6,0.4893,0.1449,1,test
Air,Southeast_Asia,Latin_America,6763.4,32.6,18.7,0.5736,High,0.835,23.1,28.8,25.0,0.5114,0.7709,1,test
Road,East_Asia,East_Asia,959.7,24.2,12.5,0.5165,Standard,0.7574,55.8,11.2,19.8,0.0956,0.1874,0,test
Air,Latin_America,East_Asia,4195.6,39.8,16.3,0.4095,Standard,0.9579,64.7,19.7,34.8,0.5127,0.9328,1,test
Road,East_Asia,Europe,1009.7,24.3,16.1,0.6626,Standard,0.9255,81.5,25.7,23.6,0.5162,0.152,1,test
Rail,East_Asia,East_Asia,2114.0,70.1,4.2,0.0599,Standard,0.9507,11.9,31.5,11.7,0.0483,0.4848,0,test
Ocean,Europe,Europe,11144.5,405.7,339.7,0.8373,Standard,0.906,26.9,32.9,16.1,0.1791,0.684,1,test
Air,Latin_America,Oceania,4040.5,34.2,16.5,0.4825,Standard,0.9727,74.8,38.3,45.3,0.4031,0.9705,1,test
Ocean,Europe,Latin_America,8745.7,313.3,67.5,0.2154,Standard,0.99,37.9,25.7,32.8,0.3343,0.7669,1,test
Rail,East_Asia,North_America,4770.2,118.5,82.5,0.6962,Standard,0.8419,50.6,4.1,33.4,0.5444,0.3544,1,test
Ocean,Europe,North_America,13604.7,478.4,95.6,0.1998,Standard,0.7144,25.6,10.9,3.7,0.3943,0.0857,1,test
Air,Southeast_Asia,Oceania,8956.3,38.8,14.7,0.3789,Standard,0.8851,29.9,18.4,33.3,0.2667,0.1496,1,test
Ocean,East_Asia,Middle_East,3500.0,192.4,135.9,0.7063,Standard,0.9085,71.3,15.3,25.5,0.822,0.7781,1,test
Ocean,Europe,Europe,13092.2,497.0,461.3,0.9282,Standard,0.9109,42.5,13.1,10.2,0.0745,0.2527,1,test
Road,Latin_America,North_America,1531.3,27.9,22.4,0.8029,Urgent,0.8496,34.4,22.4,6.6,0.5581,0.3226,0,test
Air,North_America,Europe,7430.0,23.3,9.9,0.4249,Standard,0.729,55.9,54.6,13.0,0.482,0.2719,1,test
Ocean,South_Asia,North_America,9992.6,377.9,205.4,0.5435,Standard,0.7808,40.7,16.8,50.8,0.3769,0.9431,1,test
Road,Latin_America,Latin_America,692.9,15.2,8.4,0.5526,Urgent,0.981,41.5,10.3,13.2,0.1164,0.3804,0,test
Ocean,East_Asia,Europe,10937.2,413.3,391.9,0.9482,High,0.7737,64.9,28.6,44.6,0.5546,0.8884,1,test
Ocean,East_Asia,Latin_America,8665.2,336.2,155.4,0.4622,Standard,0.99,7.5,36.4,23.6,0.448,0.4261,1,test
Ocean,East_Asia,Middle_East,14492.2,510.7,52.6,0.103,Standard,0.9097,33.7,19.5,12.7,0.5532,0.8192,1,test
Rail,South_Asia,South_Asia,7085.2,171.4,103.7,0.605,Standard,0.9021,44.4,20.1,55.4,0.0914,0.7131,1,test
Rail,Europe,Europe,3141.1,80.9,35.3,0.4363,Standard,0.7783,28.9,12.2,26.7,0.0583,0.4523,1,test
Road,North_America,Europe,741.5,22.0,18.4,0.8364,Standard,0.687,6.1,36.7,80.1,0.3599,0.926,1,test
Road,East_Asia,East_Asia,1363.6,29.5,17.4,0.5898,High,0.9187,18.0,33.8,56.0,0.0728,0.7533,1,test
Air,North_America,Middle_East,5545.6,38.5,8.9,0.2312,Standard,0.9718,47.5,36.1,47.0,0.4517,0.702,1,test
Ocean,Europe,Middle_East,14912.0,513.1,385.3,0.7509,Standard,0.99,18.6,21.2,15.0,0.3626,0.5164,1,test
Ocean,East_Asia,Middle_East,7746.9,305.2,146.8,0.481,High,0.99,12.8,24.9,33.9,0.4833,0.7114,1,test
Ocean,East_Asia,Europe,15404.4,533.7,462.1,0.8658,Standard,0.6897,16.4,54.5,27.4,0.373,0.4323,1,test
Ocean,Southeast_Asia,Middle_East,11354.2,438.7,143.5,0.3271,Standard,0.7018,5.9,20.9,15.4,0.5552,0.1211,1,test
Rail,North_America,Europe,3446.5,86.5,10.7,0.1237,Standard,0.918,14.6,32.8,7.7,0.3297,0.7183,0,test
Rail,South_Asia,South_Asia,1385.7,67.3,64.6,0.9599,High,0.9613,31.2,29.1,40.3,0.0353,0.3734,1,test
Road,Latin_America,Latin_America,2668.1,49.5,30.7,0.6202,Standard,0.606,33.2,39.2,19.4,0.0458,0.4913,1,test
Air,Europe,Oceania,5316.5,37.2,28.6,0.7688,Standard,0.99,25.0,86.9,61.3,0.3322,0.2352,1,test
Rail,North_America,North_America,5273.5,151.9,123.7,0.8144,High,0.9832,47.6,31.4,36.0,0.1431,0.7567,1,test
Rail,South_Asia,South_Asia,3782.2,123.5,32.4,0.2623,High,0.99,26.0,48.2,3.7,0.119,0.3706,0,test
Road,North_America,Latin_America,1672.5,32.6,19.2,0.589,Standard,0.9691,50.6,40.9,18.2,0.05,0.3702,1,test
Air,Europe,Latin_America,5997.5,31.0,9.5,0.3065,High,0.7977,19.5,22.3,4.3,0.25,0.7373,1,test
Road,Europe,Europe,596.2,15.0,4.3,0.2867,Standard,0.8416,16.8,11.5,38.9,0.1103,0.0906,0,test
Air,Europe,North_America,10419.6,28.1,18.9,0.6726,Standard,0.8351,14.3,38.8,30.8,0.05,0.7799,1,test
Ocean,East_Asia,North_America,12136.3,428.7,232.8,0.543,High,0.9739,6.7,40.0,62.3,0.5179,0.4852,1,test
Road,East_Asia,East_Asia,1592.8,38.2,13.8,0.3613,Standard,0.721,20.4,29.6,3.1,0.2003,0.9066,1,test
Air,East_Asia,Middle_East,8377.9,37.5,18.5,0.4933,High,0.7316,59.6,31.9,13.8,0.1542,0.9299,1,test
Ocean,Europe,Middle_East,22000.0,776.4,623.9,0.8036,Standard,0.9183,13.4,46.7,5.5,0.5779,0.8442,1,test
Road,North_America,Europe,1437.9,34.3,27.6,0.8047,Standard,0.8869,32.2,66.0,26.6,0.2649,0.1873,1,test
Rail,North_America,North_America,2658.2,66.7,25.3,0.3793,Standard,0.8067,100.0,28.8,18.7,0.0583,0.9281,1,test
Ocean,Southeast_Asia,Europe,6000.1,278.2,81.2,0.2919,Standard,0.9599,27.0,18.8,21.0,0.242,0.5963,0,test
Rail,North_America,North_America,2589.9,87.0,77.6,0.892,Standard,0.9261,57.4,10.1,39.3,0.0559,0.7016,1,test
Road,Latin_America,North_America,1704.8,38.1,34.0,0.8924,High,0.8488,35.3,35.0,11.6,0.2857,0.9058,1,test
Ocean,East_Asia,Latin_America,11069.3,400.3,252.6,0.631,Standard,0.7645,35.5,33.2,46.7,0.5679,0.7673,1,test
Air,North_America,East_Asia,5428.5,41.6,5.8,0.1394,Standard,0.7591,20.0,56.7,15.6,0.298,0.977,1,test
Ocean,Southeast_Asia,Europe,12816.4,485.1,110.8,0.2284,Urgent,0.99,46.2,12.5,15.2,0.4216,0.2975,1,test
Ocean,East_Asia,Europe,9041.7,360.3,212.3,0.5892,Standard,0.9019,18.6,43.7,16.4,0.7624,0.8776,1,test
Ocean,South_Asia,Oceania,10031.0,357.1,118.7,0.3324,Urgent,0.9203,61.3,67.2,21.2,0.2007,0.2351,1,test
Rail,Europe,North_America,4038.1,93.5,73.9,0.7904,Standard,0.8904,29.3,23.4,8.5,0.4896,0.3477,1,test
Ocean,Southeast_Asia,Middle_East,10911.2,436.7,145.9,0.3341,Standard,0.705,20.9,46.8,15.0,0.317,0.5058,1,test
Rail,East_Asia,East_Asia,5008.3,144.1,84.8,0.5885,Standard,0.8411,36.5,20.4,8.7,0.1276,0.0905,0,test
Ocean,Europe,Latin_America,15910.6,561.7,329.4,0.5864,Standard,0.7684,32.1,23.7,35.7,0.4986,0.073,1,test
Road,North_America,Europe,774.6,26.6,10.4,0.391,Standard,0.99,62.9,9.6,84.0,0.3209,0.924,1,test
Ocean,East_Asia,Oceania,14384.4,502.6,441.6,0.8786,Standard,0.7497,23.1,45.2,38.9,0.5705,0.4576,1,test
Ocean,East_Asia,Middle_East,12264.1,440.2,100.8,0.229,Standard,0.99,27.7,68.8,55.9,0.5071,0.8728,1,test
Road,Latin_America,Latin_America,1835.7,32.0,9.7,0.3031,Standard,0.8187,15.8,12.1,27.6,0.1167,0.2416,0,test
Ocean,South_Asia,Latin_America,11659.0,453.0,191.4,0.4225,High,0.9145,56.1,52.1,15.2,0.6418,0.4047,1,test
Rail,Europe,Europe,4082.1,129.6,10.4,0.0802,Standard,0.7459,73.7,19.8,45.1,0.1271,0.9175,1,test
Road,East_Asia,East_Asia,1203.2,28.9,18.2,0.6298,Standard,0.819,38.5,28.7,39.5,0.2424,0.1107,1,test
Rail,East_Asia,East_Asia,4835.8,130.8,69.6,0.5321,High,0.8721,8.2,32.9,15.5,0.1992,0.2139,0,test
Air,North_America,Latin_America,6981.3,39.6,16.4,0.4141,Standard,0.9421,50.3,58.2,14.1,0.4684,0.7035,1,test
Ocean,Southeast_Asia,Oceania,7051.0,296.9,146.2,0.4924,High,0.9562,28.5,27.5,25.0,0.551,0.1784,1,test
Rail,Europe,North_America,5274.1,129.2,67.0,0.5186,Standard,0.9599,53.3,50.9,7.6,0.3136,0.0635,1,test
Rail,East_Asia,East_Asia,2797.0,71.0,59.2,0.8338,High,0.9421,15.2,32.1,35.3,0.1499,0.0535,0,test
Road,North_America,North_America,1953.2,39.7,20.0,0.5038,Urgent,0.99,29.4,14.7,10.7,0.1661,0.4105,0,test
Ocean,South_Asia,Oceania,11386.9,416.2,196.4,0.4719,High,0.99,17.0,33.8,11.3,0.1941,0.3712,1,test
Ocean,Europe,North_America,8358.4,321.8,24.7,0.0768,Standard,0.7005,29.9,32.1,23.0,0.7402,0.1118,1,test
Air,North_America,Europe,7442.1,26.9,17.7,0.658,Standard,0.8794,19.8,19.9,5.9,0.3761,0.6573,1,test
Ocean,East_Asia,Latin_America,8831.8,327.8,258.4,0.7883,Standard,0.99,61.2,48.2,68.1,0.4652,0.0525,1,test
Air,North_America,Europe,4661.4,37.3,22.0,0.5898,Standard,0.9036,4.7,31.8,44.9,0.5132,0.1935,1,test
Ocean,East_Asia,Middle_East,10942.5,433.2,277.7,0.641,Standard,0.7823,29.3,34.7,10.1,0.6846,0.5278,1,test
Air,Middle_East,Latin_America,4387.8,18.0,4.2,0.2333,Standard,0.9297,61.9,38.1,6.2,0.1699,0.5521,1,test
Air,North_America,Oceania,9813.4,26.1,18.6,0.7126,Standard,0.9069,18.5,51.5,14.9,0.2241,0.8149,1,test
Road,East_Asia,Latin_America,1079.1,23.3,20.9,0.897,High,0.8648,26.3,34.3,16.9,0.3064,0.1029,1,test
Ocean,Europe,Latin_America,14655.3,511.7,124.9,0.2441,Standard,0.8656,67.6,1.9,8.5,0.2599,0.8006,1,test
Ocean,South_Asia,Europe,17651.2,615.0,56.3,0.0915,Standard,0.6935,70.7,19.9,47.4,0.1351,0.5932,1,test
Air,North_America,Middle_East,6256.0,32.9,24.4,0.7416,High,0.7684,18.0,44.5,8.5,0.428,0.0883,1,test
Road,Europe,Europe,1187.3,29.2,17.1,0.5856,Standard,0.9766,30.8,18.8,37.9,0.147,0.8141,1,test
Rail,Europe,Europe,5333.7,138.6,84.9,0.6126,High,0.8827,38.9,19.4,3.6,0.238,0.2268,1,test
Ocean,Europe,Oceania,14521.7,513.7,29.4,0.0572,Standard,0.99,42.9,68.4,30.3,0.6899,0.4993,1,test
Rail,East_Asia,East_Asia,2729.1,101.8,83.7,0.8222,Standard,0.7551,46.3,18.7,26.3,0.088,0.306,1,test
Rail,North_America,Europe,1979.8,62.7,49.1,0.7831,Standard,0.99,22.6,78.5,70.0,0.485,0.8772,1,test
Ocean,Europe,Middle_East,17385.7,629.4,474.1,0.7533,Urgent,0.99,33.7,31.4,15.0,0.4853,0.8639,1,test
Air,Europe,Latin_America,4212.9,28.8,25.4,0.8819,Standard,0.7393,3.4,9.4,62.0,0.7036,0.26,1,test
Road,Latin_America,Latin_America,572.7,14.1,3.2,0.227,High,0.9062,30.0,17.4,18.1,0.02,0.9765,1,test
Air,East_Asia,Oceania,8626.2,44.8,23.5,0.5246,Standard,0.99,50.5,19.3,28.9,0.2157,0.0937,1,test
Air,Europe,Middle_East,6815.4,40.6,35.7,0.8793,Urgent,0.7645,59.4,55.6,18.2,0.5394,0.9684,1,test
Air,East_Asia,Middle_East,6220.9,24.7,9.1,0.3684,Standard,0.7705,38.9,50.9,2.0,0.7361,0.2557,1,test
Ocean,South_Asia,Europe,18332.1,612.9,513.7,0.8381,High,0.7988,21.1,8.2,24.9,0.4031,0.0683,1,test
Ocean,Southeast_Asia,Europe,6536.5,294.9,149.3,0.5063,Standard,0.7501,42.4,27.1,16.7,0.6467,0.6911,1,test
Ocean,Southeast_Asia,Middle_East,14900.2,535.2,109.8,0.2052,Urgent,0.5602,47.5,46.3,38.2,0.4923,0.7676,1,test
Road,North_America,North_America,1438.1,28.4,11.1,0.3908,Urgent,0.99,46.3,26.5,9.8,0.1921,0.8164,1,test
Ocean,East_Asia,Middle_East,8375.1,311.0,177.4,0.5704,High,0.7994,90.6,33.6,77.8,0.3329,0.2783,1,test
Road,East_Asia,East_Asia,445.5,10.4,9.6,0.9231,Standard,0.6751,50.3,25.7,5.7,0.1242,0.6697,1,test
Ocean,East_Asia,North_America,10402.0,390.8,333.1,0.8524,Standard,0.99,9.1,18.5,6.5,0.2592,0.0742,0,test
Road,Latin_America,Latin_America,1613.1,30.2,5.4,0.1788,Standard,0.664,11.8,5.4,6.0,0.1089,0.2091,0,test
Ocean,Europe,Oceania,13465.3,472.1,395.4,0.8375,Standard,0.7404,56.9,40.0,25.9,0.4321,0.223,1,test
Rail,Europe,North_America,4236.7,112.3,98.3,0.8753,High,0.7728,34.3,12.4,20.6,0.2315,0.3411,1,test
Rail,East_Asia,East_Asia,2785.9,98.6,39.9,0.4047,Standard,0.9391,26.0,30.1,24.5,0.0924,0.6048,1,test
Road,Latin_America,Latin_America,440.3,16.3,10.5,0.6442,Standard,0.8354,47.9,26.0,33.5,0.1623,0.569,1,test
Road,North_America,Latin_America,1583.3,33.2,26.2,0.7892,Standard,0.8515,74.1,46.2,20.6,0.3645,0.8435,1,test
Road,East_Asia,North_America,1521.8,33.6,27.4,0.8155,Standard,0.6631,9.3,23.5,20.4,0.6689,0.1015,1,test
Air,East_Asia,North_America,4686.0,40.5,17.5,0.4321,Standard,0.99,42.5,48.9,15.1,0.2584,0.6505,1,test
Rail,East_Asia,East_Asia,3497.9,103.5,32.6,0.315,High,0.8724,73.5,27.6,19.5,0.1021,0.2197,1,test
Air,Middle_East,East_Asia,5620.1,31.0,13.2,0.4258,Standard,0.6705,57.4,34.9,51.6,0.7383,0.643,1,test
Ocean,South_Asia,Oceania,7148.1,276.9,173.9,0.628,High,0.99,37.1,24.2,60.1,0.5486,0.875,1,test
Ocean,Southeast_Asia,Oceania,15799.9,584.9,58.3,0.0997,Standard,0.9395,20.9,34.7,20.0,0.1933,0.0947,1,test
Ocean,Southeast_Asia,Oceania,11063.3,403.8,363.0,0.899,Standard,0.6821,31.6,26.4,31.7,0.8269,0.1098,1,test
Rail,North_America,North_America,1595.8,57.7,39.2,0.6794,Standard,0.9414,8.7,52.7,13.2,0.0619,0.4175,0,test
Ocean,East_Asia,Latin_America,8962.3,357.1,310.9,0.8706,Standard,0.8261,39.3,21.5,18.8,0.3881,0.2664,1,test
Road,Latin_America,Latin_America,1478.4,34.6,9.7,0.2803,Standard,0.9156,31.8,47.0,20.0,0.0702,0.148,1,test
Air,Latin_America,Middle_East,6485.4,37.3,19.1,0.5121,Urgent,0.99,31.8,43.2,31.0,0.6821,0.5925,1,test
Air,Europe,Middle_East,12593.0,37.0,12.5,0.3378,Standard,0.876,23.5,65.0,20.5,0.7542,0.8312,1,test
Ocean,South_Asia,Europe,5844.5,236.8,158.5,0.6693,Urgent,0.9188,47.3,88.4,26.8,0.4205,0.5347,1,test
Ocean,South_Asia,Middle_East,11142.7,428.2,272.6,0.6366,Standard,0.8415,30.3,22.9,23.1,0.3991,0.118,1,test
Air,South_Asia,East_Asia,8733.0,40.3,15.0,0.3722,Standard,0.8113,24.4,48.9,32.8,0.5817,0.5352,1,test
Road,East_Asia,Latin_America,2640.1,49.4,23.1,0.4676,High,0.99,27.0,63.4,13.0,0.0593,0.1015,1,test
Air,Latin_America,Europe,9428.6,29.0,25.4,0.8759,Standard,0.9314,56.5,34.7,21.0,0.3289,0.5007,1,test
Ocean,Southeast_Asia,Latin_America,16946.9,586.4,67.6,0.1153,High,0.8772,38.7,48.3,14.0,0.3756,0.3683,1,test
Road,Europe,Europe,150.0,12.4,8.7,0.7016,Standard,0.99,63.5,33.4,20.3,0.0917,0.9702,1,test
Road,East_Asia,North_America,551.9,21.0,20.4,0.9714,Standard,0.7597,30.4,45.8,26.6,0.3338,0.5449,1,test
Rail,South_Asia,East_Asia,5231.1,144.9,48.2,0.3326,Standard,0.7973,24.7,27.6,12.1,0.4927,0.6541,1,test
Rail,East_Asia,East_Asia,3113.7,98.2,73.6,0.7495,Standard,0.7153,47.2,31.4,17.0,0.02,0.3199,1,test
Air,Middle_East,Latin_America,12358.0,51.2,12.4,0.2422,Standard,0.8583,35.5,22.8,82.8,0.3282,0.1918,1,test
Air,North_America,Oceania,7322.2,32.1,17.7,0.5514,Standard,0.8094,12.0,34.2,37.3,0.3725,0.1716,1,test
Rail,North_America,Europe,1664.1,69.1,6.0,0.0868,High,0.6844,34.4,64.5,11.8,0.311,0.1519,1,test
Road,Europe,Europe,1123.5,20.2,15.8,0.7822,Standard,0.8969,46.9,21.7,23.1,0.2447,0.1585,1,test
Air,North_America,Middle_East,9495.6,31.8,9.7,0.305,Standard,0.8467,31.8,39.7,23.1,0.2354,0.7788,1,test
Road,Europe,Europe,1422.6,29.3,20.9,0.7133,Urgent,0.9016,60.2,40.1,20.9,0.1675,0.499,1,test
Air,Europe,Middle_East,11043.8,48.0,30.2,0.6292,Standard,0.8916,30.8,20.6,25.2,0.2419,0.6155,1,test
Rail,North_America,North_America,2746.2,89.6,75.6,0.8438,Urgent,0.99,40.0,30.6,26.8,0.1002,0.1227,1,test
Road,Latin_America,Latin_America,2163.2,43.7,39.9,0.913,High,0.6787,28.7,30.6,9.3,0.1483,0.9569,1,test
Rail,South_Asia,East_Asia,6121.8,156.4,42.6,0.2724,Standard,0.99,39.4,13.0,10.0,0.1342,0.5233,1,test
Air,South_Asia,Middle_East,6594.0,26.9,25.5,0.948,Standard,0.7391,48.5,22.7,41.8,0.3621,0.1993,1,test
Ocean,Europe,Europe,11536.4,420.9,72.4,0.172,Standard,0.5918,28.1,11.2,44.7,0.0233,0.3439,1,test
Ocean,Europe,Middle_East,12601.1,458.4,120.2,0.2622,Standard,0.7161,29.1,18.8,30.5,0.4393,0.419,1,test
Ocean,South_Asia,North_America,10693.0,381.4,340.7,0.8933,Standard,0.8106,14.8,86.2,47.3,0.3863,0.5181,1,test
Rail,East_Asia,East_Asia,3166.5,97.7,30.3,0.3101,Standard,0.735,37.1,12.5,57.1,0.1278,0.553,1,test
Road,East_Asia,East_Asia,1348.4,31.4,21.2,0.6752,High,0.9834,34.4,25.0,20.9,0.0605,0.6553,0,test
Road,East_Asia,East_Asia,735.0,16.7,8.3,0.497,Urgent,0.7134,58.1,23.0,22.0,0.1568,0.3946,1,test
Road,Latin_America,Latin_America,1039.3,26.9,5.2,0.1933,Standard,0.7627,32.2,33.4,5.1,0.1052,0.6051,1,test
Road,Europe,Europe,705.5,20.0,11.1,0.555,Standard,0.4979,29.3,9.4,31.2,0.1649,0.4404,1,test
Air,Europe,Latin_America,6315.6,30.3,15.0,0.495,Standard,0.9627,25.1,7.3,55.6,0.4728,0.8126,1,test
Ocean,South_Asia,Oceania,9213.1,340.7,301.1,0.8838,Standard,0.9382,66.6,11.2,25.2,0.2597,0.9142,1,test
Road,North_America,North_America,1070.6,30.5,12.6,0.4131,Standard,0.816,57.2,15.2,20.5,0.1643,0.8599,1,test
Air,Europe,North_America,7147.9,38.2,34.4,0.9005,Standard,0.8064,27.3,16.1,47.1,0.4597,0.4965,1,test
Road,Europe,Europe,1469.0,31.0,2.5,0.0806,Standard,0.6292,31.0,26.2,35.9,0.0975,0.3612,1,test
Ocean,Europe,Middle_East,13342.3,485.6,288.1,0.5933,High,0.6467,22.6,26.4,41.5,0.4947,0.8024,1,test
Ocean,South_Asia,Latin_America,15354.4,538.0,478.5,0.8894,High,0.8797,25.9,29.8,14.6,0.6866,0.111,1,test
Ocean,East_Asia,Europe,10763.2,399.3,129.1,0.3233,High,0.8826,32.1,14.1,31.3,0.8794,0.9599,1,test
Ocean,Europe,Oceania,14252.4,514.8,119.4,0.2319,Standard,0.9769,50.3,57.8,29.1,0.4542,0.9426,1,test
Rail,Europe,Europe,3423.4,100.8,73.8,0.7321,Standard,0.8687,17.1,10.8,14.6,0.0962,0.1051,0,test
Ocean,Europe,Latin_America,14016.8,526.6,329.3,0.6253,Standard,0.782,15.7,23.5,47.2,0.5487,0.1105,1,test
Road,Latin_America,Europe,1250.2,29.1,5.0,0.1718,Standard,0.8243,59.7,3.3,33.2,0.4493,0.3273,1,test
Road,Latin_America,Latin_America,311.1,10.8,9.1,0.8426,Standard,0.99,63.5,81.6,13.2,0.1515,0.3534,1,test
Rail,North_America,Europe,3049.5,92.7,23.7,0.2557,Standard,0.9184,32.0,28.4,24.9,0.5837,0.8828,1,test
Road,North_America,North_America,1860.1,30.9,25.3,0.8188,Standard,0.9316,26.0,44.2,24.9,0.2269,0.0592,0,test
Ocean,Europe,Latin_America,11878.8,437.4,279.8,0.6397,Standard,0.9495,26.0,28.3,8.8,0.1259,0.8673,1,test
Road,North_America,North_America,769.6,16.5,6.3,0.3818,High,0.8095,58.9,55.1,33.7,0.0834,0.6608,1,test
Ocean,South_Asia,Oceania,17831.7,602.5,122.9,0.204,High,0.8076,31.1,13.8,32.1,0.5963,0.7949,1,test
Road,North_America,North_America,1204.7,24.3,2.1,0.0864,Standard,0.6159,25.6,19.6,10.4,0.2022,0.335,1,test
Ocean,East_Asia,Oceania,8408.4,303.0,37.2,0.1228,High,0.9013,24.6,21.0,19.3,0.7989,0.2838,1,test
Road,North_America,North_America,246.3,7.7,7.0,0.9091,Standard,0.9711,28.4,27.0,40.0,0.1997,0.381,0,test
Ocean,South_Asia,Oceania,10476.0,370.9,115.0,0.3101,Standard,0.8374,63.1,28.6,33.2,0.2205,0.3236,1,test
Road,East_Asia,Europe,660.6,15.8,3.8,0.2405,Urgent,0.6972,32.7,20.9,14.3,0.05,0.8683,1,test
Rail,East_Asia,Europe,3288.2,83.2,9.7,0.1166,Standard,0.8821,30.5,27.4,6.9,0.3477,0.8144,1,test
Ocean,Europe,Middle_East,12553.1,464.6,62.6,0.1347,Standard,0.9328,24.7,72.8,12.5,0.479,0.2027,1,test
Ocean,Europe,Middle_East,14604.6,504.3,245.2,0.4862,Standard,0.7397,28.0,12.9,54.1,0.391,0.234,1,test
Road,Latin_America,Latin_America,688.3,23.8,20.2,0.8487,High,0.9684,16.6,44.5,33.9,0.0927,0.6928,1,test
Road,Europe,Latin_America,377.7,17.0,13.7,0.8059,Standard,0.8908,62.8,24.3,13.7,0.6179,0.9699,1,test
Road,East_Asia,East_Asia,2165.1,43.7,39.7,0.9085,Urgent,0.8308,15.6,35.6,85.9,0.0735,0.6559,1,test
Road,Latin_America,Latin_America,300.6,17.3,5.5,0.3179,Standard,0.7604,21.1,15.4,16.3,0.1838,0.5747,1,test
Ocean,Europe,Europe,13114.5,491.3,446.4,0.9086,Standard,0.7956,39.4,50.9,6.3,0.0803,0.8115,1,test
Air,Southeast_Asia,Latin_America,6215.9,37.0,20.3,0.5486,Urgent,0.99,39.9,26.4,29.7,0.4633,0.9214,1,test
Air,Southeast_Asia,North_America,8602.6,28.7,3.2,0.1115,Standard,0.8837,14.7,10.0,38.6,0.1312,0.191,1,test
Ocean,South_Asia,Oceania,8492.7,337.6,237.4,0.7032,Standard,0.99,75.4,51.7,23.6,0.3517,0.9797,1,test
Air,Southeast_Asia,Latin_America,6141.5,37.5,19.2,0.512,Standard,0.99,17.6,61.9,19.0,0.0523,0.2327,1,test
Ocean,East_Asia,Middle_East,11845.2,441.4,178.9,0.4053,Standard,0.786,16.7,54.7,56.3,0.4326,0.9462,1,test
Air,Middle_East,Oceania,5654.1,27.9,24.0,0.8602,Urgent,0.9703,84.9,63.2,12.3,0.6996,0.6675,1,test
Air,North_America,Latin_America,3979.9,19.9,6.2,0.3116,Standard,0.7189,37.3,27.2,36.2,0.5334,0.4477,1,test
Road,East_Asia,Europe,1503.1,35.8,32.3,0.9022,Standard,0.8431,38.0,3.4,21.7,0.5107,0.4268,1,test
Ocean,South_Asia,Oceania,11811.3,411.4,229.3,0.5574,High,0.7278,11.8,91.8,14.2,0.3461,0.85,1,test
Ocean,South_Asia,North_America,8748.2,335.7,253.7,0.7557,Standard,0.7937,47.1,33.9,42.0,0.3392,0.8708,1,test
Road,East_Asia,East_Asia,1015.3,19.1,18.6,0.9738,Standard,0.7836,32.0,54.1,25.7,0.2259,0.8236,1,test
Road,East_Asia,East_Asia,2414.0,43.8,17.7,0.4041,Urgent,0.99,68.9,17.9,6.1,0.1101,0.2648,1,test
Air,Southeast_Asia,Middle_East,6100.5,35.4,4.3,0.1215,Standard,0.939,20.3,54.3,26.5,0.3185,0.2118,1,test
Ocean,South_Asia,Europe,14201.4,499.9,145.5,0.2911,Standard,0.881,47.1,13.3,9.5,0.4233,0.3035,1,test
Ocean,Europe,North_America,16185.3,546.9,483.5,0.8841,Standard,0.6762,70.1,43.2,54.3,0.3177,0.5391,1,test
Ocean,Europe,North_America,7973.9,340.3,18.0,0.0529,Standard,0.7437,55.6,45.2,8.1,0.3839,0.488,1,test
Road,Europe,Europe,901.0,18.6,16.8,0.9032,Standard,0.99,65.1,29.0,38.5,0.1575,0.4312,1,test
Air,Southeast_Asia,East_Asia,9424.4,47.1,40.3,0.8556,Standard,0.8323,22.3,15.5,24.7,0.5657,0.685,1,test
Ocean,South_Asia,Latin_America,9138.8,326.9,234.0,0.7158,Standard,0.7935,50.0,69.6,13.2,0.5703,0.5804,1,test
Ocean,Southeast_Asia,Latin_America,19685.0,695.2,631.8,0.9088,High,0.99,36.1,36.4,12.4,0.1783,0.3543,1,test
Road,Latin_America,Latin_America,643.7,16.8,4.6,0.2738,High,0.9413,62.6,10.3,24.0,0.1736,0.3945,1,test
Ocean,East_Asia,Oceania,10232.6,405.2,179.5,0.443,Urgent,0.7026,36.9,12.9,24.6,0.5022,0.6853,1,test
Road,North_America,North_America,671.5,19.3,1.2,0.0622,Urgent,0.7067,41.4,41.1,16.5,0.0718,0.7647,1,test
Rail,East_Asia,East_Asia,3063.5,90.7,84.8,0.935,Standard,0.9557,23.3,22.6,11.1,0.1425,0.5792,0,test
Road,East_Asia,East_Asia,653.3,17.3,6.6,0.3815,Urgent,0.99,16.9,60.7,14.2,0.1302,0.1462,0,test
Road,East_Asia,East_Asia,1875.7,40.8,17.0,0.4167,High,0.6573,88.7,42.2,28.6,0.1483,0.1913,1,test
Rail,North_America,North_America,4373.9,125.4,79.1,0.6308,Standard,0.9716,13.9,41.6,18.5,0.1298,0.373,0,test
Ocean,East_Asia,Oceania,16980.0,622.8,338.6,0.5437,Standard,0.9516,59.9,19.4,32.0,0.2487,0.7696,1,test
Ocean,Europe,Latin_America,6508.5,253.3,217.1,0.8571,High,0.9707,26.2,60.4,23.4,0.5396,0.8018,1,test
Rail,South_Asia,South_Asia,1664.4,55.5,26.3,0.4739,High,0.9394,31.1,45.3,41.9,0.164,0.5041,1,test
Ocean,East_Asia,Latin_America,12402.3,443.1,233.4,0.5267,High,0.8927,85.8,19.0,1.5,0.6792,0.4063,1,test
Ocean,South_Asia,Latin_America,11012.1,424.9,90.7,0.2135,Standard,0.8632,53.0,73.9,7.7,0.4538,0.9067,1,test
Air,Latin_America,Europe,8230.9,40.9,23.4,0.5721,Standard,0.8158,37.7,45.0,38.2,0.3441,0.7022,1,test
Air,Latin_America,East_Asia,11226.8,38.3,31.0,0.8094,Standard,0.9367,60.0,74.8,11.6,0.5478,0.2856,1,test
Air,Middle_East,Oceania,8404.0,46.3,43.0,0.9287,High,0.865,14.6,71.1,13.6,0.2671,0.2427,1,test
Road,Europe,Latin_America,1465.0,29.7,28.1,0.9461,Standard,0.8634,19.9,52.2,19.8,0.5768,0.1646,1,test
Road,North_America,Europe,1755.1,31.7,8.0,0.2524,Standard,0.9514,38.9,69.9,19.7,0.4963,0.1485,1,test
Rail,Europe,Europe,2796.5,83.9,28.7,0.3421,Urgent,0.8974,33.3,43.7,32.8,0.1396,0.3537,1,test
Ocean,Southeast_Asia,Europe,8098.2,302.2,282.1,0.9335,Standard,0.7157,69.1,18.6,18.9,0.5651,0.7843,1,test
Ocean,Southeast_Asia,Middle_East,12779.8,473.5,404.3,0.8539,High,0.9455,41.6,35.5,17.5,0.312,0.3497,1,test
Road,Europe,Europe,1625.9,35.5,6.9,0.1944,High,0.8099,12.5,21.7,11.4,0.1071,0.798,1,test
Air,Middle_East,Europe,6403.3,40.2,5.1,0.1269,High,0.7827,13.1,63.8,17.8,0.631,0.5506,1,test
Ocean,East_Asia,North_America,9703.9,366.7,304.0,0.829,Standard,0.9129,30.2,46.2,12.3,0.5623,0.4043,1,test
Ocean,South_Asia,Europe,12799.7,454.5,384.5,0.846,High,0.9785,28.4,67.2,26.7,0.5341,0.6041,1,test
Road,Latin_America,Latin_America,2454.6,43.2,6.1,0.1412,Standard,0.8925,27.7,48.6,37.3,0.1387,0.3336,1,test
Road,East_Asia,East_Asia,1266.5,29.4,19.0,0.6463,High,0.736,35.3,19.7,12.2,0.1206,0.3193,1,test
Road,North_America,North_America,2456.2,43.9,35.1,0.7995,Standard,0.6993,39.6,5.2,64.8,0.1074,0.4212,1,test
Rail,Europe,Europe,500.0,55.6,26.5,0.4766,High,0.7989,42.9,35.2,23.3,0.02,0.2563,1,test
Ocean,Europe,Latin_America,6607.8,296.4,143.1,0.4828,Standard,0.8947,39.1,100.0,18.0,0.3472,0.331,1,test
Ocean,Southeast_Asia,Latin_America,12757.4,477.5,185.4,0.3883,Standard,0.6012,34.8,19.8,32.2,0.2425,0.3434,1,test
Road,Latin_America,Latin_America,1125.7,24.7,19.1,0.7733,Urgent,0.979,30.3,29.3,21.8,0.055,0.525,1,test
Rail,Europe,Europe,2986.6,94.0,48.2,0.5128,Standard,0.8322,40.1,10.3,40.3,0.1049,0.931,1,test
Road,Latin_America,North_America,957.4,23.4,6.5,0.2778,High,0.9273,24.3,15.6,33.0,0.5007,0.8097,1,test
Air,Southeast_Asia,Middle_East,4827.0,40.6,23.3,0.5739,High,0.7318,10.5,49.7,12.2,0.11,0.9027,1,test
Rail,East_Asia,North_America,6783.9,157.9,52.1,0.33,High,0.7245,25.2,52.5,11.3,0.6011,0.6267,1,test
Road,East_Asia,East_Asia,1207.7,29.0,15.0,0.5172,Standard,0.8082,23.6,44.0,21.7,0.02,0.7445,1,test
Ocean,East_Asia,Middle_East,4309.7,188.3,37.9,0.2013,Standard,0.8645,26.3,16.9,13.7,0.731,0.8003,1,test
Air,Europe,East_Asia,4506.6,26.4,4.6,0.1742,Standard,0.853,20.6,17.9,13.0,0.3407,0.6899,1,test
Air,North_America,Middle_East,3801.2,38.6,12.9,0.3342,High,0.8905,20.8,24.0,11.5,0.6605,0.1995,1,test
Ocean,East_Asia,Latin_America,12339.8,423.6,264.6,0.6246,Standard,0.9772,4.7,63.2,15.4,0.5363,0.4192,1,test
Air,Middle_East,Europe,4570.5,37.5,5.1,0.136,High,0.7288,17.0,7.3,9.0,0.4283,0.1926,1,test
Road,North_America,North_America,1084.2,24.5,13.7,0.5592,Standard,0.6683,41.3,25.4,12.7,0.0592,0.6973,1,test
Ocean,East_Asia,Middle_East,7438.3,287.0,186.5,0.6498,High,0.6996,12.4,38.8,47.7,0.682,0.5446,1,test
Rail,East_Asia,East_Asia,5654.8,139.6,127.9,0.9162,Standard,0.525,67.5,21.4,8.1,0.1856,0.7002,1,test
Ocean,South_Asia,Middle_East,8322.2,337.7,264.2,0.7824,High,0.9118,12.3,17.6,25.6,0.3985,0.7193,1,test
Ocean,Europe,Oceania,11501.8,417.0,74.5,0.1787,Urgent,0.9326,30.7,44.6,74.2,0.4345,0.2348,1,test
Rail,North_America,North_America,1379.2,73.5,25.9,0.3524,High,0.99,36.7,49.4,45.2,0.0838,0.4588,1,test
Ocean,Southeast_Asia,Middle_East,8852.4,369.1,141.5,0.3834,Standard,0.7458,17.7,40.0,25.9,0.3842,0.8987,1,test
Ocean,East_Asia,Oceania,9485.3,388.3,318.8,0.821,Standard,0.8823,51.3,69.7,23.5,0.05,0.3979,1,test
Air,Middle_East,Oceania,7339.2,28.9,13.7,0.474,Standard,0.99,26.2,37.5,18.6,0.5742,0.4882,1,test
Air,East_Asia,Oceania,6713.5,39.8,16.1,0.4045,High,0.8816,28.5,44.1,32.1,0.1779,0.4784,1,test
Road,North_America,North_America,2026.8,41.0,19.3,0.4707,Standard,0.8579,18.1,23.6,15.1,0.1891,0.5384,1,test
Ocean,Europe,Oceania,11176.2,418.7,91.7,0.219,Standard,0.759,14.3,50.3,16.3,0.0846,0.8952,1,test
Ocean,South_Asia,Europe,8677.3,346.7,116.4,0.3357,Urgent,0.8455,3.1,65.2,28.6,0.3747,0.5821,1,test
Ocean,East_Asia,North_America,14631.6,544.0,203.1,0.3733,Standard,0.8688,35.6,53.7,21.1,0.4614,0.548,1,test
Air,North_America,Oceania,1707.8,32.0,4.1,0.1281,Standard,0.5874,20.7,35.7,42.9,0.8033,0.2178,1,test
Ocean,Europe,North_America,6594.2,246.2,34.4,0.1397,High,0.99,26.4,30.3,10.4,0.7239,0.3266,1,test
Ocean,Southeast_Asia,Middle_East,6580.2,299.5,106.3,0.3549,Standard,0.9021,24.5,50.0,26.9,0.3534,0.5204,1,test
Air,North_America,Latin_America,3204.8,24.4,23.2,0.9508,Standard,0.756,100.0,15.6,7.7,0.2422,0.9619,1,test
Road,Latin_America,Latin_America,1180.7,27.0,10.4,0.3852,Standard,0.87,33.4,38.5,59.9,0.1059,0.1395,1,test
Road,East_Asia,Europe,325.3,17.7,2.9,0.1638,High,0.9044,24.3,51.8,27.7,0.6645,0.058,1,test
Road,North_America,North_America,1662.9,39.2,12.2,0.3112,Standard,0.845,26.4,9.0,23.8,0.1464,0.8806,1,test
Ocean,Southeast_Asia,Oceania,12915.1,448.5,133.2,0.297,Standard,0.9065,10.5,42.8,25.8,0.3026,0.5522,1,test
Air,Middle_East,East_Asia,11791.5,28.7,27.5,0.9582,Standard,0.7369,25.1,26.5,29.7,0.5169,0.2609,1,test
Road,East_Asia,North_America,2116.7,41.1,39.8,0.9684,High,0.6861,3.3,52.3,26.8,0.7031,0.1492,1,test
Road,East_Asia,North_America,787.8,24.5,5.7,0.2327,Standard,0.9265,19.0,8.7,61.3,0.5986,0.5613,1,test
Ocean,South_Asia,Europe,7620.6,278.6,146.6,0.5262,Standard,0.7889,100.0,16.5,6.5,0.2575,0.651,1,test
Ocean,East_Asia,Middle_East,10344.0,405.8,326.5,0.8046,Standard,0.7067,12.6,19.5,20.7,0.4781,0.8976,1,test
Ocean,South_Asia,Middle_East,16429.9,604.2,571.2,0.9454,Standard,0.99,19.6,22.5,71.1,0.3419,0.0528,1,test
Ocean,South_Asia,Oceania,12100.8,467.1,121.9,0.261,Standard,0.8424,75.0,21.7,27.0,0.5204,0.9408,1,test
Ocean,South_Asia,Oceania,9406.1,359.6,20.1,0.0559,Standard,0.99,78.7,19.5,17.3,0.3175,0.5144,1,test
Air,Latin_America,Europe,5447.7,27.1,24.1,0.8893,Standard,0.9797,45.6,26.7,7.4,0.265,0.622,1,test
Road,Europe,Europe,1517.9,31.8,13.2,0.4151,Standard,0.7759,32.0,48.6,43.4,0.2546,0.907,1,test
Air,North_America,East_Asia,9253.2,28.9,20.8,0.7197,Standard,0.8559,84.3,16.0,11.5,0.4365,0.3083,1,test
Ocean,Europe,North_America,8929.6,328.3,248.0,0.7554,High,0.8683,13.1,22.8,16.0,0.3771,0.2964,1,test
Road,North_America,North_America,1586.4,28.6,18.0,0.6294,High,0.9511,19.0,49.2,46.9,0.1662,0.5517,1,test
Air,Latin_America,Europe,3731.1,35.2,11.3,0.321,Standard,0.7175,35.4,55.9,18.4,0.5456,0.5226,1,test
Rail,North_America,North_America,500.0,57.8,50.7,0.8772,Standard,0.9618,33.2,19.8,15.7,0.1668,0.7949,1,test
Ocean,Europe,North_America,9822.5,367.8,46.5,0.1264,High,0.7045,33.9,21.6,51.3,0.351,0.7519,1,test
Ocean,East_Asia,Latin_America,15787.9,582.1,249.8,0.4291,Standard,0.9806,41.7,92.1,25.8,0.3667,0.7835,1,test
Ocean,South_Asia,North_America,15121.8,530.8,210.3,0.3962,Standard,0.9293,25.7,69.4,8.7,0.9006,0.3711,1,test
Road,Europe,Europe,1409.1,31.3,5.1,0.1629,Urgent,0.6185,63.8,31.6,27.8,0.1853,0.1482,1,test
Ocean,East_Asia,Middle_East,9116.0,329.1,212.5,0.6457,Standard,0.6869,32.5,29.5,34.9,0.4255,0.8651,1,test
Air,South_Asia,Latin_America,5340.1,22.4,20.5,0.9152,High,0.9294,32.3,19.0,47.0,0.5913,0.3399,1,test
Ocean,Europe,Latin_America,7847.3,334.0,321.3,0.962,High,0.8667,15.2,36.0,25.2,0.419,0.6613,1,test
Road,Europe,Europe,150.0,7.1,0.8,0.1127,Urgent,0.99,69.7,56.8,8.6,0.2151,0.5203,1,test
Air,South_Asia,North_America,7283.2,24.7,17.0,0.6883,Standard,0.939,76.2,27.4,71.4,0.4714,0.3655,1,test
Air,Southeast_Asia,North_America,5582.4,26.8,2.8,0.1045,High,0.99,34.2,20.5,12.8,0.6005,0.2363,1,test
Ocean,Southeast_Asia,Oceania,7677.3,327.2,182.1,0.5565,Standard,0.8615,61.1,3.3,17.8,0.3207,0.1139,1,test
Ocean,Europe,North_America,11891.0,425.6,239.4,0.5625,High,0.99,34.0,5.1,29.4,0.4332,0.4032,1,test
Ocean,Southeast_Asia,North_America,12386.5,468.1,219.3,0.4685,Standard,0.99,65.8,16.1,22.4,0.3357,0.1713,1,test
Rail,South_Asia,East_Asia,2538.9,97.9,92.5,0.9448,High,0.967,30.7,18.5,11.6,0.2379,0.4675,0,test
Road,Latin_America,Latin_America,1193.4,32.2,30.8,0.9565,Urgent,0.9013,36.3,74.1,11.5,0.152,0.1444,1,test
Road,East_Asia,East_Asia,1795.1,38.7,17.4,0.4496,Standard,0.8331,8.3,32.6,33.1,0.1879,0.4592,1,test
Rail,South_Asia,South_Asia,2750.5,74.7,57.3,0.7671,High,0.9884,8.2,16.8,38.7,0.111,0.8799,1,test
Air,East_Asia,North_America,4965.8,31.2,13.8,0.4423,Standard,0.769,60.4,30.4,23.8,0.5515,0.721,1,test
Air,Middle_East,Oceania,6414.3,37.1,13.4,0.3612,High,0.8471,35.8,71.6,91.2,0.3437,0.6171,1,test
Ocean,South_Asia,Middle_East,9689.8,341.0,50.6,0.1484,Standard,0.8354,14.2,38.5,8.7,0.2426,0.7544,1,test
Air,Middle_East,Latin_America,8429.0,28.5,26.7,0.9368,Standard,0.7429,58.4,10.8,17.7,0.1273,0.6335,1,test
Ocean,East_Asia,Middle_East,15297.8,570.7,143.0,0.2506,Urgent,0.849,7.7,34.0,19.0,0.3292,0.3447,1,test
Air,Europe,East_Asia,6328.4,42.6,40.4,0.9484,High,0.8691,39.3,52.9,26.1,0.5746,0.3556,1,test
Rail,South_Asia,North_America,4272.2,132.9,40.7,0.3062,Standard,0.9307,22.4,20.4,17.8,0.5012,0.3936,1,test
Road,Latin_America,Latin_America,1004.8,20.3,1.9,0.0936,Standard,0.8906,51.0,44.5,19.6,0.0478,0.696,1,test
Road,Latin_America,Latin_America,1598.0,36.7,34.5,0.9401,Standard,0.7266,35.4,17.0,59.1,0.062,0.3467,1,test
Ocean,Southeast_Asia,Europe,8196.7,311.2,36.5,0.1173,High,0.8328,38.2,44.4,23.7,0.3832,0.7451,1,test
Rail,Europe,Europe,3619.7,111.9,101.1,0.9035,Standard,0.9089,28.1,13.6,59.7,0.2073,0.1629,1,test
Road,East_Asia,Latin_America,1373.2,29.7,4.2,0.1414,High,0.7152,22.8,26.9,67.1,0.1378,0.1103,1,test
Ocean,Europe,Europe,11388.6,428.9,75.7,0.1765,Standard,0.6712,13.7,67.9,18.6,0.02,0.598,1,test
Air,Latin_America,East_Asia,4879.7,30.3,10.7,0.3531,Standard,0.7773,30.0,24.5,61.4,0.5257,0.6244,1,test
Rail,East_Asia,East_Asia,4998.8,119.9,83.0,0.6922,Standard,0.84,48.3,49.0,33.1,0.1465,0.3591,1,test
Air,East_Asia,Latin_America,10432.4,26.5,9.8,0.3698,Standard,0.9024,66.9,57.5,30.5,0.2406,0.7919,1,test
Ocean,East_Asia,Middle_East,5240.6,221.4,161.1,0.7276,Urgent,0.6643,29.0,44.2,41.2,0.467,0.5506,1,test
Ocean,South_Asia,Europe,7148.5,311.6,256.1,0.8219,Urgent,0.7063,53.1,59.6,33.9,0.5665,0.215,1,test
Ocean,East_Asia,Europe,11365.9,448.4,43.9,0.0979,Urgent,0.7448,24.6,27.0,15.5,0.3204,0.3296,1,test
Road,East_Asia,Latin_America,625.2,23.1,5.8,0.2511,Urgent,0.9412,20.4,26.4,49.0,0.5155,0.4151,1,test
Air,Southeast_Asia,Oceania,3956.4,21.5,4.1,0.1907,High,0.8274,40.3,64.2,62.9,0.6589,0.2177,1,test
Rail,South_Asia,Europe,4884.9,136.0,112.5,0.8272,High,0.9473,85.3,50.4,19.3,0.0752,0.0558,1,test
Ocean,Southeast_Asia,Middle_East,14322.6,522.1,261.3,0.5005,Standard,0.9676,58.7,48.5,53.0,0.4125,0.8012,1,test
Ocean,Europe,Europe,12225.0,421.3,47.4,0.1125,High,0.8271,38.1,25.1,33.0,0.0256,0.3658,1,test
Air,East_Asia,Oceania,5670.2,24.6,18.2,0.7398,Standard,0.8649,36.8,17.1,41.3,0.3118,0.9179,1,test
Road,North_America,North_America,1055.8,23.4,19.9,0.8504,Standard,0.888,22.7,18.5,23.4,0.0798,0.4692,1,test
Ocean,Europe,North_America,10365.4,362.2,111.1,0.3067,High,0.8511,24.9,55.4,46.5,0.3116,0.1463,1,test
Rail,East_Asia,East_Asia,5155.1,142.2,67.6,0.4754,High,0.9452,14.9,43.7,23.6,0.028,0.9143,1,test
Air,Europe,East_Asia,6952.3,26.4,15.7,0.5947,Standard,0.99,20.3,25.6,17.5,0.0846,0.601,1,test
Rail,South_Asia,South_Asia,3089.0,107.1,13.5,0.1261,Standard,0.7734,28.2,12.7,24.6,0.08,0.3443,1,test
Road,North_America,North_America,1028.3,19.2,16.8,0.875,Standard,0.99,53.7,57.9,39.3,0.0652,0.1101,1,test
Road,North_America,Europe,2041.9,36.8,23.1,0.6277,Standard,0.9368,36.9,27.5,66.6,0.4642,0.9225,1,test
Rail,East_Asia,East_Asia,3254.7,96.9,16.5,0.1703,Standard,0.6976,5.9,36.2,20.7,0.1892,0.2576,1,test
Ocean,Europe,Middle_East,11378.1,450.4,170.8,0.3792,Urgent,0.6206,45.3,21.8,10.4,0.4933,0.8271,1,test
Ocean,Europe,Europe,12918.8,444.6,239.5,0.5387,High,0.7347,46.8,30.6,8.6,0.0664,0.4585,1,test
Air,South_Asia,Europe,3549.1,24.5,13.1,0.5347,High,0.6595,60.9,68.3,41.7,0.6403,0.0755,1,test
Rail,East_Asia,North_America,3512.7,111.1,101.5,0.9136,Standard,0.8235,84.3,39.9,87.4,0.639,0.7876,1,test
Ocean,South_Asia,Europe,8163.5,331.0,246.6,0.745,Standard,0.8762,17.2,36.7,32.3,0.4017,0.7227,1,test
Ocean,South_Asia,North_America,12635.9,476.6,376.5,0.79,High,0.94,78.7,23.3,17.5,0.4661,0.4734,1,test
Road,Europe,Europe,1917.4,35.1,19.2,0.547,High,0.9077,32.9,14.7,38.9,0.0666,0.1885,0,test
Ocean,Southeast_Asia,North_America,12205.3,440.9,54.8,0.1243,High,0.8309,44.6,28.5,35.0,0.1762,0.7498,1,test
Ocean,Europe,Middle_East,12102.6,421.0,62.5,0.1485,High,0.8556,35.9,18.5,7.3,0.4693,0.804,1,test
Air,North_America,Europe,9113.7,30.7,13.9,0.4528,Standard,0.6749,22.4,5.3,5.4,0.1216,0.2843,1,test
Ocean,East_Asia,Middle_East,6802.6,263.7,247.9,0.9401,Standard,0.99,37.1,8.3,18.7,0.7127,0.9585,1,test
Ocean,East_Asia,Europe,15532.6,543.5,243.6,0.4482,High,0.7818,11.5,31.6,44.2,0.4579,0.5588,1,test
Air,Southeast_Asia,North_America,6925.9,34.3,19.4,0.5656,Urgent,0.99,13.2,16.3,60.0,0.8419,0.9733,1,test
Ocean,Southeast_Asia,Oceania,11309.9,395.2,213.6,0.5405,Standard,0.8107,10.2,84.3,3.0,0.5613,0.3363,1,test
Ocean,Southeast_Asia,Middle_East,12186.0,431.9,373.3,0.8643,High,0.5651,24.7,51.1,17.2,0.4915,0.7516,1,test
Ocean,Southeast_Asia,Latin_America,12625.1,449.9,196.6,0.437,Standard,0.7559,100.0,73.3,15.9,0.3922,0.6672,1,test
Air,East_Asia,Middle_East,6469.9,26.3,14.6,0.5551,High,0.9261,85.2,44.6,6.2,0.4087,0.7414,1,test
Rail,South_Asia,South_Asia,3123.3,84.5,36.8,0.4355,Standard,0.9284,28.7,21.8,17.1,0.0681,0.559,0,test
Ocean,Southeast_Asia,Europe,14525.9,509.3,449.8,0.8832,Standard,0.99,36.8,48.9,27.5,0.2572,0.4085,1,test
Road,East_Asia,North_America,2107.8,36.7,11.9,0.3243,Standard,0.7602,28.9,47.5,18.1,0.6061,0.2138,1,test
Air,Latin_America,North_America,6525.3,41.5,9.3,0.2241,Standard,0.8074,66.2,17.7,19.5,0.1383,0.8164,1,test
Ocean,East_Asia,Europe,16007.2,561.8,494.5,0.8802,Urgent,0.9893,64.1,33.1,32.0,0.3089,0.1876,1,test
Road,Europe,Europe,187.2,13.9,7.6,0.5468,Urgent,0.7419,25.8,7.1,8.4,0.02,0.3791,0,test
Air,Europe,Oceania,1200.0,27.9,17.8,0.638,Standard,0.8038,19.7,17.5,39.6,0.3851,0.6243,1,test
Ocean,East_Asia,North_America,5194.8,220.5,17.5,0.0794,Standard,0.7767,62.2,35.7,18.0,0.8447,0.9192,1,test
Air,Southeast_Asia,East_Asia,8917.6,42.6,34.0,0.7981,Standard,0.8211,25.0,16.5,29.0,0.6516,0.7622,1,test
Air,Latin_America,Europe,5610.5,27.6,8.4,0.3043,Standard,0.7104,61.7,37.3,47.8,0.05,0.5595,1,test
Road,North_America,North_America,1879.3,41.8,25.0,0.5981,High,0.8713,28.6,10.1,16.9,0.1876,0.4055,0,test
Ocean,Southeast_Asia,Oceania,10376.3,392.8,148.4,0.3778,Urgent,0.7868,11.7,35.4,24.6,0.3902,0.4151,1,test
Road,North_America,North_America,1332.8,29.4,25.8,0.8776,High,0.945,12.3,4.8,35.6,0.1296,0.8547,1,test
Rail,North_America,North_America,3609.9,94.3,36.2,0.3839,High,0.7592,17.3,26.4,58.1,0.0942,0.6195,1,test
Road,Latin_America,Latin_America,1228.2,27.1,3.5,0.1292,Standard,0.6884,48.8,30.8,30.6,0.1263,0.5172,1,test
Air,Europe,Middle_East,6184.3,42.1,24.3,0.5772,Standard,0.9166,12.1,38.9,34.0,0.2235,0.1966,1,test
Air,Southeast_Asia,North_America,3546.1,20.8,16.7,0.8029,Standard,0.776,13.9,30.5,14.7,0.4511,0.1488,1,test
Ocean,Europe,Middle_East,8743.8,339.5,253.9,0.7479,Urgent,0.99,28.8,53.2,15.1,0.5072,0.091,1,test
Road,North_America,North_America,1121.0,27.6,8.9,0.3225,Standard,0.8212,20.0,13.8,19.2,0.1697,0.3691,1,test
Road,Latin_America,Latin_America,2066.0,43.8,17.5,0.3995,Urgent,0.9758,50.4,10.2,26.1,0.1735,0.3648,1,test
Ocean,Europe,North_America,9606.8,382.2,311.3,0.8145,Standard,0.8413,46.1,23.4,20.5,0.5277,0.5634,1,test
Air,East_Asia,Oceania,6705.0,41.5,9.8,0.2361,Standard,0.667,20.4,16.0,28.3,0.2138,0.5982,1,test
Road,Europe,North_America,1406.8,27.9,15.2,0.5448,Standard,0.9879,24.6,40.9,11.8,0.4986,0.6174,0,test
Rail,East_Asia,East_Asia,3547.8,117.1,14.0,0.1196,Standard,0.7932,44.2,23.1,11.0,0.2037,0.7503,1,test
Road,Latin_America,Latin_America,1490.0,26.7,20.4,0.764,Standard,0.8416,30.4,63.2,22.0,0.1061,0.5509,1,test
Rail,South_Asia,South_Asia,3063.3,82.5,24.6,0.2982,Standard,0.9202,6.8,5.5,14.8,0.2678,0.4535,0,test
Air,North_America,Latin_America,9094.5,42.5,18.1,0.4259,Standard,0.9515,49.1,25.2,38.0,0.1761,0.679,1,test
Road,East_Asia,East_Asia,1525.2,28.1,4.2,0.1495,Standard,0.6865,43.4,7.4,29.9,0.0373,0.3375,1,test
Ocean,Europe,Oceania,8998.6,321.1,76.4,0.2379,High,0.984,28.3,57.8,37.9,0.4509,0.6494,1,test
Road,East_Asia,East_Asia,1158.0,22.4,9.2,0.4107,Standard,0.6978,18.5,5.4,41.4,0.1329,0.5462,1,test
Rail,South_Asia,South_Asia,6330.4,142.7,15.6,0.1093,Standard,0.7354,17.5,13.1,7.6,0.0707,0.262,1,test
Ocean,East_Asia,Europe,9717.4,375.7,70.5,0.1876,Standard,0.8681,43.1,64.7,39.0,0.3932,0.7845,1,test
Air,Middle_East,Oceania,13582.3,46.0,24.5,0.5326,Standard,0.9325,33.4,28.0,46.7,0.6402,0.7266,1,test
Air,Middle_East,Latin_America,11221.4,46.6,40.7,0.8734,Urgent,0.99,30.9,28.6,8.2,0.3856,0.7147,1,test
Air,Middle_East,Europe,4629.8,39.0,29.3,0.7513,High,0.99,37.0,31.8,33.8,0.3409,0.4904,1,test
Ocean,South_Asia,Europe,11163.5,414.3,224.2,0.5412,High,0.8496,19.5,67.5,20.3,0.6844,0.4516,1,test
Air,Middle_East,North_America,7726.6,31.3,21.8,0.6965,Standard,0.7035,52.1,63.7,22.2,0.6245,0.9337,1,test
Air,South_Asia,Latin_America,5488.9,34.9,12.4,0.3553,High,0.7961,20.6,10.3,11.8,0.4992,0.9381,1,test
Ocean,Europe,Latin_America,12211.0,439.9,331.8,0.7543,High,0.9314,45.2,8.8,34.2,0.4391,0.2503,1,test
Ocean,Europe,Latin_America,8714.0,361.5,309.0,0.8548,Standard,0.9613,27.0,20.2,66.5,0.3058,0.5819,1,test
Ocean,South_Asia,Europe,9452.0,342.5,72.0,0.2102,Standard,0.7749,74.2,35.4,48.1,0.3504,0.6326,1,test
Air,Latin_America,Oceania,3381.2,19.8,7.2,0.3636,High,0.7269,44.5,45.6,72.7,0.4771,0.3515,1,test
Ocean,South_Asia,North_America,5115.2,234.4,48.0,0.2048,High,0.99,58.8,49.0,20.0,0.2425,0.9439,1,test
Rail,East_Asia,East_Asia,3402.4,112.6,87.3,0.7753,High,0.8046,44.2,57.7,21.8,0.1586,0.2566,1,test
Air,Latin_America,Middle_East,8329.7,44.1,30.4,0.6893,High,0.8375,53.3,40.8,23.7,0.3477,0.6021,1,test
Ocean,South_Asia,Middle_East,9886.8,379.9,285.7,0.752,Standard,0.9274,52.5,45.9,28.1,0.3794,0.5288,1,test
Road,North_America,North_America,150.0,10.1,1.3,0.1287,Standard,0.9292,20.3,27.0,12.1,0.2242,0.1322,0,test
Rail,South_Asia,South_Asia,6468.4,157.5,82.7,0.5251,High,0.8793,36.2,21.3,15.6,0.1658,0.2379,1,test
Ocean,South_Asia,Oceania,11789.1,440.6,385.3,0.8745,Standard,0.7884,76.4,25.4,30.6,0.4914,0.6885,1,test
Ocean,South_Asia,Oceania,8485.2,308.6,192.5,0.6238,Standard,0.8044,65.5,35.8,26.5,0.5428,0.5733,1,test
Rail,North_America,East_Asia,4915.5,117.2,95.7,0.8166,Standard,0.8808,11.9,50.2,47.6,0.1117,0.3008,1,test
Ocean,East_Asia,Europe,13090.3,495.6,127.8,0.2579,High,0.8638,11.9,24.1,4.0,0.5531,0.2055,1,test
Ocean,Europe,North_America,14934.9,554.3,223.6,0.4034,Standard,0.6617,54.8,11.2,93.9,0.4161,0.1416,1,test
Road,Europe,North_America,1472.6,34.5,27.8,0.8058,Standard,0.8852,47.3,16.1,19.7,0.5401,0.3,1,test
Road,North_America,North_America,1355.2,29.9,16.4,0.5485,Urgent,0.99,21.3,27.9,33.3,0.0692,0.9272,1,test
Road,North_America,North_America,1443.1,27.5,3.3,0.12,Urgent,0.9718,31.7,89.8,60.9,0.2047,0.0748,1,test
Ocean,Europe,Europe,10872.7,425.4,337.6,0.7936,Standard,0.99,30.8,86.4,37.2,0.2552,0.2344,1,test
Ocean,East_Asia,Middle_East,14940.2,538.3,209.3,0.3888,Standard,0.99,89.4,13.2,10.9,0.5858,0.2443,1,test
Ocean,East_Asia,Latin_America,14336.4,542.7,470.7,0.8673,High,0.99,28.7,26.2,32.8,0.2851,0.0919,1,test
Ocean,South_Asia,Europe,10726.6,398.4,238.7,0.5991,Standard,0.7415,29.2,19.5,27.7,0.4678,0.4926,1,test
Ocean,South_Asia,Oceania,7956.8,292.7,285.1,0.974,Standard,0.8591,19.3,21.5,5.5,0.2712,0.1807,0,test
Road,East_Asia,East_Asia,793.0,25.7,2.6,0.1012,Urgent,0.99,24.9,41.4,26.6,0.1471,0.232,1,test
Rail,East_Asia,East_Asia,5119.8,114.9,100.0,0.8703,Standard,0.8846,65.6,14.3,20.1,0.1177,0.1316,1,test
Road,North_America,North_America,1767.9,36.9,27.2,0.7371,Standard,0.99,25.1,23.1,13.2,0.0622,0.0744,0,test
Ocean,East_Asia,Oceania,14824.9,517.9,81.2,0.1568,Standard,0.7704,19.1,39.9,42.2,0.2569,0.1237,1,test
Ocean,South_Asia,Europe,17378.6,617.1,568.0,0.9204,High,0.8119,87.4,76.5,15.8,0.7219,0.4424,1,test
Ocean,Southeast_Asia,Europe,11629.4,411.1,354.6,0.8626,High,0.9264,44.7,39.3,22.8,0.4426,0.151,1,test
Road,East_Asia,East_Asia,497.7,16.2,8.4,0.5185,Standard,0.99,40.3,27.9,16.7,0.0717,0.5063,0,test
Road,North_America,North_America,911.2,21.1,19.5,0.9242,Standard,0.4996,33.1,32.7,29.1,0.1471,0.4122,1,test
Road,Latin_America,Latin_America,566.4,13.5,9.7,0.7185,Standard,0.8838,21.9,46.0,77.2,0.0777,0.7168,1,test
Ocean,Europe,North_America,13770.8,505.7,74.1,0.1465,Standard,0.8808,61.2,63.0,15.3,0.4313,0.7316,1,test
Air,East_Asia,Middle_East,6404.6,23.9,4.1,0.1715,Standard,0.9173,30.4,61.7,20.6,0.5023,0.6118,1,test
Ocean,South_Asia,Europe,11300.4,410.7,130.0,0.3165,High,0.7889,15.6,26.9,20.8,0.262,0.5815,1,test
Ocean,East_Asia,Latin_America,8367.1,325.0,71.0,0.2185,Standard,0.8478,40.3,61.9,29.1,0.5106,0.5301,1,test
Air,East_Asia,Latin_America,7968.2,38.0,5.8,0.1526,Standard,0.8631,32.3,62.0,32.9,0.2173,0.6562,1,test
Ocean,East_Asia,Oceania,17557.7,593.0,527.3,0.8892,Standard,0.7892,31.8,55.0,21.2,0.3148,0.5976,1,test
Ocean,Europe,Latin_America,10005.1,351.0,143.0,0.4074,Standard,0.7901,52.1,45.7,8.4,0.4109,0.2296,1,test
Air,East_Asia,Europe,6704.1,22.5,16.2,0.72,Standard,0.7418,100.0,63.3,16.1,0.3072,0.8969,1,test
Air,Southeast_Asia,North_America,7045.7,29.7,29.0,0.9764,Urgent,0.7531,71.3,5.0,44.5,0.4444,0.5639,1,test
Ocean,East_Asia,Oceania,13442.8,458.8,345.2,0.7524,Standard,0.8054,36.8,35.5,15.0,0.3819,0.3205,1,test
Air,Europe,East_Asia,6873.3,31.8,29.0,0.9119,Standard,0.6076,65.7,100.0,22.9,0.3993,0.5578,1,test
Air,Middle_East,North_America,3985.9,25.3,7.2,0.2846,Standard,0.7575,21.4,10.0,54.0,0.4603,0.7606,1,test
Road,North_America,North_America,1483.1,32.4,9.8,0.3025,Standard,0.7951,24.6,24.5,17.5,0.0696,0.4428,1,test
Ocean,Europe,Middle_East,13722.5,497.0,443.7,0.8928,Standard,0.8301,24.3,25.1,60.7,0.5195,0.4679,1,test
Air,South_Asia,Europe,5792.1,34.2,5.7,0.1667,Standard,0.8423,63.7,28.8,28.0,0.2409,0.4558,1,test
Road,East_Asia,East_Asia,150.0,8.3,2.8,0.3373,Standard,0.8872,31.8,12.8,13.8,0.1051,0.4701,0,test
Air,Middle_East,East_Asia,3200.2,16.8,12.3,0.7321,Standard,0.7353,33.0,34.0,25.2,0.2592,0.9319,1,test
Air,South_Asia,Middle_East,6472.3,32.8,10.4,0.3171,Standard,0.99,70.6,25.2,38.9,0.4396,0.4475,1,test
Road,Latin_America,Latin_America,1727.4,38.1,33.3,0.874,Standard,0.8256,31.4,1.5,9.7,0.0966,0.3273,0,test
Road,East_Asia,Latin_America,1492.4,26.3,9.6,0.365,Standard,0.6569,19.6,48.5,19.3,0.1825,0.9704,1,test
Ocean,East_Asia,Oceania,10023.3,367.8,267.1,0.7262,Standard,0.809,47.2,31.0,16.9,0.2966,0.8741,1,test
Road,Latin_America,Europe,2040.9,33.6,1.9,0.0565,High,0.99,28.1,48.8,36.9,0.4906,0.5082,1,test
Ocean,South_Asia,Oceania,8547.7,313.4,46.1,0.1471,High,0.6814,34.5,27.5,27.7,0.2715,0.2484,1,test
Road,East_Asia,Latin_America,1275.0,31.8,25.1,0.7893,High,0.8824,40.9,37.0,16.8,0.3551,0.722,1,test
Ocean,Europe,Europe,8186.6,325.5,238.9,0.7339,High,0.9019,69.8,45.2,24.3,0.1199,0.542,1,test
Air,Europe,East_Asia,3838.6,37.0,5.7,0.1541,High,0.8827,65.0,14.4,25.6,0.4503,0.0843,1,test
Air,Latin_America,North_America,6101.2,38.4,11.6,0.3021,High,0.9367,32.0,27.4,19.1,0.5223,0.81,1,test
Air,North_America,Middle_East,5248.6,23.4,4.7,0.2009,Standard,0.9057,52.2,65.2,42.8,0.3782,0.7087,1,test
Ocean,South_Asia,Oceania,13570.2,489.9,322.7,0.6587,Standard,0.8198,43.6,13.6,62.9,0.274,0.8007,1,test
Road,East_Asia,East_Asia,150.0,16.3,1.4,0.0859,Standard,0.9085,65.2,56.4,10.4,0.0275,0.5123,1,test
Rail,North_America,East_Asia,500.0,30.4,15.9,0.523,Standard,0.8829,55.7,62.6,16.1,0.4899,0.6517,1,test
Ocean,East_Asia,Middle_East,10391.2,417.9,110.8,0.2651,Standard,0.99,25.6,39.0,56.9,0.3925,0.5125,1,test
Air,South_Asia,Latin_America,6793.6,40.3,17.9,0.4442,Standard,0.9777,23.7,45.9,27.9,0.7499,0.9601,1,test
Ocean,South_Asia,North_America,5815.4,253.0,190.4,0.7526,High,0.8722,28.0,19.4,15.9,0.8775,0.4725,1,test
Road,North_America,North_America,1420.9,27.2,5.3,0.1949,Urgent,0.99,7.2,52.0,17.9,0.1631,0.4582,0,test
Air,Southeast_Asia,Latin_America,5103.7,42.1,22.9,0.5439,Standard,0.9351,43.1,37.7,8.7,0.1556,0.7874,1,test
Ocean,Europe,Latin_America,8208.8,317.8,156.7,0.4931,Standard,0.9431,55.1,11.7,39.0,0.3949,0.1121,1,test
Ocean,South_Asia,North_America,10305.0,411.8,394.1,0.957,High,0.99,31.1,36.9,52.8,0.5839,0.912,1,test
Ocean,Europe,Middle_East,13848.0,514.8,55.6,0.108,Standard,0.99,38.3,71.5,12.8,0.706,0.5165,1,test
Air,Europe,Middle_East,8455.1,29.2,20.6,0.7055,Standard,0.9407,29.2,24.7,26.7,0.3009,0.4111,1,test
Road,North_America,North_America,1789.8,40.7,36.0,0.8845,Standard,0.897,20.0,77.6,12.8,0.0702,0.7206,1,test
Ocean,Europe,North_America,9599.6,374.7,41.3,0.1102,High,0.7077,6.6,27.8,24.2,0.2485,0.3739,1,test
Road,Europe,Europe,1202.6,25.2,18.3,0.7262,Urgent,0.7258,13.4,25.4,23.0,0.1217,0.3273,0,test
Road,North_America,Europe,1688.6,32.0,16.8,0.525,Urgent,0.8492,61.2,38.9,39.1,0.3429,0.1465,1,test
Ocean,Southeast_Asia,Middle_East,12466.2,443.6,108.9,0.2455,Standard,0.8147,20.0,46.6,19.9,0.4589,0.9665,1,test
Air,East_Asia,North_America,8075.9,25.5,10.7,0.4196,Urgent,0.735,32.0,30.2,6.4,0.3003,0.6822,1,test
Ocean,Europe,Middle_East,12788.5,472.6,54.7,0.1157,Standard,0.99,41.8,28.8,13.1,0.3231,0.1484,1,test
Ocean,East_Asia,Latin_America,6162.0,265.9,117.1,0.4404,High,0.7354,46.0,29.8,8.7,0.5993,0.9112,1,test
Ocean,East_Asia,North_America,14205.1,513.2,254.6,0.4961,Standard,0.9458,38.1,17.4,29.8,0.05,0.2083,1,test
Ocean,South_Asia,Europe,13835.1,507.6,327.2,0.6446,High,0.8331,54.9,20.4,8.7,0.6132,0.3653,1,test
Ocean,Southeast_Asia,Europe,12095.0,421.6,280.8,0.666,Urgent,0.8198,39.4,21.6,57.1,0.3229,0.5965,1,test
Ocean,South_Asia,Oceania,15309.9,518.1,238.0,0.4594,High,0.9523,66.8,32.2,17.6,0.358,0.9091,1,test
Air,Europe,Latin_America,8200.8,27.8,19.3,0.6942,High,0.7499,77.6,12.9,23.1,0.6637,0.9017,1,test
