transport_mode,origin_region,destination_region,route_distance_km,planned_duration_hours,elapsed_transit_hours,transit_progress_pct,priority_level,carrier_reliability_score,origin_port_congestion_index,dest_port_congestion_index,weather_severity_index,customs_inspection_risk,seasonal_disruption_factor,disrupted
Road,East_Asia,Europe,1004.2,27.9,8.2,0.2939,High,0.9451,29.2,62.6,4.1,0.5761,0.806,1
Road,East_Asia,East_Asia,885.7,19.0,13.4,0.7053,Standard,0.6186,14.1,24.4,47.0,0.0648,0.2885,1
Ocean,Southeast_Asia,Middle_East,10723.5,412.4,203.9,0.4944,Standard,0.8123,52.3,52.0,7.6,0.3936,0.8242,1
Ocean,East_Asia,North_America,12931.8,478.6,359.1,0.7503,Standard,0.5702,14.5,33.7,18.6,0.4192,0.3873,1
Air,East_Asia,Latin_America,5622.6,31.4,17.7,0.5637,Standard,0.759,39.4,13.4,23.6,0.4542,0.7053,1
Ocean,South_Asia,Latin_America,12426.1,481.2,378.4,0.7864,Urgent,0.9031,47.4,20.6,12.7,0.3846,0.7278,1
Road,East_Asia,East_Asia,1560.4,37.1,2.4,0.0647,High,0.6895,14.2,45.6,20.6,0.1439,0.2883,1
Ocean,South_Asia,Oceania,8921.6,348.1,79.5,0.2284,High,0.99,28.9,17.9,22.7,0.3789,0.7808,1
Rail,South_Asia,Europe,3184.7,91.0,6.7,0.0736,Standard,0.6351,28.8,64.6,24.6,0.4819,0.1238,1
Ocean,South_Asia,Middle_East,12920.1,452.2,51.9,0.1148,Standard,0.766,47.2,94.1,38.3,0.7576,0.9767,1
Road,Europe,Europe,1935.5,36.3,34.7,0.9559,Urgent,0.7181,10.7,8.4,24.5,0.11,0.2119,0
Air,East_Asia,Oceania,6311.5,27.9,13.5,0.4839,Standard,0.8139,52.2,50.6,22.2,0.2827,0.2618,1
Ocean,South_Asia,North_America,18636.9,657.3,286.9,0.4365,High,0.8283,12.5,42.7,10.0,0.05,0.7251,1
Ocean,Southeast_Asia,Middle_East,7927.1,317.0,78.7,0.2483,High,0.833,27.0,23.5,9.9,0.6343,0.7205,1
Road,East_Asia,East_Asia,882.4,16.9,16.2,0.9586,High,0.6719,48.4,35.9,46.5,0.0571,0.2303,1
Road,East_Asia,East_Asia,150.0,9.6,0.5,0.0521,Standard,0.9755,46.1,45.4,41.2,0.0811,0.258,1
Road,Europe,Europe,1458.9,29.0,23.8,0.8207,High,0.7967,67.1,33.8,57.3,0.157,0.0603,1
Road,Europe,Latin_America,818.1,18.5,17.8,0.9622,High,0.7638,17.9,14.9,44.3,0.2458,0.6531,1
Ocean,South_Asia,Europe,8552.8,314.6,50.6,0.1608,Standard,0.99,44.2,21.0,15.5,0.4014,0.6122,1
Road,East_Asia,Latin_America,187.1,14.3,1.3,0.0909,High,0.6432,30.1,75.8,12.6,0.2331,0.1536,1
Road,North_America,North_America,1518.6,34.2,22.2,0.6491,Urgent,0.7654,15.9,100.0,43.9,0.0887,0.5668,1
Air,North_America,Europe,7969.2,26.8,15.9,0.5933,Standard,0.9792,27.8,21.8,23.6,0.4088,0.8357,1
Rail,North_America,North_America,2569.6,94.1,58.5,0.6217,Urgent,0.9082,11.1,87.2,19.5,0.083,0.4432,1
Air,Europe,Middle_East,10425.3,28.8,19.0,0.6597,High,0.8831,18.3,17.8,40.9,0.495,0.804,1
Ocean,South_Asia,North_America,9737.3,370.5,192.5,0.5196,Urgent,0.8632,29.8,79.8,22.1,0.357,0.7915,1
Rail,Europe,Europe,3033.9,108.4,79.4,0.7325,Standard,0.8678,31.5,68.8,9.1,0.207,0.6946,1
Air,East_Asia,Oceania,7501.2,27.4,12.8,0.4672,Standard,0.9534,82.1,3.9,30.2,0.3839,0.3773,1
Rail,East_Asia,East_Asia,4299.5,126.9,71.5,0.5634,Standard,0.799,31.4,23.6,4.8,0.0277,0.7384,1
Road,North_America,North_America,1318.4,29.5,14.6,0.4949,High,0.6579,26.4,5.6,15.6,0.1576,0.5634,1
Ocean,Southeast_Asia,Oceania,8023.1,301.2,213.7,0.7095,Urgent,0.9704,82.7,64.9,34.4,0.218,0.4867,1
Rail,North_America,North_America,4550.9,132.7,17.1,0.1289,High,0.8959,22.1,17.1,29.6,0.0668,0.3229,1
Ocean,Southeast_Asia,North_America,9024.9,370.0,107.6,0.2908,Standard,0.7829,23.8,15.2,9.6,0.4162,0.7993,1
Ocean,South_Asia,Oceania,13121.6,447.8,273.7,0.6112,High,0.917,36.8,18.5,55.8,0.5047,0.5803,1
Ocean,South_Asia,Europe,9423.7,343.8,43.0,0.1251,Urgent,0.8887,52.4,54.7,10.0,0.6378,0.4883,1
Ocean,Europe,Middle_East,10015.7,376.5,324.7,0.8624,High,0.9357,45.1,31.1,11.5,0.4424,0.9102,1
Road,East_Asia,East_Asia,150.0,11.3,9.6,0.8496,Urgent,0.99,67.4,28.2,39.6,0.062,0.6792,1
Ocean,East_Asia,Oceania,11914.5,434.6,326.7,0.7517,Urgent,0.8257,25.1,20.5,10.0,0.6463,0.8464,1
Road,North_America,North_America,1218.5,31.8,23.9,0.7516,High,0.736,51.3,45.8,15.7,0.1825,0.6346,1
Air,South_Asia,Europe,8498.2,24.3,4.6,0.1893,Urgent,0.875,65.2,22.0,29.5,0.2789,0.3933,1
Ocean,Southeast_Asia,Middle_East,13129.3,478.4,39.1,0.0817,Standard,0.99,19.4,30.5,15.6,0.5948,0.5346,1
Ocean,East_Asia,Europe,7045.0,307.1,247.6,0.8063,High,0.6208,10.4,44.8,46.5,0.4802,0.9382,1
Rail,East_Asia,East_Asia,4905.9,135.3,13.2,0.0976,Standard,0.6938,26.6,100.0,20.0,0.0889,0.4593,1
Ocean,Southeast_Asia,Middle_East,10615.7,388.7,148.5,0.382,Standard,0.9748,13.3,6.5,12.5,0.397,0.2321,0
Air,Southeast_Asia,Europe,5362.0,21.6,20.2,0.9352,High,0.7865,24.6,18.3,19.0,0.1984,0.7196,1
Rail,North_America,North_America,3289.3,94.1,6.7,0.0712,Standard,0.896,11.7,70.5,31.4,0.1629,0.9146,1
Air,Latin_America,Europe,2439.7,15.3,5.4,0.3529,High,0.9772,18.4,48.8,41.8,0.3225,0.6106,1
Road,Latin_America,Latin_America,1324.4,33.1,3.4,0.1027,High,0.8156,64.9,46.8,3.1,0.1703,0.1954,1
Ocean,East_Asia,Latin_America,12507.2,470.4,116.1,0.2468,Urgent,0.99,18.5,22.2,39.3,0.7028,0.9708,1
Ocean,South_Asia,Middle_East,14641.3,500.8,195.4,0.3902,High,0.9416,29.8,16.2,33.0,0.3106,0.251,1
Ocean,Europe,Latin_America,10964.3,408.4,27.4,0.0671,High,0.7867,32.0,28.2,25.0,0.4086,0.9111,1
Ocean,Europe,North_America,7159.0,300.4,257.0,0.8555,Standard,0.6838,67.9,63.4,17.4,0.4307,0.4123,1
Road,Europe,Europe,1251.6,31.8,20.0,0.6289,High,0.7569,88.3,9.4,19.9,0.1672,0.4428,1
Rail,Europe,Europe,1777.8,48.9,44.0,0.8998,High,0.823,46.7,33.6,13.6,0.142,0.6938,1
Air,South_Asia,Europe,5682.9,43.6,2.8,0.0642,High,0.9189,17.3,40.9,11.0,0.5649,0.6329,1
Ocean,Europe,North_America,14113.6,505.2,232.2,0.4596,Standard,0.7376,9.8,34.6,22.5,0.3789,0.1888,1
Rail,South_Asia,South_Asia,5064.5,132.2,124.8,0.944,Standard,0.9043,33.5,66.4,12.4,0.207,0.3866,1
Air,South_Asia,Oceania,6830.1,29.6,26.9,0.9088,Urgent,0.7928,40.1,8.5,36.2,0.4493,0.6292,1
Air,Latin_America,North_America,6901.6,28.7,25.4,0.885,Standard,0.8129,40.2,79.1,22.7,0.8758,0.8648,1
Ocean,South_Asia,Middle_East,11779.1,450.4,273.9,0.6081,Standard,0.7694,30.6,45.5,24.2,0.7322,0.863,1
Rail,East_Asia,Europe,2596.5,68.1,24.8,0.3642,Urgent,0.8845,21.4,50.5,22.9,0.4814,0.5736,1
Air,Southeast_Asia,Europe,7492.2,25.8,23.6,0.9147,Standard,0.6707,37.8,62.5,31.8,0.5747,0.9305,1
Air,Europe,North_America,5963.6,43.2,18.4,0.4259,Standard,0.9475,38.9,18.7,48.5,0.4276,0.5608,1
Rail,Europe,Europe,3304.9,91.8,42.2,0.4597,High,0.7607,43.0,28.4,50.9,0.1989,0.3446,1
Road,North_America,North_America,1352.7,25.4,9.7,0.3819,Standard,0.9569,35.0,40.8,75.0,0.0723,0.8632,1
Road,Latin_America,Europe,1218.3,31.3,11.7,0.3738,Standard,0.9135,35.1,25.6,10.5,0.6388,0.3915,1
Air,Southeast_Asia,Middle_East,5010.3,40.4,37.9,0.9381,High,0.9643,26.4,20.0,33.0,0.4261,0.9726,1
Ocean,South_Asia,Latin_America,8787.8,364.5,94.8,0.2601,Standard,0.99,36.3,40.1,14.1,0.439,0.2008,1
Road,North_America,North_America,1504.1,35.6,17.7,0.4972,Standard,0.7518,41.5,43.0,54.1,0.1293,0.7349,1
Ocean,South_Asia,Europe,11927.9,445.1,224.3,0.5039,Standard,0.7036,43.8,42.1,24.1,0.4758,0.8225,1
Road,Latin_America,Latin_America,955.2,21.3,12.5,0.5869,Standard,0.8976,31.3,43.4,19.0,0.1552,0.0871,1
Air,Southeast_Asia,Oceania,4453.6,26.1,4.8,0.1839,Standard,0.979,54.1,61.8,46.0,0.3164,0.8085,1
Road,North_America,North_America,1509.0,36.8,27.6,0.75,High,0.8835,29.6,56.3,19.3,0.0471,0.2265,1
Ocean,Southeast_Asia,Latin_America,11897.5,441.2,305.4,0.6922,Standard,0.8082,38.7,31.7,42.4,0.05,0.9489,1
Road,Latin_America,Latin_America,1399.8,27.9,19.8,0.7097,High,0.7919,37.8,17.3,14.6,0.2175,0.7196,1
Ocean,South_Asia,Middle_East,16060.7,557.9,349.7,0.6268,Standard,0.9526,44.4,25.8,19.7,0.7516,0.9531,1
Rail,South_Asia,North_America,2996.3,79.3,60.8,0.7667,Standard,0.99,29.7,52.0,14.9,0.05,0.5841,1
Air,East_Asia,Oceania,13054.5,49.6,28.4,0.5726,Standard,0.8489,23.7,34.8,17.0,0.3758,0.9355,1
Air,East_Asia,Europe,4356.6,38.0,23.5,0.6184,Standard,0.99,28.9,46.6,21.6,0.2136,0.9448,1
Rail,Europe,Europe,4437.2,110.8,25.5,0.2301,High,0.6815,35.3,48.3,41.2,0.0208,0.8258,1
Ocean,East_Asia,North_America,12529.1,434.1,77.0,0.1774,Urgent,0.9083,63.9,58.6,16.7,0.3152,0.1667,1
Road,East_Asia,Europe,921.6,23.4,2.4,0.1026,Standard,0.99,12.2,46.1,7.4,0.5731,0.6454,0
Road,North_America,North_America,1562.2,28.0,23.9,0.8536,High,0.8675,44.3,63.0,4.8,0.1699,0.277,1
Air,South_Asia,Oceania,7303.0,39.8,34.1,0.8568,High,0.9313,70.2,28.1,32.2,0.083,0.5851,1
Road,East_Asia,Europe,803.4,19.6,10.4,0.5306,Standard,0.6976,28.1,20.8,9.7,0.3163,0.3355,1
Rail,East_Asia,East_Asia,2754.3,101.0,22.7,0.2248,Standard,0.862,29.8,50.6,8.8,0.1922,0.707,1
Road,East_Asia,East_Asia,1283.0,31.7,22.6,0.7129,Urgent,0.8736,12.3,18.0,34.6,0.15,0.9779,1
Air,South_Asia,East_Asia,7193.6,44.6,37.3,0.8363,Standard,0.7914,21.5,53.2,47.0,0.5274,0.9732,1
Ocean,South_Asia,Middle_East,9477.6,371.6,143.3,0.3856,Urgent,0.6973,33.7,38.7,27.8,0.6027,0.9297,1
Ocean,South_Asia,Europe,12295.0,467.6,243.7,0.5212,High,0.8605,36.1,52.8,29.6,0.3934,0.5255,1
Air,Southeast_Asia,Oceania,2586.1,19.8,5.8,0.2929,Standard,0.8841,18.4,9.4,55.1,0.5708,0.8538,1
Ocean,East_Asia,North_America,10949.1,385.5,156.0,0.4047,Standard,0.9074,35.7,10.9,30.7,0.3381,0.3656,1
Ocean,South_Asia,Latin_America,9396.9,350.2,181.6,0.5186,High,0.8377,64.1,24.0,6.9,0.7104,0.5893,1
Air,Latin_America,Middle_East,10034.5,45.2,7.2,0.1593,Standard,0.8245,77.6,24.5,13.6,0.3725,0.9686,1
Air,Latin_America,East_Asia,9096.7,32.0,29.8,0.9313,High,0.6499,36.5,26.7,36.8,0.4086,0.552,1
Air,Southeast_Asia,Europe,6164.6,42.9,33.8,0.7879,Standard,0.8084,23.3,41.1,53.0,0.3188,0.8233,1
Ocean,Europe,North_America,3500.0,178.8,31.2,0.1745,Standard,0.7298,19.5,100.0,8.8,0.472,0.6765,1
Air,Middle_East,Europe,5232.3,20.4,4.4,0.2157,Urgent,0.8725,16.4,60.5,60.8,0.1746,0.9509,1
Road,East_Asia,East_Asia,907.0,21.6,19.8,0.9167,Standard,0.7697,26.8,32.6,46.7,0.0911,0.2878,1
Rail,South_Asia,South_Asia,1249.5,52.6,20.1,0.3821,Standard,0.6587,80.2,71.4,40.9,0.1207,0.8818,1
Road,Europe,Europe,1023.7,25.8,24.8,0.9612,Standard,0.9235,82.6,26.2,20.0,0.1172,0.8967,1
Ocean,South_Asia,Latin_America,10569.8,370.3,360.7,0.9741,Standard,0.8455,17.1,23.0,22.3,0.5104,0.7009,1
Road,East_Asia,Europe,2148.9,45.6,31.6,0.693,Standard,0.7543,48.2,25.8,23.3,0.3719,0.42,1
Road,Europe,Latin_America,915.9,24.0,6.0,0.25,Urgent,0.6211,57.8,44.3,24.1,0.267,0.3888,1
Ocean,East_Asia,North_America,10547.6,394.8,182.0,0.461,Standard,0.99,31.7,50.3,22.2,0.5723,0.2464,1
Air,North_America,East_Asia,4906.5,25.3,7.7,0.3043,Standard,0.9687,39.0,36.2,11.1,0.2872,0.7268,1
Ocean,Europe,Oceania,14910.6,542.7,183.7,0.3385,Standard,0.9384,34.4,9.1,4.2,0.5046,0.3881,1
Air,Southeast_Asia,North_America,6832.3,29.7,23.1,0.7778,High,0.7719,26.3,28.3,46.8,0.0524,0.5115,1
Ocean,Southeast_Asia,Europe,11971.9,453.6,434.7,0.9583,Standard,0.985,23.8,19.0,29.4,0.6456,0.6986,1
Rail,North_America,Europe,3000.7,103.3,61.3,0.5934,Standard,0.99,45.2,22.3,38.3,0.5878,0.3104,1
Road,Europe,Europe,1440.8,25.6,7.9,0.3086,Urgent,0.8359,47.9,100.0,32.1,0.0929,0.7342,1
Road,Latin_America,Latin_America,932.4,25.9,14.1,0.5444,Standard,0.693,4.9,87.2,25.7,0.1491,0.7309,1
Air,Middle_East,Oceania,9715.9,35.3,32.4,0.9178,High,0.9373,45.4,34.2,40.2,0.443,0.4605,1
Air,North_America,Europe,9644.3,41.0,18.7,0.4561,Standard,0.8557,18.1,41.8,23.7,0.2548,0.2465,1
Road,Latin_America,Europe,933.9,27.0,15.1,0.5593,Standard,0.7562,25.8,25.6,31.8,0.3474,0.0512,1
Road,Latin_America,Latin_America,1497.7,30.4,3.2,0.1053,Standard,0.8838,36.3,54.1,7.4,0.02,0.925,1
Road,Europe,Europe,594.8,18.8,17.7,0.9415,Standard,0.7273,13.5,39.6,31.4,0.1504,0.0868,1
Ocean,South_Asia,North_America,12152.8,470.4,113.5,0.2413,Urgent,0.926,26.1,33.7,40.1,0.5104,0.7819,1
Road,North_America,North_America,752.3,16.0,4.6,0.2875,High,0.7371,24.9,22.6,29.3,0.162,0.0858,1
Air,Middle_East,North_America,4033.4,39.7,5.1,0.1285,Standard,0.9748,29.7,24.8,49.4,0.3119,0.4513,1
Road,Europe,Europe,1154.0,25.2,16.9,0.6706,High,0.9869,55.4,100.0,29.4,0.0459,0.1281,1
Air,North_America,East_Asia,3951.3,21.3,4.2,0.1972,High,0.4643,46.1,20.8,43.7,0.6016,0.238,1
Air,East_Asia,Oceania,4577.5,18.7,11.5,0.615,Standard,0.7972,45.3,43.3,22.0,0.5594,0.4757,1
Ocean,Southeast_Asia,Oceania,12596.8,433.7,219.5,0.5061,High,0.9189,19.6,19.4,26.6,0.3612,0.7698,1
Ocean,Europe,Latin_America,10462.4,381.1,357.0,0.9368,Standard,0.8716,40.8,39.2,7.3,0.3999,0.1115,1
Ocean,Southeast_Asia,Oceania,15091.3,524.0,413.5,0.7891,High,0.8548,18.7,10.5,38.9,0.2571,0.4262,1
Road,East_Asia,East_Asia,897.5,25.8,3.8,0.1473,High,0.9489,33.1,1.3,27.7,0.1343,0.9336,1
Rail,South_Asia,East_Asia,2217.4,63.0,4.8,0.0762,Standard,0.9218,16.1,25.3,15.4,0.125,0.1809,0
Ocean,Europe,Latin_America,6780.5,292.7,238.3,0.8141,Standard,0.99,17.0,71.3,10.7,0.5668,0.3044,1
Ocean,Southeast_Asia,Middle_East,14505.2,517.9,502.7,0.9707,Standard,0.99,17.4,30.8,22.8,0.5725,0.417,1
Ocean,South_Asia,Latin_America,11977.3,448.3,348.1,0.7765,Urgent,0.8744,30.1,24.4,25.7,0.4228,0.2413,1
Ocean,Southeast_Asia,Europe,12477.8,465.5,62.0,0.1332,Standard,0.99,54.4,100.0,49.8,0.4102,0.8847,1
Air,South_Asia,East_Asia,2241.4,22.3,4.6,0.2063,Urgent,0.7946,19.4,94.2,26.8,0.295,0.1323,1
Air,Latin_America,East_Asia,4214.5,23.7,23.2,0.9789,High,0.6897,29.4,32.8,24.9,0.5065,0.9307,1
Air,Southeast_Asia,Europe,5443.2,27.2,9.3,0.3419,Standard,0.7325,32.3,51.8,100.0,0.5926,0.6228,1
Rail,North_America,Europe,3670.1,110.2,85.1,0.7722,Standard,0.8429,37.7,59.0,23.2,0.5248,0.5089,1
Ocean,Southeast_Asia,Europe,8881.4,337.2,44.1,0.1308,High,0.99,26.9,26.9,18.8,0.2512,0.521,1
Ocean,South_Asia,Middle_East,12680.1,459.8,109.2,0.2375,Urgent,0.99,32.7,43.5,19.3,0.2197,0.0863,1
Ocean,Southeast_Asia,Middle_East,14940.0,520.3,259.8,0.4993,Standard,0.6589,2.4,29.7,99.6,0.05,0.9199,1
Rail,North_America,North_America,2946.1,73.8,8.8,0.1192,High,0.773,9.6,31.0,15.2,0.2589,0.1514,0
Air,Middle_East,Oceania,6075.8,35.8,17.0,0.4749,High,0.6602,61.4,46.4,46.4,0.2124,0.4684,1
Air,South_Asia,North_America,9762.0,48.9,8.5,0.1738,High,0.7111,21.4,51.0,22.4,0.3525,0.6236,1
Road,Latin_America,Latin_America,1208.1,22.1,6.4,0.2896,Standard,0.9405,56.5,28.9,9.2,0.1772,0.6891,1
Road,Latin_America,Latin_America,1224.0,27.3,18.9,0.6923,Standard,0.8701,31.8,21.7,37.4,0.0961,0.2664,1
Air,South_Asia,East_Asia,2918.5,35.1,11.2,0.3191,Standard,0.6639,49.0,15.5,20.7,0.6535,0.4951,1
Ocean,East_Asia,Middle_East,12625.7,435.3,363.2,0.8344,High,0.9223,28.3,27.5,71.7,0.2582,0.8504,1
Ocean,South_Asia,Middle_East,14344.5,542.4,290.5,0.5356,Standard,0.8281,26.1,19.0,39.3,0.2838,0.8443,1
Rail,East_Asia,East_Asia,1090.8,42.1,3.2,0.076,Standard,0.784,35.1,46.6,14.9,0.1277,0.2184,0
Air,South_Asia,Middle_East,7080.4,23.5,7.6,0.3234,Standard,0.7037,100.0,25.4,66.0,0.5601,0.5384,1
Air,East_Asia,Middle_East,8581.9,31.4,22.2,0.707,Standard,0.7178,10.5,6.1,51.4,0.3016,0.8731,1
Air,North_America,Oceania,6150.4,21.5,14.7,0.6837,Standard,0.718,19.0,21.6,72.8,0.3466,0.3787,1
Air,Europe,North_America,4885.4,25.4,19.2,0.7559,Urgent,0.7545,45.7,52.0,21.0,0.05,0.8489,1
Ocean,Europe,Latin_America,13020.6,448.7,362.3,0.8074,Standard,0.7165,18.6,11.4,20.5,0.371,0.4106,1
Rail,South_Asia,South_Asia,5075.0,144.8,71.9,0.4965,High,0.8268,23.9,40.1,41.6,0.1643,0.1568,1
Ocean,Southeast_Asia,Latin_America,11693.0,456.7,242.4,0.5308,High,0.9414,34.4,25.9,38.2,0.3828,0.3838,1
Ocean,Europe,Latin_America,8327.3,320.6,228.0,0.7112,Standard,0.866,93.6,47.3,34.6,0.4304,0.9131,1
Air,East_Asia,Europe,6288.4,25.4,13.1,0.5157,High,0.6808,12.2,38.6,54.1,0.6517,0.5828,1
Air,East_Asia,North_America,6249.4,23.6,9.6,0.4068,Standard,0.99,26.5,62.3,22.5,0.6117,0.6412,1
Ocean,East_Asia,Europe,9584.1,347.3,298.3,0.8589,Standard,0.8424,45.3,16.0,23.3,0.8597,0.7195,1
Rail,North_America,North_America,4318.6,99.0,69.4,0.701,Standard,0.8146,32.9,15.8,33.1,0.2424,0.3292,1
Ocean,East_Asia,Oceania,9383.9,386.0,253.4,0.6565,High,0.655,34.8,37.7,62.2,0.417,0.8818,1
Ocean,South_Asia,North_America,13510.3,490.5,254.9,0.5197,Standard,0.7428,74.6,37.6,40.5,0.0865,0.5946,1
Ocean,East_Asia,Latin_America,10873.9,416.7,208.4,0.5001,High,0.9351,52.0,34.1,42.1,0.1585,0.8446,1
Road,East_Asia,East_Asia,1145.4,27.9,17.4,0.6237,High,0.9505,56.4,63.8,13.2,0.2045,0.3532,1
Ocean,Southeast_Asia,Oceania,5482.9,221.0,213.0,0.9638,High,0.9207,23.3,25.2,79.7,0.3406,0.8986,1
Ocean,South_Asia,Middle_East,7290.1,275.5,207.8,0.7543,Standard,0.829,45.4,24.4,36.6,0.7063,0.9521,1
Rail,East_Asia,East_Asia,2716.2,80.6,48.4,0.6005,High,0.99,41.1,32.8,22.7,0.1514,0.0501,0
Ocean,Europe,Oceania,14832.0,534.5,336.3,0.6292,Standard,0.7736,44.0,52.9,35.7,0.5002,0.3636,1
Rail,North_America,Europe,4293.2,121.6,30.5,0.2508,Standard,0.7082,17.8,32.6,34.1,0.5222,0.2325,1
Ocean,Europe,Middle_East,14684.4,510.1,64.1,0.1257,Urgent,0.777,52.2,56.8,36.2,0.6059,0.8417,1
Ocean,East_Asia,Europe,9722.5,358.9,62.2,0.1733,Standard,0.7304,31.6,16.5,24.5,0.4296,0.4627,1
Road,East_Asia,East_Asia,1099.9,29.5,28.3,0.9593,Standard,0.8528,36.4,32.9,36.4,0.0331,0.7197,1
Ocean,South_Asia,North_America,10025.9,388.4,137.5,0.354,High,0.99,38.9,29.1,22.2,0.542,0.5476,1
Ocean,East_Asia,Europe,6440.1,293.4,143.2,0.4881,Standard,0.8748,39.8,54.5,2.3,0.7862,0.931,1
Air,East_Asia,North_America,7210.9,24.6,14.1,0.5732,Standard,0.7627,61.1,20.2,19.2,0.431,0.8483,1
Air,Latin_America,North_America,2432.8,18.6,3.3,0.1774,High,0.8337,37.3,24.8,41.7,0.4049,0.3732,1
Ocean,South_Asia,Latin_America,12845.1,469.7,343.1,0.7305,Standard,0.99,51.6,28.1,7.5,0.2583,0.7805,1
Ocean,Europe,Oceania,12953.9,451.7,77.5,0.1716,Standard,0.792,23.3,22.1,12.5,0.4758,0.7343,1
Ocean,Europe,Europe,6076.1,248.5,143.1,0.5759,High,0.7583,19.9,16.1,57.6,0.0855,0.82,1
Rail,South_Asia,South_Asia,2545.2,98.8,77.3,0.7824,Urgent,0.7271,33.4,31.2,20.4,0.1203,0.9408,1
Rail,North_America,North_America,4133.2,108.5,35.5,0.3272,High,0.7914,25.0,15.1,31.3,0.0805,0.6362,1
Ocean,East_Asia,Europe,11475.1,405.5,163.1,0.4022,Urgent,0.9236,56.5,73.7,17.3,0.3491,0.3275,1
Road,Latin_America,Latin_America,1303.4,23.0,6.6,0.287,Standard,0.99,100.0,30.3,19.6,0.114,0.7927,1
Ocean,Southeast_Asia,North_America,5951.4,253.4,88.5,0.3493,High,0.7753,61.5,41.3,26.4,0.6484,0.4588,1
Rail,East_Asia,Europe,2223.5,65.4,27.7,0.4235,Standard,0.9457,17.4,64.1,48.2,0.1712,0.3438,1
Air,North_America,Middle_East,6831.4,42.0,13.1,0.3119,Standard,0.99,8.4,86.6,18.4,0.4466,0.1813,1
Air,South_Asia,Europe,8219.5,25.2,15.0,0.5952,Standard,0.9296,22.2,20.9,18.2,0.4292,0.1836,1
Rail,East_Asia,East_Asia,1629.5,78.7,28.8,0.3659,Standard,0.9136,44.4,35.0,47.4,0.1033,0.2838,0
Ocean,Southeast_Asia,North_America,11699.5,460.8,287.4,0.6237,High,0.8703,44.2,21.0,8.1,0.6518,0.486,1
Road,Latin_America,Latin_America,1444.9,36.5,13.8,0.3781,Standard,0.9039,35.5,62.1,3.1,0.0987,0.162,1
Rail,East_Asia,East_Asia,2791.0,81.3,20.0,0.246,High,0.99,19.6,48.6,60.4,0.2163,0.5093,1
Rail,North_America,North_America,2042.1,72.4,31.5,0.4351,High,0.5889,26.5,31.1,14.3,0.2531,0.8548,1
Road,Europe,Europe,1348.1,34.0,4.8,0.1412,Urgent,0.8906,11.7,21.9,31.0,0.1019,0.4689,0
Ocean,Southeast_Asia,Oceania,15072.2,538.1,110.5,0.2054,Standard,0.9595,55.8,23.1,25.4,0.454,0.8435,1
Road,East_Asia,East_Asia,1730.5,33.8,26.4,0.7811,High,0.7767,9.7,18.0,10.1,0.1495,0.2767,0
Rail,East_Asia,East_Asia,3382.9,109.1,10.2,0.0935,High,0.8025,8.3,36.8,32.8,0.1593,0.2035,1
Road,North_America,Europe,228.8,17.9,4.9,0.2737,Standard,0.6639,42.7,49.6,15.7,0.212,0.7516,1
Ocean,Southeast_Asia,Middle_East,15280.4,515.5,157.3,0.3051,Urgent,0.8687,38.6,12.9,6.5,0.1895,0.6403,1
Air,South_Asia,East_Asia,6719.9,41.1,30.2,0.7348,Urgent,0.99,14.7,35.7,33.7,0.6328,0.5791,1
Air,Southeast_Asia,East_Asia,9224.5,37.2,20.4,0.5484,High,0.8484,39.7,90.4,44.9,0.8968,0.818,1
Rail,South_Asia,South_Asia,2718.7,84.8,53.4,0.6297,Standard,0.8213,31.1,46.5,14.6,0.1543,0.2673,1
Air,North_America,Middle_East,9540.9,35.1,4.3,0.1225,Standard,0.9523,57.8,59.4,10.1,0.301,0.1553,1
Rail,South_Asia,South_Asia,3433.9,93.5,64.9,0.6941,Standard,0.8135,32.1,41.7,13.9,0.0558,0.2965,1
Ocean,Europe,Europe,16338.1,568.4,396.4,0.6974,Standard,0.8948,39.5,51.0,15.0,0.101,0.4241,1
Ocean,Europe,Middle_East,12914.3,458.4,64.6,0.1409,Urgent,0.9825,16.9,28.1,15.3,0.4815,0.464,1
Ocean,South_Asia,Middle_East,7953.0,329.3,148.5,0.451,High,0.6245,19.8,45.1,41.0,0.2857,0.4827,1
Road,North_America,North_America,730.4,16.6,13.3,0.8012,High,0.8243,22.2,35.3,25.1,0.1143,0.8586,1
Ocean,Southeast_Asia,Latin_America,8491.9,339.5,201.7,0.5941,Standard,0.99,18.9,21.6,34.6,0.399,0.524,1
Ocean,Europe,Oceania,9625.0,348.9,240.6,0.6896,High,0.8629,19.3,56.9,47.8,0.5865,0.5836,1
Ocean,South_Asia,Oceania,8754.2,348.8,148.0,0.4243,Standard,0.9579,14.6,17.6,45.9,0.2939,0.3295,1
Ocean,Europe,Latin_America,13818.9,500.5,86.7,0.1732,Standard,0.9894,38.7,73.8,12.0,0.5102,0.895,1
Rail,South_Asia,South_Asia,2721.4,78.2,24.0,0.3069,Standard,0.7616,29.2,92.4,6.1,0.0639,0.483,1
Rail,South_Asia,South_Asia,4296.5,101.8,91.2,0.8959,Standard,0.99,41.2,57.4,10.6,0.0872,0.9509,1
Road,East_Asia,East_Asia,555.4,16.0,1.0,0.0625,Standard,0.8193,73.1,24.7,20.0,0.1308,0.0938,1
Ocean,Southeast_Asia,Oceania,16430.3,605.6,558.4,0.9221,Standard,0.99,10.9,41.6,6.3,0.8232,0.7186,1
Ocean,East_Asia,Middle_East,9618.7,379.8,146.4,0.3855,Standard,0.6475,18.1,21.6,22.1,0.3648,0.9382,1
Rail,East_Asia,East_Asia,983.9,65.1,45.3,0.6959,Standard,0.8743,31.0,27.1,41.3,0.0658,0.4402,1
Ocean,South_Asia,North_America,7912.3,340.6,176.9,0.5194,Standard,0.9309,36.3,32.5,9.9,0.3,0.5575,1
Ocean,South_Asia,Middle_East,8896.2,325.4,20.6,0.0633,Standard,0.7315,16.4,18.8,21.9,0.2392,0.8615,1
Ocean,South_Asia,Europe,9640.3,353.8,319.2,0.9022,Standard,0.9557,56.7,24.7,4.7,0.4158,0.7745,1
Ocean,Europe,Middle_East,10133.2,363.7,84.9,0.2334,Standard,0.865,25.0,65.6,9.4,0.4037,0.3001,1
Air,Southeast_Asia,Middle_East,4440.4,19.3,13.8,0.715,Standard,0.8689,59.0,53.4,11.6,0.2061,0.1594,1
Rail,South_Asia,South_Asia,4389.6,131.3,85.3,0.6497,High,0.8813,44.9,45.2,7.1,0.1296,0.2522,1
Ocean,East_Asia,Europe,11694.9,420.7,90.8,0.2158,Standard,0.99,28.1,49.3,29.0,0.6979,0.05,1
Air,East_Asia,North_America,3283.4,27.2,13.3,0.489,Standard,0.8018,41.0,30.2,26.8,0.4265,0.3011,1
Air,South_Asia,Middle_East,5452.1,41.4,27.7,0.6691,Urgent,0.99,3.3,7.4,19.5,0.4589,0.1734,0
Ocean,South_Asia,Oceania,13131.1,488.5,189.0,0.3869,Standard,0.6438,28.4,33.9,58.6,0.4044,0.5331,1
Road,Europe,Europe,150.0,15.8,4.8,0.3038,High,0.9789,39.1,36.1,54.1,0.0919,0.0976,1
Ocean,South_Asia,Latin_America,10904.4,382.1,142.5,0.3729,High,0.9023,35.9,16.2,70.4,0.4287,0.483,1
Air,Middle_East,East_Asia,7779.7,46.0,7.4,0.1609,High,0.7423,11.4,41.2,41.7,0.5651,0.5686,1
Ocean,East_Asia,Oceania,9120.6,347.2,133.5,0.3845,High,0.9086,36.1,36.6,43.7,0.1977,0.9689,1
Road,Europe,Europe,1900.2,38.4,33.9,0.8828,Urgent,0.7367,36.6,9.1,11.6,0.1068,0.7137,1
Ocean,Europe,Oceania,8351.9,303.5,244.7,0.8063,Standard,0.6587,22.8,27.1,57.7,0.2373,0.8231,1
Ocean,South_Asia,Europe,8550.0,327.7,218.0,0.6652,Standard,0.8484,31.4,27.6,18.7,0.3562,0.6176,1
Rail,East_Asia,East_Asia,3018.7,74.0,62.0,0.8378,Standard,0.5961,4.5,16.0,5.5,0.1446,0.3226,1
Air,North_America,Europe,4764.9,23.0,2.9,0.1261,Standard,0.7909,29.5,39.5,11.8,0.4625,0.5664,1
Road,North_America,North_America,1676.7,31.8,19.0,0.5975,Standard,0.8666,7.7,49.0,100.0,0.112,0.4209,1
Ocean,Southeast_Asia,Oceania,14868.1,518.6,223.6,0.4312,Standard,0.8402,16.7,27.2,16.3,0.6086,0.5839,1
Air,Southeast_Asia,Middle_East,9511.5,42.4,29.5,0.6958,Standard,0.8236,77.3,30.9,9.7,0.1725,0.2842,1
Rail,South_Asia,Europe,4558.3,114.7,74.7,0.6513,Standard,0.7172,49.8,11.1,30.2,0.05,0.0625,1
Ocean,East_Asia,Latin_America,11980.1,423.3,262.0,0.6189,High,0.665,15.7,17.9,39.0,0.2782,0.329,1
Ocean,South_Asia,Latin_America,10867.4,434.9,252.8,0.5813,High,0.6844,35.6,26.0,100.0,0.5237,0.5255,1
Ocean,East_Asia,Middle_East,19490.2,648.4,213.7,0.3296,Standard,0.9255,11.1,25.3,27.7,0.4075,0.2916,1
Ocean,South_Asia,North_America,13284.2,456.9,140.5,0.3075,Standard,0.785,19.1,35.0,19.1,0.4327,0.2258,1
Ocean,East_Asia,Europe,9821.3,349.1,293.6,0.841,High,0.9531,49.8,58.9,37.8,0.7953,0.4997,1
Ocean,East_Asia,North_America,10706.6,386.0,192.6,0.499,Urgent,0.99,10.2,26.1,32.6,0.7933,0.6937,1
Ocean,Europe,North_America,7134.7,299.3,167.9,0.561,Standard,0.7809,31.2,16.5,28.2,0.2698,0.4863,1
Rail,South_Asia,South_Asia,4190.8,118.8,41.3,0.3476,High,0.99,24.7,93.4,29.7,0.087,0.2228,1
Road,Latin_America,Latin_America,931.3,28.5,26.7,0.9368,Standard,0.7657,31.2,2.5,24.9,0.02,0.9138,1
Air,North_America,Oceania,5944.6,35.7,26.8,0.7507,Standard,0.9065,14.5,21.8,11.6,0.5842,0.9266,1
Road,North_America,North_America,1918.8,37.8,2.7,0.0714,High,0.8629,31.5,100.0,35.4,0.0873,0.3279,1
Road,Europe,Europe,1749.7,40.3,22.1,0.5484,Standard,0.99,17.4,2.0,29.0,0.1077,0.8854,0
Rail,South_Asia,South_Asia,500.0,37.2,28.0,0.7527,High,0.7409,24.8,36.8,30.0,0.0929,0.4152,1
Road,North_America,Latin_America,1989.7,42.0,11.1,0.2643,Standard,0.99,52.4,27.8,26.1,0.1915,0.4988,1
Road,Europe,North_America,1491.0,30.8,10.6,0.3442,Standard,0.99,20.0,36.1,32.2,0.5167,0.742,1
Road,Latin_America,Latin_America,1059.8,30.1,25.7,0.8538,Standard,0.8496,58.9,55.3,13.6,0.0313,0.3725,1
Air,Latin_America,Europe,4686.8,31.3,16.1,0.5144,High,0.825,14.7,8.7,26.0,0.7007,0.5474,1
Air,Europe,Oceania,7747.5,43.5,38.7,0.8897,Standard,0.8529,74.2,16.5,18.4,0.5221,0.886,1
Air,Middle_East,Oceania,7567.9,39.3,32.3,0.8219,Standard,0.8928,73.6,9.3,28.6,0.2164,0.4377,1
Air,North_America,Oceania,6177.2,21.5,10.4,0.4837,Standard,0.8275,41.4,44.7,12.8,0.7475,0.0559,1
Ocean,South_Asia,Europe,9500.5,388.3,366.1,0.9428,High,0.6589,54.7,15.6,47.0,0.6187,0.1156,1
Ocean,East_Asia,Middle_East,9084.5,325.8,281.1,0.8628,Standard,0.7907,40.9,58.1,5.6,0.4473,0.216,1
Ocean,South_Asia,Europe,17816.4,641.2,33.4,0.0521,High,0.7734,28.1,57.4,27.2,0.3851,0.3247,1
Ocean,Southeast_Asia,Europe,11594.9,458.1,446.0,0.9736,Urgent,0.8288,35.3,92.8,31.6,0.5758,0.2837,1
Ocean,Europe,Oceania,12124.5,436.3,217.0,0.4974,Standard,0.7354,14.3,59.5,38.5,0.2661,0.1556,1
Rail,Europe,Europe,4044.4,93.9,17.4,0.1853,High,0.99,23.5,27.4,51.9,0.0974,0.8122,1
Air,Europe,Latin_America,5520.5,37.3,6.5,0.1743,High,0.5271,43.7,17.0,5.3,0.4275,0.4199,1
Rail,North_America,East_Asia,3084.4,89.4,25.5,0.2852,Standard,0.99,33.3,22.6,12.6,0.3338,0.1338,0
Ocean,South_Asia,Middle_East,15386.6,528.9,270.3,0.5111,Standard,0.99,19.7,46.0,10.6,0.5893,0.7765,1
Road,Europe,Europe,1314.6,33.2,28.2,0.8494,Standard,0.7942,70.2,24.9,13.5,0.2231,0.3096,1
Ocean,Southeast_Asia,Latin_America,12734.7,473.0,209.9,0.4438,Standard,0.5963,67.9,21.5,45.8,0.7435,0.5102,1
Ocean,East_Asia,North_America,13911.7,510.9,187.4,0.3668,High,0.545,5.9,24.4,49.6,0.3595,0.7765,1
Ocean,Europe,Europe,6488.0,260.4,110.0,0.4224,High,0.7853,27.7,45.1,48.6,0.0496,0.6265,1
Ocean,East_Asia,North_America,9211.1,334.2,212.2,0.6349,High,0.6333,21.2,24.4,25.6,0.3272,0.5732,1
Ocean,East_Asia,Oceania,11196.0,437.1,408.8,0.9353,Standard,0.8677,31.5,17.8,43.9,0.4602,0.1018,1
Rail,North_America,North_America,1824.0,76.6,4.7,0.0614,Urgent,0.99,45.8,14.3,50.0,0.1446,0.7121,1
Road,North_America,Latin_America,1536.8,34.4,17.8,0.5174,Standard,0.77,33.1,7.0,29.2,0.3316,0.8769,1
Ocean,East_Asia,Oceania,9545.6,374.9,64.3,0.1715,High,0.8663,42.0,41.9,28.1,0.196,0.1343,1
Rail,Europe,Europe,5882.2,149.4,42.4,0.2838,Standard,0.7576,27.8,7.5,21.6,0.1005,0.5453,1
Rail,North_America,North_America,3040.0,105.7,40.6,0.3841,High,0.9772,35.1,19.6,40.1,0.148,0.1287,0
Ocean,Southeast_Asia,Latin_America,14654.2,526.3,430.5,0.818,Standard,0.8381,2.8,47.9,10.5,0.3399,0.4598,1
Air,North_America,Oceania,7847.1,42.8,20.6,0.4813,Urgent,0.7507,48.2,22.8,29.5,0.1214,0.3707,1
Ocean,South_Asia,Europe,19909.7,706.9,155.6,0.2201,Urgent,0.6199,19.0,48.2,6.6,0.095,0.3319,1
Road,Europe,Europe,1945.7,43.7,23.7,0.5423,Standard,0.6628,23.3,48.1,17.6,0.1514,0.0655,1
Air,Europe,North_America,4763.4,36.7,4.1,0.1117,Urgent,0.7422,12.4,50.4,19.3,0.5164,0.1302,1
Rail,Europe,Europe,6433.4,168.0,144.8,0.8619,Standard,0.8409,6.9,23.0,19.7,0.2,0.4036,1
Road,East_Asia,Europe,640.6,21.4,7.1,0.3318,High,0.768,13.3,13.0,27.6,0.7348,0.5772,1
Road,Europe,Europe,1683.7,37.7,35.2,0.9337,Standard,0.6667,64.5,29.5,46.4,0.1576,0.6752,1
Ocean,East_Asia,North_America,9293.5,327.2,315.1,0.963,Standard,0.9702,22.6,16.7,22.3,0.3322,0.9658,1
Road,Latin_America,Latin_America,1702.4,31.8,3.8,0.1195,High,0.99,14.9,40.3,20.7,0.1508,0.3833,0
Rail,Europe,Europe,2767.9,103.0,76.0,0.7379,Standard,0.8034,26.6,38.1,18.0,0.0592,0.9613,1
Air,Middle_East,North_America,8072.9,24.1,2.5,0.1037,Standard,0.7849,23.7,43.4,22.4,0.3803,0.9227,1
Air,North_America,East_Asia,4898.2,23.0,13.1,0.5696,Urgent,0.99,22.9,38.0,42.3,0.6933,0.3722,1
Rail,Europe,Europe,5009.3,133.4,114.6,0.8591,High,0.8827,32.3,33.3,22.9,0.1582,0.9514,1
Ocean,South_Asia,Europe,4546.3,187.5,154.1,0.8219,Urgent,0.8697,21.0,4.9,49.3,0.3412,0.6993,1
Rail,South_Asia,Europe,2493.4,62.2,14.0,0.2251,Urgent,0.8722,100.0,18.8,31.3,0.6051,0.8715,1
Ocean,Europe,North_America,13975.7,511.9,292.2,0.5708,High,0.99,11.7,23.5,8.2,0.4396,0.4828,1
Rail,East_Asia,East_Asia,6033.5,134.0,26.8,0.2,Standard,0.9461,64.2,17.9,14.3,0.129,0.7667,1
Air,North_America,Latin_America,6523.5,29.6,20.2,0.6824,Standard,0.8933,21.9,44.3,30.4,0.2355,0.6206,1
Rail,South_Asia,East_Asia,4746.6,119.3,41.9,0.3512,Standard,0.8708,28.2,17.5,15.8,0.5566,0.3098,1
Air,Europe,North_America,7984.2,24.6,13.8,0.561,Standard,0.5886,37.3,35.5,29.7,0.501,0.603,1
Road,East_Asia,Latin_America,1407.5,31.8,4.0,0.1258,High,0.99,41.9,38.8,40.6,0.61,0.33,1
Road,Latin_America,Latin_America,1142.4,28.5,14.7,0.5158,High,0.99,43.1,57.3,38.3,0.1288,0.2539,1
Road,Europe,Europe,574.4,14.4,10.9,0.7569,Standard,0.8069,26.4,31.8,5.9,0.1402,0.6024,0
Road,Latin_America,Europe,1659.8,33.0,32.1,0.9727,High,0.8899,21.6,45.3,35.3,0.2799,0.8953,1
Rail,North_America,North_America,5557.1,145.3,109.1,0.7509,Standard,0.7753,16.2,27.0,10.5,0.2256,0.3379,1
Road,East_Asia,East_Asia,479.5,16.3,10.9,0.6687,Standard,0.7851,53.4,9.8,11.0,0.1511,0.64,1
Air,East_Asia,Europe,8651.5,44.6,26.1,0.5852,Standard,0.8349,15.0,18.7,48.4,0.15,0.3259,1
Road,North_America,North_America,1148.3,26.5,25.5,0.9623,High,0.7748,65.8,88.9,17.3,0.0925,0.5952,1
Rail,North_America,North_America,4307.7,109.2,36.0,0.3297,Standard,0.9274,28.4,21.8,13.6,0.02,0.1009,0
Rail,Europe,North_America,3940.7,99.6,73.9,0.742,Standard,0.99,48.3,30.1,35.4,0.3663,0.2238,1
Ocean,Southeast_Asia,Middle_East,9870.5,395.6,171.1,0.4325,Standard,0.9375,33.8,25.3,41.1,0.548,0.4845,1
Road,North_America,Latin_America,1016.0,18.8,8.8,0.4681,Standard,0.7787,24.3,26.1,8.3,0.2349,0.6033,1
Road,Latin_America,Latin_America,624.2,20.5,7.7,0.3756,High,0.8864,13.3,57.5,21.6,0.0233,0.5814,1
Ocean,East_Asia,Europe,11776.5,462.1,84.9,0.1837,Standard,0.99,34.4,11.7,34.2,0.536,0.6776,1
Ocean,East_Asia,Latin_America,9183.2,354.6,40.6,0.1145,Standard,0.7299,22.7,60.7,18.6,0.4382,0.6651,1
Road,Latin_America,Latin_America,2043.2,38.3,8.5,0.2219,Standard,0.99,20.2,16.3,2.7,0.1114,0.5777,0
Ocean,South_Asia,Oceania,6685.5,293.4,113.0,0.3851,Standard,0.5664,27.9,34.7,8.2,0.05,0.2491,1
Road,Latin_America,Latin_America,270.7,15.7,9.5,0.6051,Standard,0.9444,43.4,34.7,22.4,0.1119,0.95,1
Ocean,Southeast_Asia,Oceania,11196.6,438.6,376.5,0.8584,Urgent,0.6389,64.1,33.9,17.2,0.686,0.4964,1
Ocean,Europe,North_America,14189.7,519.4,83.6,0.161,Standard,0.767,100.0,32.1,18.8,0.405,0.6204,1
Road,North_America,North_America,919.8,27.7,3.4,0.1227,Standard,0.673,28.2,24.9,7.0,0.0765,0.908,1
Ocean,Europe,Middle_East,11971.7,427.6,70.3,0.1644,High,0.7884,19.7,17.9,42.8,0.491,0.9787,1
Road,Latin_America,Latin_America,1633.3,28.8,18.4,0.6389,Standard,0.5761,8.9,12.1,13.5,0.1547,0.3856,1
Air,Latin_America,Oceania,6298.4,44.3,22.1,0.4989,Standard,0.7861,73.5,27.2,52.4,0.3728,0.7215,1
Rail,Europe,Europe,4744.7,136.5,77.3,0.5663,Standard,0.5923,30.5,53.6,32.1,0.0725,0.0807,1
Ocean,South_Asia,Europe,12960.0,457.8,93.6,0.2045,Standard,0.8269,18.6,38.0,28.7,0.5595,0.3527,1
Rail,South_Asia,Europe,3023.2,75.4,48.7,0.6459,High,0.9543,52.3,19.2,14.3,0.2839,0.7466,1
Ocean,East_Asia,Oceania,11193.5,442.3,77.3,0.1748,Standard,0.9378,42.1,4.6,13.9,0.2359,0.5172,1
Road,Latin_America,Latin_America,1841.5,41.4,5.9,0.1425,Standard,0.8823,74.1,51.8,12.6,0.0973,0.363,1
Ocean,East_Asia,Europe,6715.6,260.5,82.0,0.3148,Standard,0.7996,19.5,45.4,32.2,0.3821,0.1676,1
Ocean,Europe,Latin_America,11013.5,415.7,80.5,0.1936,High,0.99,59.9,6.2,4.5,0.4176,0.5677,1
Road,Latin_America,Latin_America,1490.4,33.9,9.6,0.2832,Standard,0.7787,52.1,55.4,22.3,0.1755,0.1673,1
Ocean,Europe,North_America,7821.2,288.2,89.8,0.3116,High,0.8709,54.1,5.5,25.5,0.2468,0.4458,1
Ocean,Southeast_Asia,Europe,10847.2,393.5,25.0,0.0635,Urgent,0.7227,13.5,24.1,49.0,0.4831,0.9663,1
Rail,South_Asia,North_America,500.0,37.9,9.2,0.2427,Standard,0.8874,21.4,26.5,35.4,0.5179,0.727,1
Road,Europe,Europe,1764.6,31.3,12.9,0.4121,Standard,0.7587,16.4,10.1,15.1,0.1514,0.8838,0
Rail,East_Asia,North_America,4985.4,144.5,22.5,0.1557,Standard,0.8169,18.9,29.9,10.8,0.401,0.9734,1
Air,North_America,East_Asia,7208.3,26.9,12.4,0.461,Standard,0.788,31.8,47.6,57.0,0.5538,0.1016,1
Ocean,East_Asia,North_America,6653.6,258.1,118.5,0.4591,Standard,0.8834,77.0,21.5,18.4,0.2188,0.3714,1
Ocean,East_Asia,Europe,12223.9,424.4,292.4,0.689,Standard,0.8452,43.7,27.0,25.8,0.5929,0.8928,1
Road,East_Asia,East_Asia,1177.1,29.3,16.1,0.5495,Standard,0.5969,34.9,12.0,16.5,0.1306,0.0679,1
Road,Latin_America,Europe,150.0,13.2,1.2,0.0909,High,0.9686,70.4,38.0,12.0,0.3682,0.1061,1
Ocean,South_Asia,Middle_East,12615.7,430.9,342.0,0.7937,Standard,0.6021,10.4,21.9,24.3,0.4097,0.7417,1
Ocean,Europe,North_America,9607.2,389.8,236.9,0.6077,Standard,0.6131,73.7,57.1,16.5,0.5705,0.1733,1
Road,Europe,Europe,736.5,24.9,2.5,0.1004,Standard,0.99,25.4,38.9,55.8,0.0456,0.0959,1
Air,South_Asia,North_America,7530.3,28.1,8.1,0.2883,Standard,0.8643,21.1,11.5,16.1,0.3287,0.3076,0
Road,Latin_America,Latin_America,1586.9,27.1,23.9,0.8819,Standard,0.8525,12.6,14.2,17.5,0.0422,0.5883,0
Ocean,Southeast_Asia,Oceania,10176.5,358.0,257.7,0.7198,Standard,0.7403,32.3,30.1,11.4,0.5054,0.4532,1
Road,Latin_America,Latin_America,1156.3,23.2,2.9,0.125,High,0.9234,29.3,6.4,34.0,0.1959,0.6081,0
Road,North_America,Europe,1343.6,33.0,11.0,0.3333,Standard,0.8354,35.5,13.4,10.8,0.1047,0.3006,0
Ocean,South_Asia,Latin_America,14861.3,510.3,281.2,0.551,Standard,0.9088,20.7,31.8,39.0,0.9362,0.589,1
Road,Europe,Europe,1571.4,33.7,4.3,0.1276,Urgent,0.9174,39.7,38.9,12.9,0.0636,0.3903,0
Ocean,Southeast_Asia,North_America,11158.4,431.6,29.8,0.069,Standard,0.7373,56.2,23.3,42.8,0.3596,0.9601,1
Ocean,South_Asia,Latin_America,7147.8,306.9,117.1,0.3816,Standard,0.9801,38.7,42.7,19.4,0.4291,0.2274,1
Rail,South_Asia,South_Asia,4093.1,103.0,99.0,0.9612,Urgent,0.7967,43.4,14.8,34.2,0.1987,0.4261,1
Ocean,Europe,Latin_America,9650.5,359.8,324.3,0.9013,Standard,0.904,16.1,51.3,23.1,0.4901,0.2645,1
Road,Latin_America,Latin_America,920.7,21.2,18.6,0.8774,High,0.892,19.7,17.8,40.1,0.0704,0.7948,1
Rail,North_America,North_America,4930.2,130.1,11.9,0.0915,Standard,0.6568,14.1,14.3,13.9,0.1633,0.1164,0
Ocean,Europe,Latin_America,5534.7,243.0,68.5,0.2819,Standard,0.7512,11.3,15.2,7.8,0.2558,0.7527,1
Ocean,Southeast_Asia,Middle_East,6303.0,253.7,199.7,0.7872,Urgent,0.9734,3.8,32.3,28.3,0.4818,0.6099,1
Road,Latin_America,Latin_America,2253.6,46.7,32.2,0.6895,Standard,0.9606,49.1,63.2,26.5,0.1002,0.6986,1
Road,Latin_America,Latin_America,1716.9,38.1,22.2,0.5827,Standard,0.7642,11.7,88.6,44.9,0.2118,0.617,1
Rail,North_America,North_America,3058.8,85.7,78.7,0.9183,High,0.7494,23.3,50.1,17.6,0.1076,0.4614,1
Ocean,East_Asia,Latin_America,10583.6,389.9,320.2,0.8212,High,0.8077,25.3,11.5,34.4,0.4328,0.3911,1
Ocean,South_Asia,Latin_America,12125.6,453.1,109.1,0.2408,Standard,0.8287,34.4,19.7,10.0,0.3523,0.6501,1
Rail,South_Asia,South_Asia,1867.7,53.3,23.1,0.4334,Standard,0.99,59.0,51.6,31.7,0.0917,0.6926,1
Ocean,South_Asia,Latin_America,13241.1,455.2,258.7,0.5683,High,0.8114,14.8,29.4,29.2,0.4979,0.3571,1
Air,Europe,Middle_East,5618.1,35.3,23.0,0.6516,High,0.9431,41.2,71.2,26.3,0.2515,0.6312,1
Ocean,Europe,Oceania,8905.1,334.7,306.2,0.9148,High,0.8813,62.8,12.1,49.0,0.414,0.5735,1
Air,Europe,Latin_America,11478.4,38.4,3.7,0.0964,Standard,0.9098,28.3,49.9,4.3,0.3698,0.4655,1
Ocean,Europe,Europe,13184.2,503.1,487.8,0.9696,High,0.7847,16.0,75.3,4.6,0.1924,0.7931,1
Rail,North_America,East_Asia,4962.3,137.7,75.9,0.5512,High,0.8903,38.0,11.6,76.1,0.4352,0.2508,1
Ocean,South_Asia,Europe,6580.8,258.1,167.9,0.6505,Standard,0.8254,33.4,46.5,22.6,0.2759,0.503,1
Road,East_Asia,Latin_America,1145.6,22.0,19.9,0.9045,Standard,0.8573,13.7,36.9,21.2,0.085,0.6122,1
Air,Europe,North_America,2946.9,32.0,6.8,0.2125,Standard,0.9653,73.5,28.0,8.0,0.142,0.9719,1
Road,Latin_America,Europe,1724.5,37.9,12.8,0.3377,High,0.6564,11.7,51.3,18.9,0.3368,0.919,1
Ocean,Europe,Latin_America,9850.5,385.0,325.8,0.8462,Standard,0.7972,8.0,22.5,20.5,0.3411,0.9599,1
Ocean,East_Asia,Europe,15029.9,562.4,414.8,0.7376,Standard,0.775,23.5,60.4,17.5,0.5124,0.2753,1
Ocean,South_Asia,North_America,12464.5,485.1,166.8,0.3438,Standard,0.7195,35.3,49.7,47.8,0.5583,0.4604,1
Ocean,East_Asia,North_America,13227.5,506.0,416.5,0.8231,Standard,0.871,85.8,20.1,49.5,0.5621,0.2992,1
Ocean,South_Asia,Middle_East,6707.0,279.2,116.8,0.4183,Urgent,0.8554,28.6,62.1,64.8,0.54,0.8457,1
Rail,South_Asia,North_America,1598.1,66.0,50.2,0.7606,Urgent,0.818,57.8,34.7,43.3,0.4595,0.9761,1
Road,Europe,Europe,1041.3,22.1,11.1,0.5023,Standard,0.6695,31.2,35.8,57.2,0.02,0.9476,1
Ocean,East_Asia,Latin_America,14832.6,515.5,406.9,0.7893,Standard,0.99,10.9,100.0,15.5,0.8903,0.2021,1
Road,Latin_America,Latin_America,1608.7,27.2,9.6,0.3529,High,0.7772,44.5,59.6,19.9,0.0897,0.317,1
Road,North_America,North_America,1210.0,28.3,10.8,0.3816,Standard,0.8424,57.0,22.4,31.8,0.1729,0.2738,1
Rail,South_Asia,South_Asia,4550.6,133.3,27.5,0.2063,Standard,0.9621,16.8,49.6,8.1,0.02,0.79,1
Road,Latin_America,Latin_America,1752.4,29.2,1.7,0.0582,Standard,0.8456,30.7,51.0,44.7,0.2015,0.1029,1
Air,East_Asia,North_America,6902.8,34.5,7.5,0.2174,High,0.8222,21.1,10.3,45.1,0.1794,0.5646,1
Ocean,Southeast_Asia,Latin_America,15330.3,544.1,482.4,0.8866,Standard,0.9005,41.5,34.7,8.9,0.4421,0.6006,1
Road,Europe,Europe,1139.4,23.6,10.8,0.4576,Standard,0.8374,31.9,43.0,20.1,0.145,0.7573,1
Rail,South_Asia,South_Asia,3829.0,112.3,31.3,0.2787,Urgent,0.8152,32.8,13.5,31.8,0.1784,0.9013,1
Road,East_Asia,East_Asia,1148.3,27.8,18.9,0.6799,Standard,0.8133,21.6,55.5,31.0,0.1078,0.9309,1
Ocean,East_Asia,North_America,15200.8,539.8,149.1,0.2762,Standard,0.9589,41.8,31.9,12.5,0.4844,0.5601,1
Road,Europe,Europe,1292.9,25.0,10.1,0.404,High,0.825,61.4,8.7,22.4,0.0561,0.0696,0
Rail,Europe,Europe,3215.7,85.5,40.1,0.469,High,0.7384,26.7,28.7,20.7,0.0947,0.3752,1
Air,North_America,Oceania,9205.3,48.0,20.9,0.4354,Standard,0.8205,36.8,19.1,34.1,0.4839,0.7735,1
Ocean,East_Asia,Europe,8256.7,332.3,29.0,0.0873,Urgent,0.7628,25.0,48.3,23.1,0.4885,0.6555,1
Road,North_America,Europe,1467.6,37.0,17.6,0.4757,High,0.9355,67.6,11.2,31.6,0.5529,0.4121,1
Air,Europe,East_Asia,9249.7,40.2,34.8,0.8657,High,0.9442,96.8,30.2,37.4,0.05,0.4101,1
Ocean,Europe,Oceania,15286.8,534.8,222.6,0.4162,High,0.7149,22.8,32.6,21.8,0.2977,0.4616,1
Air,East_Asia,North_America,8794.6,43.7,26.3,0.6018,Standard,0.7963,12.6,25.0,21.2,0.4773,0.6951,1
Road,East_Asia,Latin_America,2165.2,35.9,3.4,0.0947,Standard,0.8017,6.9,15.9,29.1,0.2673,0.3574,1
Ocean,South_Asia,Middle_East,16091.6,595.7,342.0,0.5741,Standard,0.8829,18.7,25.1,8.7,0.4629,0.0506,1
Ocean,Southeast_Asia,Oceania,13585.8,505.9,371.6,0.7345,High,0.99,18.9,66.4,26.8,0.0592,0.515,1
Ocean,Southeast_Asia,Latin_America,10764.8,407.4,394.8,0.9691,High,0.8796,17.7,42.6,29.0,0.4058,0.6137,1
Ocean,Europe,Latin_America,9490.3,344.5,19.2,0.0557,Standard,0.8745,35.5,17.7,8.1,0.5768,0.9744,1
Ocean,Europe,Latin_America,8434.6,318.5,153.1,0.4807,Standard,0.9103,29.9,27.7,9.9,0.6398,0.4302,1
Ocean,Europe,Middle_East,10870.1,417.7,206.2,0.4937,Standard,0.7382,24.3,28.7,36.6,0.3975,0.8501,1
Air,Latin_America,Oceania,9719.5,30.9,11.5,0.3722,High,0.9495,29.2,40.0,6.6,0.6132,0.8422,1
Ocean,East_Asia,Middle_East,7632.3,283.8,189.2,0.6667,Standard,0.7743,14.5,25.0,50.8,0.4021,0.0608,1
Ocean,South_Asia,Middle_East,15275.4,552.6,52.8,0.0955,High,0.8534,30.4,6.9,55.4,0.221,0.5066,1
Ocean,Europe,Middle_East,11569.3,420.6,39.1,0.093,Urgent,0.9687,50.6,11.2,5.3,0.6317,0.5207,1
Ocean,East_Asia,Europe,13417.4,467.5,191.8,0.4103,Urgent,0.834,32.8,40.4,20.3,0.6715,0.9211,1
Air,North_America,Middle_East,3781.4,27.9,2.3,0.0824,Urgent,0.886,34.4,31.5,15.1,0.5348,0.4572,1
Road,Europe,Europe,1009.0,30.2,26.1,0.8642,Standard,0.9149,47.5,70.8,31.2,0.0944,0.7638,1
Rail,East_Asia,East_Asia,4908.8,122.2,102.3,0.8372,Standard,0.9183,12.4,22.0,5.7,0.0985,0.5681,0
Air,South_Asia,Oceania,6947.1,42.2,34.2,0.8104,Urgent,0.99,62.5,47.7,19.3,0.2833,0.6554,1
Road,Europe,Europe,669.5,17.9,16.8,0.9385,Urgent,0.7791,14.6,25.7,4.0,0.1381,0.0512,0
Road,East_Asia,East_Asia,1601.9,32.8,4.6,0.1402,High,0.8529,31.0,24.0,12.7,0.166,0.5174,1
Ocean,South_Asia,Oceania,8818.8,337.2,144.9,0.4297,High,0.9139,28.1,12.3,15.0,0.4119,0.5018,1
Ocean,Southeast_Asia,North_America,12858.2,492.8,306.6,0.6222,High,0.99,13.2,22.7,56.7,0.3518,0.6325,1
Ocean,East_Asia,Latin_America,15667.3,576.1,334.7,0.581,Standard,0.8327,42.8,59.1,18.6,0.2391,0.271,1
Road,North_America,North_America,1696.6,32.8,5.6,0.1707,Standard,0.8642,41.2,43.3,22.3,0.1618,0.0667,1
Ocean,South_Asia,Latin_America,12188.1,421.5,269.3,0.6389,Standard,0.99,19.0,27.4,37.1,0.5305,0.2114,1
Air,Southeast_Asia,Middle_East,6404.4,35.1,8.7,0.2479,Standard,0.8942,46.0,16.2,24.5,0.4197,0.8868,1
Air,North_America,Europe,7376.6,30.7,19.4,0.6319,High,0.6024,39.8,24.9,3.8,0.5373,0.5146,1
Road,East_Asia,East_Asia,1442.5,34.8,11.7,0.3362,Urgent,0.7309,32.1,32.9,8.5,0.1433,0.1772,0
Ocean,Southeast_Asia,Middle_East,6483.7,266.8,210.7,0.7897,Standard,0.749,48.6,32.3,22.0,0.3173,0.4141,1
Ocean,Europe,Latin_America,18017.0,609.9,47.0,0.0771,Standard,0.99,21.2,12.7,3.8,0.4005,0.3999,1
Road,Latin_America,Latin_America,358.2,18.7,4.7,0.2513,Standard,0.8694,46.4,58.8,24.9,0.0788,0.6177,1
Road,North_America,North_America,1127.9,22.5,2.4,0.1067,Standard,0.5898,58.4,29.8,42.0,0.0518,0.8219,1
Air,Latin_America,North_America,7915.1,42.3,31.1,0.7352,High,0.9793,21.6,43.2,46.1,0.4852,0.5267,1
Ocean,Europe,Europe,8868.1,367.7,337.2,0.9171,High,0.7928,23.2,30.3,61.3,0.1194,0.6304,1
Ocean,Europe,Latin_America,9657.4,345.0,127.8,0.3704,Standard,0.6281,9.8,13.4,26.6,0.4582,0.4557,1
Road,North_America,North_America,1566.2,29.7,12.3,0.4141,Standard,0.699,59.1,59.4,13.7,0.2038,0.2674,1
Road,East_Asia,East_Asia,729.6,18.5,17.9,0.9676,Standard,0.95,46.4,21.6,25.4,0.02,0.6813,1
Ocean,South_Asia,Oceania,10533.3,377.6,56.7,0.1502,Standard,0.9408,48.8,30.9,39.6,0.464,0.0761,1
Ocean,East_Asia,Oceania,7922.8,297.7,245.5,0.8247,Standard,0.7987,51.2,44.9,13.6,0.36,0.7408,1
Rail,North_America,North_America,592.3,57.8,37.1,0.6419,Standard,0.6629,51.6,4.4,14.0,0.1556,0.3279,1
Ocean,Europe,North_America,12675.8,435.9,272.8,0.6258,Standard,0.8334,22.8,38.8,19.4,0.4266,0.3028,1
Road,North_America,North_America,1063.1,19.4,4.1,0.2113,High,0.9218,38.6,20.3,6.3,0.0655,0.5124,0
Air,Southeast_Asia,Middle_East,7659.0,36.6,21.3,0.582,Urgent,0.736,31.2,68.5,38.0,0.2289,0.7438,1
Ocean,East_Asia,North_America,11338.8,407.1,229.7,0.5642,High,0.8929,18.3,35.6,84.7,0.349,0.159,1
Rail,North_America,North_America,4900.6,124.6,6.8,0.0546,Standard,0.8196,36.4,36.2,10.0,0.1164,0.7879,1
Ocean,East_Asia,Middle_East,14009.8,523.5,219.5,0.4193,Standard,0.7531,4.0,45.0,21.3,0.5732,0.2883,1
Ocean,South_Asia,Latin_America,11507.8,400.2,45.2,0.1129,Urgent,0.8335,51.2,44.5,12.4,0.5838,0.915,1
Ocean,South_Asia,North_America,10313.5,363.5,195.4,0.5376,Urgent,0.9473,16.3,59.1,21.4,0.43,0.6481,1
Ocean,Southeast_Asia,North_America,13134.2,450.4,29.1,0.0646,Standard,0.785,20.0,24.8,8.3,0.2868,0.8637,1
Air,East_Asia,Latin_America,4945.8,20.7,7.1,0.343,High,0.8589,6.5,31.5,21.5,0.0675,0.4317,1
Road,North_America,North_America,1300.9,25.4,13.3,0.5236,Standard,0.99,25.6,46.0,3.8,0.0962,0.7596,0
Rail,East_Asia,East_Asia,3529.3,82.9,78.2,0.9433,Urgent,0.9792,24.5,17.2,18.7,0.0548,0.3049,0
Ocean,Europe,Europe,15831.1,561.3,390.5,0.6957,High,0.6143,19.8,25.7,71.1,0.1488,0.358,1
Ocean,South_Asia,Europe,10681.5,375.2,341.9,0.9112,Urgent,0.8627,33.4,18.4,31.7,0.5338,0.2824,1
Ocean,Southeast_Asia,Europe,15781.0,568.6,419.5,0.7378,Standard,0.8219,22.8,47.2,24.4,0.6493,0.7639,1
Ocean,South_Asia,Oceania,13446.6,473.9,23.7,0.05,Standard,0.8821,40.2,17.9,4.7,0.4849,0.5971,1
Ocean,Southeast_Asia,Europe,7345.0,280.9,274.6,0.9776,Standard,0.8056,47.8,32.4,40.9,0.3508,0.5429,1
Ocean,South_Asia,North_America,6818.2,265.6,53.8,0.2026,Standard,0.8221,21.1,41.2,23.5,0.5645,0.4975,1
Ocean,Southeast_Asia,North_America,10572.7,397.1,360.7,0.9083,Standard,0.9429,33.1,11.4,38.9,0.6683,0.4033,1
Road,Latin_America,Latin_America,1337.6,26.9,15.7,0.5836,Standard,0.965,32.4,7.5,13.0,0.1328,0.2683,0
Rail,Europe,Europe,3404.0,103.3,31.7,0.3069,Standard,0.5893,40.6,32.5,9.6,0.0913,0.1787,1
Ocean,Europe,Middle_East,12756.1,450.0,53.9,0.1198,Standard,0.8739,26.0,22.8,20.9,0.5247,0.9684,1
Rail,Europe,Europe,3466.4,103.9,73.0,0.7026,High,0.7568,24.8,30.6,11.1,0.253,0.1736,1
Ocean,Southeast_Asia,North_America,12971.7,453.3,195.7,0.4317,Standard,0.99,23.8,32.0,13.8,0.195,0.3176,1
Air,North_America,Oceania,5651.8,37.4,21.3,0.5695,Standard,0.8313,47.6,54.0,23.3,0.3908,0.1658,1
Rail,East_Asia,East_Asia,3642.9,90.2,38.8,0.4302,High,0.7815,30.8,27.3,5.3,0.1342,0.6004,0
Ocean,Southeast_Asia,Middle_East,10071.9,386.7,41.5,0.1073,High,0.8514,20.9,23.7,16.3,0.5483,0.6471,1
Road,East_Asia,East_Asia,278.9,18.4,14.7,0.7989,High,0.9746,24.8,28.8,59.3,0.0818,0.2453,1
Ocean,South_Asia,Latin_America,10624.5,377.4,366.5,0.9711,Standard,0.791,20.0,42.9,23.0,0.5104,0.3113,1
Ocean,Southeast_Asia,Oceania,11756.5,459.4,411.4,0.8955,Standard,0.99,14.4,35.0,33.3,0.4798,0.6975,1
Road,Latin_America,Latin_America,1886.7,35.4,20.4,0.5763,High,0.7683,21.2,41.5,57.6,0.107,0.8567,1
Ocean,Europe,North_America,12094.6,461.0,131.1,0.2844,High,0.8843,23.3,57.7,38.2,0.562,0.2697,1
Ocean,Europe,Europe,13003.6,466.2,379.2,0.8134,Urgent,0.9535,40.8,38.1,10.1,0.1502,0.0509,1
Rail,East_Asia,Europe,4905.7,134.0,129.9,0.9694,Standard,0.7586,51.7,49.2,19.0,0.4142,0.2764,1
Rail,Europe,Europe,3367.5,94.0,5.9,0.0628,Standard,0.7311,28.4,30.8,7.6,0.0328,0.2242,1
Road,North_America,North_America,2043.7,35.3,30.2,0.8555,Urgent,0.8925,44.6,25.8,16.2,0.0642,0.4263,1
Ocean,Europe,Latin_America,12847.6,460.3,379.8,0.8251,Standard,0.9378,47.9,22.4,27.0,0.4506,0.7199,1
Ocean,Europe,North_America,12975.0,457.7,385.0,0.8412,Standard,0.7265,21.9,20.5,47.2,0.6105,0.1317,1
Rail,East_Asia,East_Asia,3091.3,86.4,57.8,0.669,High,0.8827,49.9,23.2,33.8,0.132,0.1171,1
Ocean,Europe,North_America,14132.4,484.9,412.2,0.8501,High,0.8556,34.6,12.7,9.3,0.3662,0.8064,1
Ocean,Southeast_Asia,North_America,19817.8,664.8,436.9,0.6572,Urgent,0.7767,34.5,59.7,17.4,0.4507,0.266,1
Air,North_America,East_Asia,8750.4,42.7,34.9,0.8173,High,0.876,5.2,46.2,8.1,0.2288,0.1623,0
Air,Latin_America,East_Asia,10999.4,28.3,17.7,0.6254,High,0.8774,17.5,39.1,10.9,0.6345,0.3788,1
Rail,East_Asia,East_Asia,3569.7,85.6,56.4,0.6589,Standard,0.8469,80.6,31.0,33.0,0.2752,0.4604,1
Rail,South_Asia,South_Asia,2267.0,78.2,62.0,0.7928,Standard,0.99,84.2,18.2,61.3,0.0409,0.1413,1
Rail,South_Asia,South_Asia,2939.4,80.2,75.6,0.9426,Standard,0.6484,50.7,24.4,5.5,0.1146,0.6573,1
Ocean,Southeast_Asia,Oceania,9311.8,347.7,65.2,0.1875,High,0.6542,60.8,17.3,8.4,0.484,0.9397,1
Road,East_Asia,East_Asia,150.0,6.2,4.0,0.6452,Standard,0.719,10.2,36.2,21.7,0.2111,0.581,1
Road,East_Asia,East_Asia,1785.7,39.1,27.2,0.6957,Standard,0.8438,20.5,19.1,25.9,0.0823,0.7515,1
Ocean,Europe,North_America,14143.8,533.9,504.6,0.9451,Urgent,0.99,41.7,10.2,12.3,0.5508,0.8676,1
Ocean,Europe,Middle_East,11624.8,419.1,79.8,0.1904,Standard,0.99,71.2,42.4,37.5,0.4589,0.4543,1
Road,Latin_America,North_America,1299.2,28.6,23.6,0.8252,Standard,0.7416,36.7,44.3,20.5,0.5656,0.5571,1
Ocean,Europe,North_America,8714.6,339.3,287.2,0.8464,Standard,0.7978,20.7,16.2,18.3,0.3648,0.3341,1
Ocean,South_Asia,North_America,8776.9,340.1,116.3,0.342,Standard,0.7567,11.9,82.6,40.6,0.4187,0.1117,1
Road,Latin_America,Latin_America,1351.4,34.4,10.5,0.3052,Standard,0.8867,50.4,17.2,7.5,0.084,0.7243,0
Air,Latin_America,East_Asia,5537.1,21.7,2.2,0.1014,High,0.7851,17.5,38.4,13.1,0.3691,0.9324,1
Ocean,Southeast_Asia,North_America,9250.2,342.6,148.4,0.4332,Standard,0.7716,33.3,27.8,20.3,0.3675,0.3518,1
Air,Europe,Latin_America,8287.3,45.8,10.1,0.2205,High,0.9136,31.4,58.1,42.5,0.4471,0.1882,1
Rail,North_America,North_America,2388.2,83.2,15.1,0.1815,Standard,0.7734,19.6,54.3,15.9,0.2464,0.7197,1
Rail,North_America,Europe,5255.1,122.0,119.4,0.9787,Urgent,0.7214,26.3,10.1,35.9,0.5607,0.1029,1
Road,East_Asia,North_America,1621.8,28.8,10.0,0.3472,Standard,0.8841,35.9,53.3,38.5,0.05,0.7698,1
Road,Latin_America,Latin_America,1164.4,28.7,25.4,0.885,Urgent,0.99,13.7,24.1,8.0,0.2361,0.2975,0
Road,East_Asia,East_Asia,1151.4,23.7,15.3,0.6456,Standard,0.9058,100.0,56.6,61.8,0.053,0.7858,1
Ocean,Southeast_Asia,Middle_East,11191.9,425.4,31.5,0.074,Standard,0.9243,65.1,25.9,6.5,0.1261,0.4929,1
Road,East_Asia,Latin_America,553.6,13.8,8.1,0.587,Urgent,0.9148,72.5,19.8,74.7,0.5311,0.1979,1
Road,North_America,North_America,285.2,18.9,10.3,0.545,Standard,0.99,21.9,60.3,10.7,0.1952,0.953,1
Ocean,Europe,Middle_East,8004.7,318.9,231.4,0.7256,Standard,0.6285,12.4,100.0,32.1,0.05,0.2002,1
Road,Latin_America,Latin_America,2054.3,38.3,6.1,0.1593,Standard,0.7119,35.0,34.3,24.9,0.1173,0.479,1
Ocean,Southeast_Asia,North_America,10283.2,377.2,74.9,0.1986,Standard,0.9126,17.3,25.9,13.5,0.2758,0.3754,1
Ocean,Europe,Europe,12457.6,448.5,283.3,0.6317,Standard,0.99,70.4,35.7,25.9,0.0201,0.4615,1
Rail,Europe,East_Asia,3122.1,74.5,70.8,0.9503,Urgent,0.99,63.2,30.0,14.9,0.05,0.4175,1
Air,South_Asia,Europe,7910.3,23.2,9.0,0.3879,High,0.7641,55.9,58.8,34.8,0.5409,0.682,1
Road,North_America,North_America,793.8,23.6,5.9,0.25,Standard,0.9358,16.5,52.0,5.2,0.1281,0.8807,1
Ocean,Europe,Oceania,10191.9,370.3,45.0,0.1215,High,0.9148,79.1,35.3,9.6,0.05,0.8269,1
Air,Latin_America,North_America,7428.8,41.7,30.8,0.7386,High,0.9265,83.3,37.0,18.5,0.6513,0.8678,1
Rail,North_America,North_America,3391.0,105.1,70.6,0.6717,Standard,0.75,30.8,30.9,11.6,0.1298,0.3121,1
Air,Southeast_Asia,Latin_America,1200.0,25.3,4.1,0.1621,Standard,0.7987,39.8,40.2,38.5,0.6256,0.9257,1
Ocean,East_Asia,North_America,13718.9,515.8,198.6,0.385,High,0.6247,31.5,78.5,37.2,0.7735,0.2995,1
Ocean,Europe,North_America,11466.5,394.3,343.4,0.8709,Urgent,0.8991,7.2,42.4,19.8,0.4462,0.3848,1
Air,East_Asia,Oceania,10604.1,45.4,38.3,0.8436,Standard,0.99,18.7,69.8,20.1,0.7682,0.5123,1
Air,Southeast_Asia,Europe,4498.6,18.8,6.5,0.3457,Urgent,0.7427,20.3,27.7,33.0,0.5334,0.3508,1
Road,Latin_America,Latin_America,2391.0,39.9,28.8,0.7218,Standard,0.9288,24.0,92.4,22.7,0.152,0.0658,1
Air,Southeast_Asia,North_America,5101.5,38.9,8.3,0.2134,Standard,0.99,43.8,46.4,11.8,0.2787,0.0813,1
Road,Europe,Europe,1176.2,32.6,9.7,0.2975,Standard,0.7766,57.9,100.0,10.7,0.1318,0.7584,1
Ocean,South_Asia,Latin_America,9671.7,386.4,27.5,0.0712,Standard,0.8956,48.7,25.4,39.5,0.1879,0.3687,1
Rail,Europe,Europe,3925.6,107.1,13.1,0.1223,Standard,0.8029,54.0,84.8,35.7,0.02,0.4385,1
Road,North_America,North_America,800.5,18.4,1.6,0.087,Standard,0.7762,46.1,43.9,15.0,0.0864,0.6304,1
Road,Latin_America,Latin_America,1541.1,37.4,22.5,0.6016,Standard,0.9047,28.0,18.1,26.7,0.0203,0.8978,1
Air,Latin_America,East_Asia,9124.6,34.2,30.1,0.8801,High,0.9346,63.8,20.4,47.5,0.2503,0.2222,1
Rail,Europe,North_America,3701.6,112.9,103.3,0.915,Standard,0.7588,26.0,39.1,48.6,0.5015,0.8092,1
Air,North_America,Europe,2908.0,24.4,1.4,0.0574,Urgent,0.7723,36.2,9.7,26.1,0.3225,0.3486,1
Ocean,Europe,Europe,11133.9,411.7,48.6,0.118,High,0.99,58.8,58.3,22.3,0.2206,0.3542,1
Road,Europe,Europe,2089.9,39.1,20.8,0.532,Standard,0.8447,20.7,42.2,14.6,0.0906,0.892,1
Ocean,East_Asia,Europe,5291.9,204.8,120.0,0.5859,Standard,0.9484,14.7,41.1,25.9,0.3816,0.585,1
Rail,South_Asia,South_Asia,3666.6,103.3,84.4,0.817,High,0.8489,16.5,60.6,23.2,0.02,0.2153,1
Road,Latin_America,Europe,1440.5,35.7,14.0,0.3922,High,0.8322,48.3,15.3,18.9,0.5057,0.0746,1
Air,Middle_East,Oceania,9175.5,46.7,12.2,0.2612,Standard,0.6713,21.3,73.5,22.9,0.5763,0.3587,1
Ocean,South_Asia,Europe,7260.3,321.5,128.5,0.3997,Standard,0.8804,32.8,39.0,33.2,0.5357,0.0944,1
Ocean,Southeast_Asia,North_America,17939.5,635.4,547.5,0.8617,High,0.7789,19.2,21.6,27.3,0.4411,0.8317,1
Air,Europe,Oceania,10970.4,33.5,31.9,0.9522,Standard,0.8077,51.0,16.6,35.4,0.3709,0.7938,1
Rail,East_Asia,East_Asia,1369.5,44.0,10.9,0.2477,Standard,0.8716,38.2,44.4,27.9,0.1153,0.2852,1
Air,Europe,Middle_East,7498.4,34.8,15.3,0.4397,Standard,0.8343,29.5,49.8,17.6,0.4987,0.1001,1
Ocean,Southeast_Asia,Middle_East,11842.5,418.7,165.9,0.3962,High,0.99,16.1,52.4,25.1,0.3728,0.3085,1
Rail,Europe,Europe,2517.7,79.1,75.6,0.9558,High,0.849,15.1,47.7,30.5,0.186,0.415,1
Ocean,Southeast_Asia,Latin_America,13257.2,470.4,319.3,0.6788,Standard,0.8365,43.0,18.7,52.8,0.3759,0.688,1
Air,Latin_America,East_Asia,5550.5,33.1,10.3,0.3112,High,0.6018,48.7,22.7,18.1,0.541,0.7884,1
Road,Latin_America,Latin_America,1270.9,29.4,8.9,0.3027,Standard,0.8559,28.5,15.1,32.1,0.1757,0.8438,1
Road,East_Asia,East_Asia,929.3,22.2,8.5,0.3829,High,0.7742,81.5,37.6,17.2,0.131,0.475,1
Road,East_Asia,East_Asia,1514.8,27.5,4.5,0.1636,Urgent,0.8747,38.3,38.3,37.1,0.1962,0.4931,1
Road,Europe,North_America,782.0,15.3,7.7,0.5033,Standard,0.99,13.6,67.9,14.5,0.3914,0.8351,1
Road,East_Asia,East_Asia,1930.7,40.9,29.1,0.7115,Standard,0.857,21.4,75.6,8.2,0.0895,0.4905,1
Ocean,Europe,Middle_East,11691.5,417.7,79.8,0.191,High,0.6239,14.7,24.1,22.0,0.5352,0.7339,1
Ocean,Southeast_Asia,Middle_East,8903.8,371.1,211.3,0.5694,Standard,0.72,58.3,41.3,42.3,0.6733,0.5615,1
Road,Europe,Europe,975.9,28.5,10.6,0.3719,Standard,0.9875,13.6,31.6,37.1,0.0994,0.9696,1
Road,East_Asia,Latin_America,543.8,21.2,10.1,0.4764,High,0.8482,16.5,67.0,28.5,0.4437,0.4527,1
Road,North_America,North_America,682.2,25.5,17.2,0.6745,Standard,0.8466,18.2,35.5,25.8,0.1042,0.2922,0
Ocean,Southeast_Asia,Middle_East,11620.3,413.5,20.8,0.0503,Standard,0.8784,27.5,42.1,8.7,0.612,0.3737,1
Road,Latin_America,Latin_America,1015.5,29.1,14.3,0.4914,Standard,0.723,29.0,41.2,37.1,0.1535,0.3873,0
Rail,East_Asia,East_Asia,4013.7,116.9,70.0,0.5988,Standard,0.8273,13.5,16.9,19.6,0.0584,0.7792,0
Air,East_Asia,Middle_East,5088.0,27.2,8.6,0.3162,Standard,0.8304,100.0,24.0,48.5,0.3959,0.2258,1
Rail,North_America,North_America,4005.2,121.7,47.8,0.3928,Standard,0.7379,17.5,29.6,23.5,0.1107,0.2254,1
Air,Europe,North_America,10429.5,37.1,25.5,0.6873,Standard,0.9079,13.0,50.8,18.4,0.6693,0.7351,1
Ocean,Europe,Latin_America,9223.9,332.8,91.0,0.2734,High,0.6937,100.0,60.0,31.1,0.2882,0.3604,1
Air,South_Asia,Latin_America,5296.0,39.0,14.4,0.3692,High,0.9057,19.1,74.6,3.8,0.6824,0.1285,1
Air,East_Asia,Europe,10184.9,34.3,4.1,0.1195,Standard,0.99,23.3,24.9,16.8,0.4668,0.363,1
Ocean,Europe,Latin_America,12928.2,459.3,93.8,0.2042,Standard,0.8329,51.9,53.7,39.6,0.4714,0.8553,1
Air,Latin_America,Europe,11233.1,36.2,19.9,0.5497,Standard,0.9021,52.8,69.0,14.1,0.0813,0.7887,1
Ocean,Europe,Latin_America,7158.2,296.3,236.0,0.7965,Standard,0.8102,38.4,10.4,13.6,0.4022,0.1071,1
Air,Latin_America,Europe,6898.3,27.9,8.7,0.3118,High,0.8161,74.7,100.0,25.9,0.436,0.5983,1
Ocean,South_Asia,North_America,10224.4,355.5,268.2,0.7544,Urgent,0.8064,61.4,25.5,21.2,0.6209,0.6118,1
Ocean,South_Asia,Europe,6861.9,304.9,213.0,0.6986,Standard,0.99,50.9,36.7,10.4,0.05,0.5944,1
Road,Latin_America,Latin_America,759.8,24.3,8.4,0.3457,Standard,0.8002,18.5,36.3,29.6,0.1275,0.3587,1
Ocean,Europe,Oceania,9636.4,344.9,28.9,0.0838,Standard,0.99,36.6,44.0,14.7,0.6488,0.7106,1
Rail,North_America,North_America,2352.3,71.1,64.0,0.9001,Standard,0.93,37.1,28.0,11.8,0.1293,0.2338,0
Rail,North_America,East_Asia,500.0,24.0,11.4,0.475,Standard,0.6811,25.4,55.9,26.9,0.5207,0.1137,1
Rail,East_Asia,East_Asia,3612.1,117.5,96.8,0.8238,High,0.8232,93.1,56.7,53.3,0.2,0.9018,1
Air,Europe,Latin_America,1999.9,29.7,19.2,0.6465,High,0.5619,42.3,13.6,37.0,0.2721,0.209,1
Air,Southeast_Asia,Latin_America,4348.4,25.1,13.2,0.5259,High,0.7579,54.0,30.3,27.8,0.3056,0.0713,1
Ocean,Europe,North_America,19070.2,659.3,456.0,0.6916,Standard,0.9686,33.0,22.4,23.6,0.3282,0.6178,1
Road,Latin_America,Latin_America,1436.5,36.2,20.3,0.5608,Standard,0.99,24.0,13.5,15.4,0.0831,0.6298,0
Ocean,East_Asia,Latin_America,11711.0,419.8,386.7,0.9212,High,0.854,21.5,35.8,59.2,0.3682,0.7468,1
Ocean,East_Asia,Middle_East,8968.8,339.3,65.4,0.1927,High,0.8704,32.0,31.3,11.2,0.3805,0.2393,1
Ocean,East_Asia,Europe,8069.0,342.0,318.8,0.9322,Standard,0.7363,62.3,25.7,41.9,0.2772,0.7492,1
Air,East_Asia,North_America,4109.4,20.4,3.8,0.1863,Standard,0.7356,35.8,14.2,18.3,0.5845,0.0851,1
Air,South_Asia,Middle_East,8119.7,27.3,17.8,0.652,Standard,0.99,21.6,16.1,39.9,0.1633,0.6703,1
Rail,East_Asia,East_Asia,3362.7,88.3,7.3,0.0827,Standard,0.8317,28.4,11.0,17.5,0.2076,0.9766,1
Road,Latin_America,Latin_America,1841.7,42.2,7.2,0.1706,Standard,0.7717,40.5,43.5,10.2,0.1106,0.2614,1
Ocean,East_Asia,Latin_America,10739.8,415.8,109.0,0.2621,Standard,0.9291,9.4,34.2,44.3,0.8044,0.6879,1
Ocean,Europe,North_America,12881.0,447.9,131.6,0.2938,Urgent,0.9039,67.4,32.1,16.6,0.3354,0.7581,1
Ocean,Europe,Europe,11911.3,429.1,346.2,0.8068,Standard,0.6876,58.6,46.7,8.0,0.2026,0.5672,1
Road,East_Asia,East_Asia,1379.8,26.9,13.3,0.4944,Standard,0.9867,20.9,26.7,55.3,0.2117,0.2815,1
Air,Latin_America,Europe,3624.8,39.2,34.9,0.8903,Standard,0.8157,30.7,72.3,15.5,0.259,0.7425,1
Road,East_Asia,East_Asia,954.0,21.9,19.1,0.8721,Standard,0.7671,67.5,60.5,13.9,0.235,0.7394,1
Ocean,Europe,Europe,8655.4,330.4,79.7,0.2412,Standard,0.9391,18.0,55.5,26.9,0.1199,0.2276,1
Ocean,Southeast_Asia,Europe,7126.5,306.6,256.0,0.835,High,0.8701,41.0,72.8,15.8,0.3136,0.2831,1
Ocean,East_Asia,Europe,13032.8,500.9,261.3,0.5217,High,0.871,19.4,24.7,13.8,0.5635,0.4023,1
Road,Europe,Europe,1153.6,23.7,11.9,0.5021,Standard,0.5177,33.5,17.9,9.5,0.0916,0.6077,1
Ocean,Europe,Oceania,13905.3,528.0,208.7,0.3953,Standard,0.6734,36.8,15.9,10.0,0.05,0.5258,1
Air,East_Asia,Oceania,6434.2,25.9,13.7,0.529,Standard,0.815,30.1,82.9,18.5,0.2536,0.3212,1
Ocean,Southeast_Asia,Oceania,15774.8,557.5,62.3,0.1117,Urgent,0.7985,33.4,30.7,31.7,0.3675,0.4078,1
Rail,Europe,Europe,3418.7,104.6,92.4,0.8834,High,0.8169,24.8,28.3,30.1,0.2105,0.635,1
Air,East_Asia,North_America,2678.7,17.2,14.9,0.8663,High,0.7846,22.9,26.2,21.6,0.4681,0.469,1
Air,South_Asia,Europe,5443.4,28.3,15.2,0.5371,High,0.9101,36.2,66.3,9.5,0.535,0.5411,1
Road,East_Asia,East_Asia,1300.6,31.3,20.8,0.6645,Urgent,0.8737,52.7,17.5,7.2,0.1068,0.4192,1
Air,Latin_America,Oceania,7500.7,44.0,33.5,0.7614,Standard,0.8585,13.2,20.3,61.0,0.2106,0.2426,1
Ocean,East_Asia,Middle_East,12739.1,444.9,105.8,0.2378,Standard,0.966,30.2,28.3,23.6,0.7827,0.4032,1
Air,Latin_America,North_America,9794.6,34.1,32.9,0.9648,Standard,0.5951,20.8,30.0,10.7,0.2455,0.774,1
Rail,Europe,Europe,2895.9,101.6,75.4,0.7421,Standard,0.7598,49.4,34.7,16.5,0.0951,0.7873,1
Ocean,East_Asia,Middle_East,14856.9,559.5,437.1,0.7812,Standard,0.8188,37.4,32.4,13.1,0.2644,0.1273,1
Ocean,Southeast_Asia,Middle_East,11234.5,405.0,121.4,0.2998,Standard,0.9128,21.1,14.7,21.0,0.4257,0.6114,1
Rail,Europe,Europe,3399.8,87.2,29.1,0.3337,Standard,0.9745,18.5,37.8,27.7,0.0849,0.4839,1
Ocean,East_Asia,Latin_America,8337.1,314.9,123.0,0.3906,Standard,0.7954,32.3,100.0,18.9,0.0693,0.903,1
Road,Latin_America,Latin_America,1908.3,33.1,16.1,0.4864,Standard,0.8315,42.7,28.0,14.9,0.1493,0.1304,0
Ocean,South_Asia,Europe,8442.4,308.2,172.2,0.5587,High,0.99,11.5,98.3,33.6,0.6193,0.9303,1
Road,North_America,Latin_America,777.4,21.1,1.8,0.0853,Standard,0.5712,81.7,34.1,75.8,0.1322,0.7452,1
Ocean,Europe,Middle_East,6544.2,296.9,46.5,0.1566,Standard,0.975,11.0,33.6,40.8,0.2685,0.6474,1
Road,North_America,Europe,1092.9,27.9,12.9,0.4624,High,0.7189,32.5,8.6,73.7,0.7634,0.4329,1
Ocean,Europe,Oceania,9326.2,345.9,138.2,0.3995,Standard,0.8626,22.2,28.9,20.9,0.05,0.2174,1
Ocean,Europe,North_America,6569.4,263.2,230.9,0.8773,Standard,0.8873,26.4,14.5,56.1,0.438,0.5709,1
Ocean,East_Asia,Europe,11248.0,410.0,153.2,0.3737,High,0.8577,39.2,30.4,33.3,0.4245,0.9512,1
Air,South_Asia,Europe,5959.0,20.7,7.0,0.3382,Standard,0.913,22.5,53.0,35.6,0.4488,0.3858,1
Ocean,East_Asia,Middle_East,10253.5,398.1,299.7,0.7528,Standard,0.7048,10.1,47.9,41.8,0.2717,0.7705,1
Road,Latin_America,North_America,2041.9,35.0,14.7,0.42,Standard,0.5663,16.2,30.7,1.2,0.1476,0.3271,0
Air,North_America,Latin_America,7419.2,43.1,22.7,0.5267,Standard,0.583,41.1,20.8,21.1,0.6078,0.4789,1
Road,Latin_America,Latin_America,392.6,20.4,15.2,0.7451,Standard,0.8318,44.7,13.0,26.0,0.1603,0.7644,1
Road,North_America,North_America,2293.3,42.3,25.0,0.591,High,0.7946,21.6,26.2,41.0,0.0653,0.7537,1
Air,East_Asia,North_America,7710.2,37.7,33.7,0.8939,Standard,0.891,42.1,34.7,8.9,0.05,0.7035,1
Ocean,Southeast_Asia,Latin_America,7722.8,302.4,290.8,0.9616,High,0.7935,9.0,41.1,34.7,0.4577,0.6687,1
Air,East_Asia,Oceania,5713.6,34.8,23.0,0.6609,Standard,0.8678,14.5,71.6,30.3,0.6416,0.2623,1
Road,East_Asia,East_Asia,1902.5,35.7,32.2,0.902,High,0.9693,25.7,12.7,18.1,0.1425,0.6223,0
Ocean,South_Asia,Middle_East,11374.0,429.4,144.6,0.3367,High,0.7042,36.0,3.8,48.6,0.0984,0.7562,1
Rail,South_Asia,South_Asia,2648.6,98.6,34.8,0.3529,Standard,0.8146,41.9,24.9,47.7,0.2085,0.4477,1
Ocean,Southeast_Asia,Europe,13045.6,473.7,148.1,0.3126,Standard,0.99,18.8,43.5,30.7,0.5317,0.1309,1
Road,East_Asia,East_Asia,928.3,26.7,15.7,0.588,High,0.8406,40.7,40.5,50.6,0.0236,0.8469,1
Ocean,Europe,North_America,13730.3,468.6,65.3,0.1394,Standard,0.8875,48.4,38.7,29.4,0.197,0.0739,1
Road,North_America,North_America,678.9,19.4,5.0,0.2577,High,0.99,7.5,47.9,18.9,0.1516,0.9412,1
Ocean,Southeast_Asia,Oceania,14252.3,512.9,342.8,0.6684,Standard,0.7933,12.6,87.4,12.1,0.4699,0.4454,1
Road,Latin_America,Latin_America,150.0,14.4,7.2,0.5,Standard,0.7715,14.2,35.6,44.5,0.0792,0.9589,1
Road,Europe,Europe,1736.9,29.1,27.8,0.9553,High,0.8805,23.2,79.6,19.5,0.0896,0.8975,1
Ocean,South_Asia,Latin_America,16203.3,544.3,115.6,0.2124,Standard,0.7956,22.3,13.2,24.6,0.6288,0.7061,1
Ocean,Europe,Middle_East,11634.3,437.4,50.0,0.1143,High,0.721,20.6,9.9,29.7,0.2174,0.392,1
Ocean,South_Asia,Europe,3500.0,165.8,133.0,0.8022,High,0.7114,85.8,61.4,35.1,0.392,0.6242,1
Ocean,Southeast_Asia,Latin_America,11460.8,447.6,291.1,0.6504,Standard,0.8689,84.6,36.8,31.8,0.5732,0.5964,1
Ocean,Southeast_Asia,Latin_America,10499.0,407.2,262.1,0.6437,Standard,0.8463,26.5,17.6,5.7,0.3905,0.4012,1
Rail,East_Asia,Europe,5165.0,124.2,100.1,0.806,Standard,0.809,6.4,44.0,36.8,0.0698,0.5847,1
Ocean,Southeast_Asia,Oceania,10908.9,417.7,235.7,0.5643,High,0.8853,21.4,15.5,21.1,0.5183,0.1525,1
Road,East_Asia,East_Asia,731.5,21.6,17.7,0.8194,Standard,0.8484,59.0,19.6,12.4,0.0341,0.753,1
Ocean,East_Asia,Europe,13508.2,504.7,27.6,0.0547,Standard,0.9759,13.5,29.7,26.0,0.2893,0.9028,1
Rail,East_Asia,East_Asia,638.1,27.8,10.3,0.3705,High,0.9576,51.9,29.2,58.5,0.0255,0.5716,1
Rail,North_America,North_America,3455.9,93.6,63.6,0.6795,Standard,0.8608,75.7,37.6,4.6,0.1242,0.746,1
Ocean,Southeast_Asia,Oceania,15872.1,566.4,142.6,0.2518,High,0.8604,13.8,29.5,25.9,0.4851,0.4541,1
Road,East_Asia,East_Asia,1558.4,32.3,13.3,0.4118,Standard,0.99,28.0,26.9,25.9,0.1747,0.7115,1
Air,Middle_East,Europe,9793.6,47.8,23.9,0.5,High,0.7175,13.6,74.0,30.5,0.3544,0.9531,1
Air,Southeast_Asia,East_Asia,4663.8,19.5,9.6,0.4923,High,0.7722,20.3,43.0,26.3,0.6782,0.6529,1
Ocean,South_Asia,North_America,14280.1,524.8,71.4,0.1361,High,0.7325,28.6,24.4,35.9,0.5678,0.0739,1
Rail,East_Asia,East_Asia,3567.4,102.1,71.0,0.6954,High,0.8212,30.0,48.5,11.2,0.1794,0.2209,1
Ocean,South_Asia,Oceania,15165.6,563.8,215.5,0.3822,Standard,0.859,42.0,30.3,45.5,0.4916,0.6128,1
Ocean,East_Asia,North_America,5467.1,220.1,175.7,0.7983,Standard,0.8539,69.2,50.3,11.0,0.5019,0.6016,1
Road,Europe,Europe,1167.5,25.6,10.4,0.4062,Standard,0.6961,41.4,17.1,44.1,0.1784,0.6711,1
Ocean,Southeast_Asia,North_America,11348.7,441.7,350.6,0.7938,Standard,0.847,86.8,44.1,36.8,0.6151,0.6337,1
Air,South_Asia,North_America,1882.5,26.6,13.8,0.5188,High,0.8578,34.9,29.8,41.4,0.6466,0.8637,1
Air,Middle_East,Oceania,10721.7,37.4,29.2,0.7807,High,0.8701,9.2,53.1,44.6,0.1091,0.3674,1
Road,North_America,North_America,1533.7,28.6,20.3,0.7098,Standard,0.7049,46.8,53.7,9.2,0.0558,0.8482,1
Ocean,South_Asia,Oceania,6505.1,269.0,22.7,0.0844,Standard,0.9358,48.5,77.2,27.7,0.6368,0.291,1
Road,Europe,Europe,1122.8,22.7,12.4,0.5463,High,0.8617,5.9,89.9,8.4,0.0989,0.1362,1
Ocean,East_Asia,Oceania,11893.8,440.0,143.1,0.3252,Standard,0.7329,46.5,59.1,9.0,0.3224,0.1444,1
Ocean,South_Asia,North_America,13433.2,475.7,37.8,0.0795,High,0.9434,100.0,35.3,40.2,0.4221,0.4219,1
Rail,East_Asia,East_Asia,3930.9,107.4,63.8,0.594,High,0.8129,51.6,60.1,9.3,0.0554,0.3872,1
Ocean,Southeast_Asia,North_America,14702.3,530.6,407.4,0.7678,Standard,0.9305,20.8,39.4,20.2,0.522,0.1499,1
Rail,North_America,North_America,5054.1,122.9,85.0,0.6916,Standard,0.7146,30.8,96.7,26.9,0.0778,0.6973,1
Rail,East_Asia,Europe,5130.2,128.3,119.9,0.9345,Standard,0.99,58.7,21.3,48.5,0.6616,0.2215,1
Ocean,South_Asia,Europe,9632.8,364.7,253.4,0.6948,Standard,0.8169,9.9,46.2,6.2,0.3738,0.2302,1
Ocean,East_Asia,Latin_America,12927.7,485.7,283.6,0.5839,High,0.7551,76.9,70.6,16.6,0.3747,0.366,1
Air,North_America,Middle_East,6202.5,41.8,22.5,0.5383,Standard,0.8892,25.4,50.2,24.1,0.3457,0.2038,1
Air,East_Asia,Middle_East,8433.4,42.0,21.3,0.5071,Standard,0.9896,32.9,87.1,20.2,0.7529,0.54,1
Air,Europe,East_Asia,9049.2,35.1,2.2,0.0627,Standard,0.8949,23.6,81.9,22.3,0.4829,0.7623,1
Ocean,South_Asia,Latin_America,11314.4,393.9,327.0,0.8302,High,0.7372,45.0,68.7,12.1,0.8953,0.8021,1
Ocean,South_Asia,Oceania,9980.1,385.1,244.1,0.6339,Standard,0.9166,47.3,23.7,11.5,0.6499,0.6176,1
Air,Middle_East,East_Asia,6817.6,43.5,24.5,0.5632,Urgent,0.9266,66.6,47.9,22.0,0.1342,0.8359,1
Air,Middle_East,Europe,5214.7,31.8,4.3,0.1352,Standard,0.8128,74.3,38.8,35.2,0.4456,0.6579,1
Ocean,South_Asia,Europe,15701.3,559.2,259.5,0.4641,Standard,0.854,25.6,19.5,4.5,0.0794,0.2186,1
Ocean,Southeast_Asia,North_America,10576.2,416.0,246.2,0.5918,High,0.8723,25.2,17.5,20.0,0.728,0.6681,1
Ocean,Europe,North_America,8771.4,347.0,146.1,0.421,Standard,0.99,51.7,52.5,12.7,0.6102,0.0769,1
Road,Europe,Europe,1361.3,26.2,25.2,0.9618,Urgent,0.99,25.3,33.5,44.9,0.0984,0.9442,1
Air,Southeast_Asia,Latin_America,10097.4,45.2,11.9,0.2633,Standard,0.6436,77.8,20.6,82.3,0.185,0.1745,1
Rail,North_America,East_Asia,3154.5,98.8,73.7,0.746,Standard,0.6151,52.5,20.1,19.7,0.3279,0.1995,1
Air,Latin_America,Europe,9526.0,45.6,23.5,0.5154,Standard,0.7132,9.6,29.0,10.9,0.6128,0.3627,1
Road,Latin_America,Latin_America,247.1,16.5,12.8,0.7758,Urgent,0.7951,17.3,17.7,18.0,0.1291,0.8759,0
Air,Middle_East,Latin_America,9166.5,35.8,26.2,0.7318,Standard,0.7851,31.3,32.1,15.3,0.5709,0.0524,1
Road,East_Asia,Latin_America,1600.7,32.3,24.6,0.7616,High,0.99,17.0,83.9,44.5,0.2497,0.5508,1
Air,Southeast_Asia,Latin_America,9616.4,37.3,18.5,0.496,Standard,0.8167,25.5,35.2,58.5,0.4672,0.5347,1
Ocean,Southeast_Asia,Latin_America,8138.0,303.7,99.0,0.326,Standard,0.8008,83.6,34.7,45.3,0.8778,0.9115,1
Rail,South_Asia,South_Asia,3905.6,110.7,107.1,0.9675,High,0.8207,52.2,26.6,33.3,0.103,0.2877,1
Air,Southeast_Asia,Middle_East,8682.9,26.2,17.1,0.6527,Standard,0.7138,29.2,37.1,43.3,0.5821,0.2422,1
Ocean,Southeast_Asia,Middle_East,9415.7,388.1,74.5,0.192,High,0.8925,41.8,100.0,32.6,0.6158,0.7018,1
Rail,South_Asia,Europe,2892.8,71.8,62.3,0.8677,Standard,0.8256,34.4,52.8,50.6,0.3948,0.0724,1
Road,Europe,Europe,1921.5,32.5,21.2,0.6523,Standard,0.9323,17.0,49.9,53.6,0.02,0.1899,1
Ocean,East_Asia,Latin_America,15941.2,537.6,453.3,0.8432,Standard,0.8927,61.0,25.4,22.2,0.4727,0.138,1
Air,South_Asia,Latin_America,1200.0,20.1,14.5,0.7214,Standard,0.99,22.9,36.4,21.3,0.3363,0.3707,0
Air,East_Asia,Europe,4434.7,34.8,2.7,0.0776,Urgent,0.7032,33.3,56.4,34.2,0.5848,0.8788,1
Road,East_Asia,Europe,2123.7,39.4,12.6,0.3198,Standard,0.99,9.8,13.4,25.9,0.3642,0.6522,1
Ocean,Southeast_Asia,Oceania,15424.6,530.7,102.4,0.193,Standard,0.9786,20.9,22.9,30.7,0.817,0.886,1
Road,Europe,Europe,1367.0,34.4,16.1,0.468,Standard,0.7108,33.3,36.3,19.6,0.1536,0.6212,1
Road,East_Asia,East_Asia,1470.6,34.7,9.5,0.2738,High,0.8754,53.4,50.4,8.9,0.098,0.2684,1
Ocean,South_Asia,Middle_East,10075.7,397.9,283.7,0.713,Urgent,0.657,28.9,48.1,49.3,0.8564,0.9729,1
Rail,Europe,Europe,2101.5,85.7,80.6,0.9405,High,0.7233,15.8,18.4,32.5,0.1894,0.8175,1
Road,Europe,Europe,1014.4,28.9,18.3,0.6332,Standard,0.829,65.0,10.0,39.9,0.1539,0.8801,1
Ocean,South_Asia,Middle_East,16440.9,574.1,52.6,0.0916,Standard,0.9856,67.4,3.2,54.7,0.5605,0.4735,1
Ocean,Southeast_Asia,Middle_East,10541.9,372.6,321.6,0.8631,Urgent,0.7816,24.1,10.4,22.2,0.2125,0.4208,1
Rail,South_Asia,South_Asia,3029.5,98.3,56.2,0.5717,High,0.8349,40.0,19.8,54.1,0.126,0.8477,1
Ocean,Europe,North_America,7812.8,299.1,271.2,0.9067,Standard,0.7552,26.5,49.0,63.4,0.2664,0.7921,1
Road,East_Asia,Europe,948.8,25.6,18.9,0.7383,Urgent,0.7341,28.9,49.5,12.3,0.4301,0.4211,1
Air,Middle_East,North_America,8251.9,33.0,30.0,0.9091,Standard,0.6815,26.0,62.1,10.1,0.3523,0.0934,1
Road,Latin_America,Latin_America,1174.1,25.8,25.1,0.9729,Urgent,0.9758,7.1,13.0,44.2,0.1558,0.5808,0
Rail,East_Asia,East_Asia,2356.5,78.7,72.8,0.925,Standard,0.7182,54.3,80.5,15.8,0.2163,0.0893,1
Ocean,Southeast_Asia,Middle_East,7740.6,299.2,114.6,0.383,High,0.7682,10.3,54.5,27.7,0.3995,0.8215,1
Road,North_America,Latin_America,1082.1,19.6,6.4,0.3265,Standard,0.7159,48.6,9.9,46.1,0.3162,0.9739,1
Ocean,Europe,Oceania,6494.9,254.5,209.3,0.8224,Standard,0.8223,59.3,27.3,26.2,0.568,0.3799,1
Ocean,Southeast_Asia,Latin_America,10908.0,405.8,340.9,0.8401,Standard,0.7979,33.9,57.4,20.2,0.5747,0.7511,1
Rail,Europe,North_America,3498.2,82.8,56.0,0.6763,Standard,0.8639,6.1,29.2,36.1,0.2522,0.0867,1
Ocean,South_Asia,Oceania,12248.2,444.9,382.6,0.86,Standard,0.9034,30.6,11.1,35.2,0.4953,0.8561,1
Ocean,East_Asia,Middle_East,14276.0,496.7,116.5,0.2345,High,0.7102,17.2,33.1,12.9,0.4611,0.3948,1
Ocean,East_Asia,Middle_East,10276.2,404.7,213.8,0.5283,Standard,0.7223,76.3,19.3,30.1,0.4751,0.8305,1
Air,East_Asia,Oceania,7424.1,43.4,4.7,0.1083,Standard,0.99,47.0,25.4,14.6,0.6382,0.1514,1
Rail,Europe,Europe,5264.4,153.1,147.8,0.9654,High,0.7316,5.4,29.9,8.0,0.1428,0.482,1
Ocean,South_Asia,Middle_East,8671.2,325.0,309.7,0.9529,High,0.99,60.8,36.5,50.9,0.3848,0.5264,1
Road,Latin_America,Latin_America,833.6,18.0,15.5,0.8611,High,0.8527,21.1,18.5,24.4,0.0792,0.9351,1
Road,Europe,Europe,1523.6,31.3,24.9,0.7955,High,0.9317,100.0,35.7,24.4,0.2272,0.5764,1
Rail,Europe,Europe,3307.4,108.0,82.0,0.7593,High,0.8558,50.8,41.6,23.3,0.162,0.617,1
Road,North_America,Latin_America,1831.4,40.8,2.5,0.0613,Standard,0.99,30.2,38.8,12.9,0.1921,0.7673,1
Ocean,East_Asia,Oceania,16426.3,580.1,188.5,0.3249,High,0.6608,14.7,49.4,64.0,0.2958,0.9543,1
Ocean,Europe,Europe,8489.1,302.2,80.9,0.2677,Standard,0.9358,39.8,40.5,26.7,0.082,0.6,1
Rail,Europe,Europe,4349.5,128.7,93.5,0.7265,Standard,0.7585,13.3,28.1,28.0,0.1202,0.9326,1
Ocean,Europe,Latin_America,11274.9,437.2,396.9,0.9078,High,0.9404,28.2,21.8,48.8,0.4062,0.8761,1
Air,East_Asia,Middle_East,6406.3,28.9,3.2,0.1107,Standard,0.8296,100.0,34.2,26.7,0.7165,0.5517,1
Road,North_America,Latin_America,2154.0,39.2,10.3,0.2628,Standard,0.9745,46.4,47.7,25.6,0.3622,0.3423,1
Air,North_America,Latin_America,5545.1,42.0,16.5,0.3929,Standard,0.6907,33.2,28.6,55.3,0.4402,0.6041,1
Rail,Europe,East_Asia,6841.3,176.9,106.6,0.6026,High,0.9386,49.4,43.0,57.5,0.3598,0.3709,1
Ocean,South_Asia,Oceania,14882.7,521.0,331.5,0.6363,Standard,0.99,23.6,35.2,22.5,0.6252,0.8715,1
Ocean,Southeast_Asia,Latin_America,11602.4,434.6,169.0,0.3889,High,0.9505,52.7,54.6,45.6,0.7697,0.5259,1
Road,North_America,Latin_America,2326.5,43.8,39.1,0.8927,High,0.754,13.5,26.4,11.0,0.4352,0.879,1
Ocean,Europe,Europe,12373.1,448.1,410.9,0.917,Standard,0.7953,82.4,20.4,11.9,0.1398,0.6752,1
Ocean,Southeast_Asia,Middle_East,3500.0,159.4,139.1,0.8726,High,0.7841,21.4,51.2,41.3,0.2732,0.9599,1
Air,South_Asia,Europe,6457.3,36.1,11.4,0.3158,Standard,0.8188,26.5,57.5,12.7,0.331,0.8824,1
Ocean,Southeast_Asia,Europe,10707.9,389.6,176.0,0.4517,Standard,0.7845,33.0,10.6,55.6,0.1339,0.1095,1
Road,East_Asia,North_America,150.0,8.5,2.2,0.2588,Standard,0.8058,25.0,16.5,85.5,0.3586,0.105,1
Air,Latin_America,North_America,2307.7,27.6,14.7,0.5326,Standard,0.99,15.4,76.9,77.6,0.6644,0.6586,1
Road,Latin_America,Latin_America,1746.9,39.4,15.4,0.3909,High,0.9118,38.6,13.8,31.6,0.02,0.212,0
Ocean,Europe,Middle_East,10957.3,436.4,374.9,0.8591,Standard,0.9042,45.0,28.0,3.3,0.3166,0.4804,1
Ocean,Europe,Oceania,8872.2,339.1,141.4,0.417,Standard,0.9578,37.5,24.6,41.3,0.6329,0.4035,1
Road,East_Asia,East_Asia,961.2,25.9,11.1,0.4286,Standard,0.9077,73.4,37.7,69.3,0.0843,0.1734,1
Air,Southeast_Asia,East_Asia,7613.9,33.6,14.9,0.4435,Standard,0.9343,14.6,14.9,42.5,0.6963,0.7317,1
Rail,South_Asia,South_Asia,2222.1,83.9,30.8,0.3671,High,0.9351,5.3,41.9,48.4,0.1213,0.6268,1
Air,Europe,Oceania,8635.4,42.7,31.1,0.7283,Urgent,0.9257,34.4,31.8,4.1,0.5457,0.1622,1
Air,Middle_East,Europe,5926.1,40.6,3.4,0.0837,Standard,0.7771,37.9,17.8,94.8,0.332,0.9556,1
Road,North_America,Europe,1967.0,32.2,30.7,0.9534,Standard,0.7508,12.9,38.2,18.0,0.1431,0.7685,1
Ocean,Europe,Middle_East,9900.7,349.3,113.8,0.3258,Standard,0.99,19.4,25.3,58.2,0.6462,0.9729,1
Ocean,Southeast_Asia,Oceania,11509.4,442.8,177.7,0.4013,High,0.8482,39.5,65.4,21.4,0.0701,0.3817,1
Air,Latin_America,Middle_East,3095.2,29.6,23.4,0.7905,Standard,0.7321,14.1,9.3,57.8,0.7751,0.8033,1
Air,North_America,Europe,9802.7,39.6,2.9,0.0732,Standard,0.7249,49.8,42.1,49.6,0.1489,0.2129,1
Ocean,East_Asia,Oceania,12496.5,434.9,211.2,0.4856,Standard,0.7586,19.1,71.6,25.2,0.2599,0.3062,1
Ocean,South_Asia,Europe,11991.3,460.9,175.7,0.3812,High,0.99,14.8,3.8,21.1,0.7179,0.5843,1
Air,South_Asia,Latin_America,8307.0,35.1,20.4,0.5812,Standard,0.8059,25.6,29.8,49.1,0.8444,0.0891,1
Ocean,Southeast_Asia,Europe,9634.6,351.9,68.2,0.1938,Standard,0.889,32.8,31.7,27.9,0.6022,0.3224,1
Ocean,South_Asia,Oceania,7733.6,304.6,134.2,0.4406,High,0.7677,37.1,26.4,43.3,0.5031,0.0999,1
Ocean,East_Asia,Middle_East,11609.7,409.0,324.7,0.7939,Standard,0.8291,28.0,14.7,27.4,0.3292,0.5964,1
Road,Latin_America,North_America,1330.0,29.0,5.1,0.1759,High,0.8446,57.8,34.5,72.1,0.05,0.4563,1
Rail,North_America,North_America,2399.3,60.5,50.6,0.8364,High,0.8204,37.8,23.8,36.0,0.2177,0.8061,1
Ocean,Southeast_Asia,Middle_East,13912.4,521.8,95.3,0.1826,Standard,0.756,71.5,26.9,18.3,0.5433,0.6075,1
Ocean,South_Asia,Latin_America,9876.8,386.7,168.0,0.4344,Urgent,0.99,27.7,33.0,48.9,0.6841,0.5402,1
Ocean,Europe,Europe,6772.2,252.1,12.7,0.0504,Standard,0.8479,24.1,46.5,17.6,0.0894,0.1714,1
Air,Europe,Middle_East,8312.1,30.7,16.6,0.5407,Urgent,0.7967,57.1,14.7,9.4,0.3723,0.3211,1
Rail,Europe,Europe,4259.8,99.7,5.5,0.0552,Standard,0.6198,8.0,45.9,13.0,0.0815,0.5381,1
Road,East_Asia,Latin_America,781.6,22.0,6.4,0.2909,Standard,0.848,31.0,44.0,49.1,0.3764,0.525,1
Ocean,Europe,Latin_America,7651.5,301.5,291.7,0.9675,Standard,0.7809,35.4,26.5,32.0,0.4293,0.2935,1
Air,Latin_America,Europe,10817.8,38.3,36.5,0.953,Standard,0.8863,27.9,32.1,40.6,0.4924,0.7317,1
Road,Europe,Europe,951.4,18.0,10.3,0.5722,Standard,0.7823,15.8,34.5,40.6,0.1317,0.6536,1
Rail,Europe,Europe,3912.5,100.3,50.7,0.5055,Standard,0.8642,10.5,12.9,28.0,0.1255,0.1959,0
Air,South_Asia,East_Asia,5993.8,25.3,3.0,0.1186,Urgent,0.7363,39.4,19.6,13.3,0.6898,0.0811,1
Ocean,East_Asia,North_America,14236.9,528.5,517.1,0.9784,Standard,0.8925,8.9,39.6,20.4,0.3999,0.7929,1
Ocean,East_Asia,Oceania,15415.9,572.5,436.9,0.7631,Standard,0.9507,47.9,27.9,11.9,0.5026,0.7952,1
Ocean,Europe,North_America,12817.4,445.5,427.7,0.96,High,0.8094,48.1,28.1,23.4,0.4202,0.2887,1
Air,South_Asia,Oceania,8087.3,24.6,15.3,0.622,Standard,0.8143,8.0,11.4,38.1,0.3039,0.6433,1
Air,East_Asia,Oceania,8000.4,39.0,23.1,0.5923,Standard,0.9007,74.7,17.9,19.9,0.2892,0.6201,1
Ocean,South_Asia,Middle_East,9363.7,331.9,242.0,0.7291,High,0.99,12.3,32.4,11.0,0.3577,0.0798,0
Rail,South_Asia,South_Asia,2562.4,77.2,45.9,0.5946,Standard,0.7646,37.4,12.7,38.0,0.188,0.8316,1
Ocean,South_Asia,Europe,15003.0,542.7,423.9,0.7811,High,0.9286,31.9,29.9,47.1,0.4938,0.5145,1
Ocean,Europe,Latin_America,9858.4,396.5,142.4,0.3591,Standard,0.7879,47.0,15.5,19.0,0.4232,0.0833,1
Ocean,East_Asia,Europe,11512.8,403.1,294.7,0.7311,High,0.8001,12.5,38.3,15.1,0.4291,0.966,1
Road,East_Asia,Europe,2041.3,37.0,34.6,0.9351,High,0.99,23.8,30.7,21.7,0.5222,0.6272,1
Rail,South_Asia,South_Asia,4920.2,140.3,103.0,0.7341,Standard,0.9182,20.5,45.3,24.1,0.1076,0.735,1
Ocean,Southeast_Asia,Europe,18274.6,651.8,535.4,0.8214,Standard,0.751,65.7,9.8,56.0,0.6305,0.5978,1
Rail,South_Asia,East_Asia,1640.9,76.0,23.6,0.3105,High,0.9308,23.4,36.5,62.2,0.492,0.7996,1
Rail,South_Asia,South_Asia,5510.3,152.8,97.3,0.6368,High,0.4595,8.6,38.6,71.5,0.1183,0.2642,1
Road,East_Asia,North_America,1302.7,30.7,25.5,0.8306,Urgent,0.7265,17.1,44.0,88.0,0.6667,0.9473,1
Road,Latin_America,Latin_America,1081.7,20.7,7.1,0.343,Urgent,0.8073,41.3,33.9,21.5,0.0931,0.3626,1
Road,East_Asia,East_Asia,1463.2,28.7,10.7,0.3728,Standard,0.8161,9.7,44.7,20.7,0.0923,0.7031,1
Rail,South_Asia,South_Asia,2817.8,78.3,33.4,0.4266,Urgent,0.7401,34.5,45.6,12.6,0.0648,0.9003,1
Rail,North_America,North_America,3666.3,112.5,93.8,0.8338,High,0.8877,64.4,100.0,50.1,0.1181,0.831,1
Rail,East_Asia,East_Asia,2347.8,91.3,56.4,0.6177,High,0.9477,31.3,31.3,23.4,0.162,0.6144,1
Ocean,Southeast_Asia,Oceania,5871.9,272.2,79.0,0.2902,Standard,0.8056,28.2,26.5,3.0,0.5526,0.2263,1
Air,South_Asia,Oceania,3890.4,18.2,12.2,0.6703,Standard,0.93,20.8,54.6,30.8,0.05,0.623,1
Air,North_America,East_Asia,5217.1,32.1,26.0,0.81,High,0.9253,44.4,24.8,58.4,0.1834,0.7958,1
Road,Europe,Europe,788.4,23.9,11.5,0.4812,Standard,0.7495,82.5,32.2,20.1,0.1972,0.9719,1
Ocean,South_Asia,North_America,12568.7,465.8,410.7,0.8817,High,0.9038,48.6,18.5,21.2,0.317,0.3901,1
Ocean,Europe,Europe,12298.4,462.7,50.3,0.1087,Standard,0.9712,20.8,45.3,46.6,0.2011,0.268,1
Ocean,Southeast_Asia,Middle_East,10531.7,409.6,390.7,0.9539,Standard,0.8119,38.0,33.1,18.5,0.6462,0.8715,1
Road,Latin_America,Latin_America,1300.7,32.0,14.9,0.4656,Standard,0.7465,52.8,31.6,12.0,0.1165,0.2992,1
Road,East_Asia,East_Asia,1672.3,34.8,7.6,0.2184,Standard,0.8114,53.5,36.9,17.5,0.1459,0.487,1
Rail,South_Asia,South_Asia,2919.9,106.1,8.4,0.0792,Standard,0.7664,33.0,22.0,3.0,0.1516,0.816,1
Air,South_Asia,Middle_East,4659.5,27.7,2.0,0.0722,Standard,0.99,13.9,9.4,27.6,0.4937,0.9778,1
Road,North_America,Europe,1318.7,30.9,24.6,0.7961,Standard,0.8315,82.0,16.3,17.0,0.4039,0.7428,1
Ocean,South_Asia,North_America,7662.9,282.1,27.9,0.0989,High,0.9886,36.6,16.7,8.6,0.05,0.8948,1
Ocean,Southeast_Asia,Latin_America,5310.1,235.0,215.3,0.9162,Standard,0.9061,19.9,52.1,45.6,0.3666,0.1486,1
Road,Latin_America,North_America,1374.3,31.3,23.7,0.7572,Standard,0.99,20.2,46.7,19.2,0.1162,0.966,1
Ocean,Southeast_Asia,North_America,15908.9,540.8,385.5,0.7128,Standard,0.8213,41.8,16.9,36.2,0.3063,0.0818,1
Rail,Europe,Europe,4783.7,113.1,29.1,0.2573,High,0.6976,53.8,38.3,38.3,0.16,0.5719,1
Ocean,South_Asia,Europe,14466.7,512.2,406.5,0.7936,Standard,0.8285,31.1,19.1,17.3,0.2336,0.7384,1
Ocean,Southeast_Asia,Latin_America,10950.1,389.7,55.8,0.1432,Standard,0.6296,22.6,42.5,32.4,0.4676,0.7183,1
Ocean,Southeast_Asia,Oceania,14561.6,547.6,256.7,0.4688,High,0.7444,33.8,43.5,3.5,0.2515,0.1149,1
Road,Europe,Europe,1228.1,24.4,13.7,0.5615,Standard,0.8992,30.5,34.1,17.5,0.1347,0.2671,0
Air,North_America,East_Asia,8007.3,37.9,21.6,0.5699,High,0.6337,30.4,41.5,4.9,0.2541,0.8752,1
Air,Southeast_Asia,Latin_America,4418.2,20.1,14.9,0.7413,Standard,0.99,22.0,21.1,13.8,0.3375,0.285,1
Ocean,Southeast_Asia,Latin_America,12019.9,442.1,134.3,0.3038,Urgent,0.916,42.0,40.9,7.9,0.2533,0.0741,1
Air,South_Asia,Europe,8205.0,44.7,42.1,0.9418,Standard,0.837,20.2,12.0,9.4,0.5631,0.5012,1
Road,Latin_America,Latin_America,1550.9,28.3,9.8,0.3463,Standard,0.956,14.7,40.8,33.7,0.0438,0.3748,1
Road,Latin_America,Latin_America,1022.1,20.9,12.0,0.5742,High,0.9666,58.1,49.4,24.3,0.1048,0.4843,1
Rail,North_America,North_America,4054.0,94.3,50.4,0.5345,High,0.7446,37.5,43.2,25.0,0.1397,0.7686,1
Ocean,South_Asia,Latin_America,7101.5,263.2,200.9,0.7633,High,0.8797,57.9,50.3,21.5,0.084,0.2573,1
Ocean,Southeast_Asia,Middle_East,16117.0,575.1,187.7,0.3264,Standard,0.99,12.9,39.7,9.9,0.2523,0.9295,1
Rail,North_America,North_America,1907.9,66.9,18.9,0.2825,Standard,0.882,32.4,52.5,18.8,0.1231,0.4536,1
Ocean,East_Asia,Europe,8805.8,325.0,33.5,0.1031,Standard,0.7938,48.3,72.3,19.1,0.2748,0.7828,1
Rail,North_America,North_America,1499.0,66.9,36.5,0.5456,Standard,0.5148,40.1,50.4,20.7,0.1519,0.3085,1
Air,Latin_America,East_Asia,9776.5,37.1,31.3,0.8437,Standard,0.9059,18.6,49.9,10.1,0.4258,0.626,1
Rail,Europe,North_America,3408.6,92.2,86.9,0.9425,Urgent,0.7867,25.1,67.2,11.4,0.3967,0.2697,1
Road,East_Asia,East_Asia,1709.4,33.8,14.7,0.4349,Standard,0.99,36.0,18.5,100.0,0.1583,0.4714,1
Rail,North_America,North_America,2304.4,68.1,41.0,0.6021,Standard,0.6827,24.4,48.3,17.5,0.2138,0.6814,1
Road,East_Asia,Europe,1190.6,22.4,14.2,0.6339,Urgent,0.9482,16.8,5.0,38.0,0.466,0.6792,0
Air,East_Asia,Oceania,4390.9,23.9,17.8,0.7448,High,0.8586,31.9,44.2,47.7,0.5281,0.4743,1
Ocean,Southeast_Asia,North_America,10960.3,388.4,233.9,0.6022,Standard,0.8258,41.7,63.3,44.9,0.6121,0.8656,1
Air,East_Asia,Oceania,7727.3,28.4,11.7,0.412,Standard,0.8788,72.5,38.5,9.8,0.4685,0.414,1
Ocean,South_Asia,Middle_East,7956.6,331.7,190.4,0.574,Urgent,0.8844,28.2,46.4,30.4,0.528,0.3266,1
Ocean,Southeast_Asia,Latin_America,7045.8,290.9,267.4,0.9192,Standard,0.9331,9.5,18.4,5.2,0.5035,0.582,1
Air,South_Asia,North_America,6914.7,33.0,9.7,0.2939,Standard,0.7655,70.4,43.7,22.8,0.3695,0.9237,1
Ocean,South_Asia,Europe,8452.0,340.1,51.1,0.1502,Standard,0.99,53.8,15.1,25.0,0.3819,0.7998,1
Air,North_America,Middle_East,8123.3,43.5,40.9,0.9402,Standard,0.8214,9.0,41.8,31.4,0.1099,0.3633,1
Air,Latin_America,Middle_East,6021.3,23.4,14.3,0.6111,High,0.602,23.6,69.9,35.0,0.2364,0.2248,1
Ocean,Europe,Oceania,15084.2,514.2,284.8,0.5539,Standard,0.99,19.0,42.4,58.1,0.5326,0.4114,1
Ocean,Southeast_Asia,Oceania,9262.9,357.5,252.1,0.7052,Standard,0.99,46.4,36.7,50.6,0.3419,0.2351,1
Rail,North_America,Europe,4855.6,136.2,44.0,0.3231,Standard,0.8524,43.7,77.6,56.6,0.1415,0.4645,1
Ocean,Europe,North_America,10886.8,391.2,238.3,0.6092,Standard,0.6938,47.8,56.1,43.7,0.6432,0.8225,1
Ocean,Europe,Latin_America,10012.0,403.7,173.5,0.4298,High,0.7014,5.1,46.6,24.8,0.5629,0.7352,1
Ocean,East_Asia,Oceania,14139.0,536.8,179.9,0.3351,High,0.99,49.6,8.4,8.7,0.4792,0.404,1
Ocean,Europe,North_America,11031.3,405.2,223.6,0.5518,High,0.7833,55.2,13.5,14.7,0.8533,0.4819,1
Road,North_America,North_America,1124.1,20.9,14.8,0.7081,Standard,0.684,25.4,48.1,17.9,0.1008,0.5933,1
Ocean,South_Asia,Latin_America,10771.2,393.3,371.2,0.9438,Standard,0.7782,39.0,4.7,9.3,0.508,0.7478,1
Road,Europe,Europe,1457.3,33.1,20.9,0.6314,Urgent,0.9125,28.1,59.2,15.2,0.2227,0.8907,1
Road,Latin_America,Latin_America,741.2,23.1,7.3,0.316,Standard,0.7867,69.3,21.1,14.6,0.0801,0.784,1
Ocean,Europe,Latin_America,10072.3,408.7,36.8,0.09,Standard,0.7453,25.9,89.9,67.0,0.7111,0.8492,1
Air,East_Asia,Europe,9271.7,43.1,37.2,0.8631,High,0.7071,43.9,10.5,32.6,0.4482,0.9012,1
Road,Europe,Europe,1299.1,30.5,29.1,0.9541,Urgent,0.5679,28.6,12.4,10.9,0.1169,0.25,0
Ocean,Southeast_Asia,Middle_East,13578.3,490.2,195.3,0.3984,Urgent,0.7333,27.3,47.4,38.7,0.2344,0.6786,1
Ocean,Southeast_Asia,Europe,11850.9,454.7,69.4,0.1526,High,0.99,11.8,83.5,30.2,0.05,0.807,1
Ocean,Southeast_Asia,Middle_East,12844.8,465.7,297.4,0.6386,Standard,0.7553,62.2,21.0,13.0,0.5791,0.2187,1
Road,Latin_America,North_America,1532.0,33.9,5.1,0.1504,High,0.8455,27.5,28.5,10.0,0.2959,0.1512,0
Road,Europe,Europe,1176.4,31.9,29.7,0.931,Standard,0.853,4.4,24.3,2.3,0.0546,0.4171,0
Road,North_America,Europe,1016.7,28.2,19.7,0.6986,Standard,0.8281,25.2,61.3,20.8,0.5599,0.8505,1
Ocean,South_Asia,Middle_East,10013.4,352.5,266.8,0.7569,High,0.8345,22.1,65.1,24.8,0.8723,0.9714,1
Ocean,Southeast_Asia,Oceania,12986.3,475.1,186.7,0.393,Standard,0.9039,39.0,45.0,6.7,0.175,0.4235,1
Ocean,Europe,Europe,9465.4,352.4,229.8,0.6521,Standard,0.96,30.0,14.9,30.9,0.066,0.073,0
Road,East_Asia,East_Asia,1489.4,33.7,27.0,0.8012,High,0.99,24.8,26.7,21.5,0.1088,0.6651,1
Air,Southeast_Asia,East_Asia,9005.9,24.7,4.6,0.1862,Standard,0.8781,55.4,24.6,25.1,0.4659,0.972,1
Air,Southeast_Asia,Middle_East,4796.8,37.9,13.2,0.3483,Standard,0.8306,34.8,48.8,14.4,0.1811,0.8486,1
Road,East_Asia,East_Asia,825.5,21.2,17.1,0.8066,Urgent,0.99,36.2,40.7,30.3,0.0617,0.4073,1
Rail,North_America,East_Asia,4766.7,121.3,114.8,0.9464,Standard,0.9444,40.3,49.8,24.1,0.493,0.1697,1
Air,Latin_America,Europe,5939.0,28.0,16.8,0.6,Standard,0.9009,44.2,33.7,60.7,0.298,0.5835,1
Ocean,East_Asia,Oceania,11429.1,403.4,235.3,0.5833,Standard,0.9696,49.4,3.0,64.0,0.8448,0.8339,1
Air,East_Asia,Latin_America,6915.1,34.5,3.6,0.1043,Standard,0.8306,26.7,58.2,62.5,0.4865,0.2609,1
Ocean,Southeast_Asia,Europe,13163.8,487.1,296.2,0.6081,Standard,0.9149,51.2,77.1,42.4,0.2545,0.5592,1
Road,Europe,Europe,1912.7,43.0,32.6,0.7581,High,0.8865,37.6,24.2,72.0,0.2043,0.1844,1
Ocean,South_Asia,Middle_East,8475.3,321.8,116.2,0.3611,High,0.811,15.7,11.3,16.9,0.4492,0.8207,1
Road,Europe,Europe,1161.0,20.7,16.4,0.7923,High,0.9135,28.9,25.3,22.2,0.1605,0.5227,1
Rail,Europe,Europe,2012.9,73.0,35.1,0.4808,Urgent,0.7187,45.3,41.1,11.6,0.087,0.7341,1
Air,Latin_America,Oceania,6919.2,27.9,26.4,0.9462,High,0.7453,23.9,25.2,16.5,0.05,0.1653,1
Ocean,South_Asia,Middle_East,11631.0,439.1,337.6,0.7688,Urgent,0.8926,79.7,28.9,20.4,0.3386,0.1164,1
Ocean,South_Asia,North_America,14685.2,529.0,397.2,0.7509,High,0.7786,78.2,67.1,16.4,0.2899,0.979,1
Ocean,East_Asia,Latin_America,13292.8,493.2,278.5,0.5647,Standard,0.9464,13.5,44.2,3.5,0.5331,0.1329,1
Road,Latin_America,Latin_America,595.7,18.9,14.1,0.746,Standard,0.9182,48.5,37.1,29.4,0.142,0.1379,1
Road,North_America,North_America,1560.9,30.4,12.5,0.4112,Standard,0.9296,41.6,79.3,19.5,0.0603,0.6133,1
Ocean,East_Asia,Middle_East,15587.5,527.9,508.9,0.964,Urgent,0.7998,46.8,23.6,24.8,0.6668,0.938,1
Ocean,Europe,Middle_East,7050.2,258.7,174.3,0.6738,Standard,0.99,16.8,33.1,4.4,0.2607,0.7474,0
Air,South_Asia,Oceania,6208.4,30.1,5.0,0.1661,High,0.8756,29.0,19.7,17.7,0.4522,0.9503,1
Road,Europe,Latin_America,1465.0,26.2,23.0,0.8779,Standard,0.8659,31.8,37.7,24.5,0.67,0.3708,1
Ocean,Europe,Europe,7313.6,271.6,263.8,0.9713,Standard,0.9705,11.9,32.6,46.5,0.0997,0.8601,1
Road,Latin_America,Latin_America,1922.6,42.1,16.8,0.399,High,0.7585,69.3,25.5,21.0,0.1855,0.8467,1
Air,East_Asia,Middle_East,8529.2,34.4,3.5,0.1017,Standard,0.6211,73.1,26.4,17.6,0.3888,0.7386,1
Rail,East_Asia,North_America,500.0,32.0,30.9,0.9656,Standard,0.8439,38.4,26.3,63.3,0.532,0.1817,1
Road,North_America,North_America,1250.1,23.4,15.5,0.6624,Standard,0.785,75.9,46.2,33.0,0.0822,0.7083,1
Ocean,South_Asia,Oceania,9015.0,349.3,126.6,0.3624,Standard,0.7907,23.8,37.8,60.4,0.6311,0.4518,1
Road,North_America,Latin_America,1298.4,34.1,33.1,0.9707,Standard,0.7097,63.2,37.6,4.5,0.2807,0.436,1
Rail,North_America,North_America,3330.9,80.7,7.0,0.0867,High,0.9131,51.0,7.5,20.8,0.0697,0.4099,1
Ocean,East_Asia,Europe,11179.3,427.6,293.9,0.6873,Standard,0.8309,19.4,26.7,21.3,0.3363,0.0793,1
Rail,North_America,North_America,4422.6,111.2,9.9,0.089,High,0.8347,25.3,25.3,22.2,0.0712,0.3005,1
Air,North_America,Europe,5500.0,30.0,21.1,0.7033,Standard,0.811,28.5,15.3,11.6,0.2954,0.4063,1
Air,North_America,Oceania,10511.1,30.7,19.9,0.6482,Standard,0.8631,29.8,17.7,36.7,0.3147,0.0506,1
Ocean,Europe,Middle_East,10842.8,391.6,95.0,0.2426,Standard,0.815,44.4,28.0,8.2,0.0875,0.774,1
Road,North_America,North_America,598.0,18.2,10.2,0.5604,Standard,0.9184,14.5,49.6,42.2,0.1162,0.7478,1
Ocean,East_Asia,Europe,11522.0,433.7,56.7,0.1307,Urgent,0.7032,19.3,27.4,44.2,0.5326,0.846,1
Road,Europe,Europe,857.9,26.4,23.9,0.9053,Urgent,0.99,84.0,51.5,15.3,0.1368,0.707,1
Ocean,East_Asia,North_America,13006.3,463.6,35.8,0.0772,Urgent,0.9072,17.5,89.6,11.5,0.2437,0.7997,1
Road,Europe,Europe,1799.8,35.5,10.8,0.3042,Standard,0.7976,19.9,20.3,58.7,0.0263,0.1739,1
Ocean,Southeast_Asia,Middle_East,6552.6,297.2,101.5,0.3415,Standard,0.8429,40.1,33.4,76.9,0.2902,0.4082,1
Ocean,Europe,Middle_East,9237.4,335.5,83.6,0.2492,Urgent,0.9369,35.1,15.8,50.4,0.4572,0.3632,1
Air,North_America,East_Asia,6041.1,38.5,27.4,0.7117,Standard,0.7603,74.9,36.8,19.4,0.3878,0.482,1
Road,Europe,Europe,1254.6,26.9,25.0,0.9294,High,0.99,38.8,6.6,42.0,0.1442,0.3447,1
Rail,East_Asia,East_Asia,2458.9,91.7,86.0,0.9378,High,0.9123,24.6,26.1,29.8,0.0817,0.736,1
Rail,South_Asia,East_Asia,4161.1,118.6,73.9,0.6231,Urgent,0.9803,62.5,72.2,19.0,0.5535,0.4692,1
Road,East_Asia,East_Asia,811.6,22.3,3.0,0.1345,High,0.7873,55.5,100.0,16.4,0.141,0.1329,1
Rail,South_Asia,East_Asia,3995.6,125.7,71.2,0.5664,Standard,0.8857,48.5,34.7,4.7,0.5951,0.9277,1
Road,East_Asia,East_Asia,1764.9,38.8,37.6,0.9691,Standard,0.841,13.7,43.6,7.0,0.0281,0.1999,0
Road,North_America,North_America,1435.7,34.5,32.4,0.9391,High,0.9437,20.2,15.3,7.8,0.0244,0.4221,0
Ocean,Europe,Europe,12598.8,449.7,316.0,0.7027,Urgent,0.7064,47.5,23.3,16.6,0.069,0.9542,1
Ocean,South_Asia,Oceania,7342.3,322.8,42.0,0.1301,Standard,0.7958,14.2,31.0,48.9,0.1208,0.577,1
Rail,South_Asia,South_Asia,3614.1,87.5,43.9,0.5017,Standard,0.9338,79.1,23.7,25.1,0.139,0.9462,1
Ocean,Europe,Oceania,16129.3,591.1,354.4,0.5996,Urgent,0.6313,55.2,17.7,41.1,0.1665,0.848,1
Ocean,East_Asia,Middle_East,10441.2,405.8,193.7,0.4773,High,0.7926,37.5,42.7,25.7,0.1582,0.3406,1
Air,East_Asia,North_America,6353.3,23.1,7.5,0.3247,High,0.6562,24.1,28.5,17.9,0.5833,0.3359,1
Ocean,Europe,Oceania,15496.1,564.8,53.4,0.0945,Urgent,0.9505,75.1,24.7,25.4,0.5064,0.1764,1
Ocean,Southeast_Asia,Middle_East,15588.4,523.7,175.6,0.3353,Standard,0.9278,40.8,43.4,36.2,0.3219,0.4178,1
Road,Latin_America,Latin_America,1191.6,29.7,13.6,0.4579,High,0.6768,28.9,18.1,15.3,0.1276,0.8266,1
Air,Middle_East,East_Asia,6494.6,22.6,9.6,0.4248,High,0.8681,10.2,12.6,14.4,0.076,0.2249,0
Road,East_Asia,East_Asia,1815.1,33.4,30.4,0.9102,Standard,0.9668,37.2,15.3,12.5,0.1267,0.271,0
Road,North_America,North_America,150.0,17.9,10.4,0.581,High,0.8675,10.3,45.7,41.5,0.0496,0.9169,1
Ocean,South_Asia,Latin_America,12234.4,425.5,195.6,0.4597,Urgent,0.8931,27.2,35.9,21.2,0.05,0.2983,1
Air,South_Asia,Latin_America,8752.6,46.8,43.3,0.9252,Standard,0.771,14.0,25.5,41.5,0.8143,0.1324,1
Road,Latin_America,Latin_America,1280.3,24.3,3.9,0.1605,Urgent,0.7392,42.4,29.0,9.4,0.1777,0.8208,1
Ocean,South_Asia,Europe,12823.1,468.3,405.0,0.8648,Standard,0.99,53.0,21.3,12.1,0.5866,0.1363,1
Air,Europe,Middle_East,8537.1,36.2,12.5,0.3453,Standard,0.99,39.6,82.6,19.5,0.5848,0.1947,1
Ocean,East_Asia,Oceania,6575.3,248.1,18.1,0.073,High,0.8342,7.6,39.9,43.1,0.6323,0.7376,1
Ocean,Southeast_Asia,Europe,14109.1,482.7,186.6,0.3866,High,0.9493,38.7,61.9,17.0,0.499,0.9508,1
Road,Europe,Europe,1423.6,25.4,4.2,0.1654,High,0.6463,50.8,56.8,18.9,0.1033,0.8204,1
Air,Europe,Middle_East,2900.3,17.0,11.8,0.6941,Standard,0.9338,15.3,19.0,28.6,0.1309,0.1322,0
Ocean,Europe,Middle_East,8157.5,310.7,81.7,0.263,Standard,0.7059,10.6,46.0,33.9,0.106,0.4281,1
Road,East_Asia,East_Asia,645.4,16.4,4.9,0.2988,Standard,0.8742,57.1,35.7,30.8,0.0443,0.4331,0
Road,Europe,Europe,1688.7,34.2,27.2,0.7953,High,0.8756,14.3,13.9,17.9,0.1817,0.8411,1
Road,Europe,Europe,1377.8,28.2,12.9,0.4574,High,0.879,30.8,48.5,45.2,0.1535,0.6415,1
Air,Southeast_Asia,Europe,7595.5,32.3,25.6,0.7926,Standard,0.833,34.0,61.5,34.8,0.3834,0.8637,1
Rail,Europe,East_Asia,4807.3,119.9,36.0,0.3003,Urgent,0.9479,24.9,41.6,39.3,0.4065,0.476,1
Air,East_Asia,Latin_America,4969.2,25.8,3.1,0.1202,High,0.7863,61.3,19.8,43.8,0.4118,0.4304,1
Road,East_Asia,East_Asia,2031.0,42.3,23.5,0.5556,Standard,0.7502,19.9,19.3,11.8,0.1964,0.2723,1
Rail,Europe,East_Asia,2753.0,97.5,34.2,0.3508,Standard,0.5869,42.1,62.5,68.3,0.119,0.4179,1
Ocean,Europe,Latin_America,8324.3,310.3,28.3,0.0912,Standard,0.9128,22.6,46.6,49.7,0.3271,0.3976,1
Road,Latin_America,Latin_America,2021.5,34.7,16.7,0.4813,Urgent,0.8112,13.7,37.8,42.3,0.1412,0.3902,1
Ocean,South_Asia,Europe,14823.4,521.1,204.9,0.3932,Standard,0.4537,31.9,22.7,13.1,0.1216,0.4954,1
Air,Europe,Middle_East,4676.6,32.2,5.6,0.1739,Standard,0.8927,14.1,52.6,20.3,0.363,0.7296,1
Road,North_America,North_America,1462.7,26.0,24.0,0.9231,Standard,0.9643,52.0,20.0,42.2,0.0736,0.3649,1
Road,East_Asia,North_America,1167.1,29.0,8.9,0.3069,Standard,0.9122,37.6,44.1,45.2,0.6263,0.6904,1
Air,North_America,Middle_East,9062.3,34.3,20.7,0.6035,Standard,0.7206,21.3,28.8,47.8,0.205,0.1366,1
Rail,North_America,North_America,3438.3,88.9,14.6,0.1642,High,0.93,71.5,32.2,13.5,0.0834,0.3918,1
Rail,Europe,Europe,4944.2,130.1,27.7,0.2129,Urgent,0.8817,11.2,34.7,2.7,0.072,0.1082,0
Ocean,Europe,Europe,10536.8,375.2,71.9,0.1916,High,0.8541,81.0,19.4,2.4,0.0816,0.8392,1
Road,North_America,North_America,2320.3,38.0,5.7,0.15,High,0.99,31.3,8.3,12.5,0.1142,0.9537,1
Road,Latin_America,Latin_America,1598.6,38.6,5.2,0.1347,Standard,0.7982,18.7,19.9,31.3,0.2224,0.8518,1
Rail,North_America,North_America,4228.7,120.1,41.5,0.3455,Urgent,0.8413,24.8,25.8,21.6,0.0866,0.6736,1
Rail,South_Asia,Europe,3574.6,106.2,72.8,0.6855,Standard,0.7588,67.7,87.1,5.6,0.4647,0.7015,1
Ocean,Southeast_Asia,Oceania,11051.2,388.6,78.1,0.201,High,0.8616,14.0,52.8,28.7,0.2598,0.6927,1
Rail,North_America,Europe,2758.8,91.1,30.5,0.3348,Urgent,0.986,29.1,52.9,56.8,0.2766,0.1841,1
Ocean,East_Asia,Europe,9432.9,338.1,57.6,0.1704,High,0.9815,34.1,63.9,37.8,0.5713,0.762,1
Rail,North_America,North_America,2128.1,73.2,33.2,0.4536,Standard,0.7094,38.6,33.3,9.5,0.1278,0.8529,1
Ocean,Europe,Europe,4963.1,250.5,64.3,0.2567,Standard,0.8506,46.3,28.2,46.2,0.0921,0.9416,1
Ocean,Europe,North_America,9006.2,318.5,267.6,0.8402,Urgent,0.8239,17.9,14.7,34.7,0.4222,0.9009,1
Road,North_America,North_America,844.0,25.5,12.5,0.4902,Urgent,0.7418,49.7,21.5,41.5,0.186,0.1796,1
Air,Southeast_Asia,East_Asia,8361.6,26.5,2.7,0.1019,Standard,0.9572,45.6,10.3,47.4,0.3436,0.5033,1
Ocean,South_Asia,Oceania,11154.7,434.6,203.7,0.4687,Standard,0.853,49.7,43.0,34.4,0.6746,0.5742,1
Air,Middle_East,East_Asia,10325.2,47.8,23.7,0.4958,Standard,0.99,30.7,86.7,24.6,0.0783,0.8278,1
Rail,South_Asia,South_Asia,1696.9,59.4,32.2,0.5421,Standard,0.6691,43.6,27.5,41.0,0.2116,0.9624,1
Rail,North_America,North_America,4991.5,122.0,53.2,0.4361,Standard,0.7048,61.2,24.2,22.7,0.0415,0.7198,1
Rail,South_Asia,South_Asia,2981.0,79.1,38.8,0.4905,Urgent,0.7739,48.9,28.4,23.2,0.02,0.7092,1
Air,Europe,Oceania,7631.1,45.9,20.4,0.4444,Urgent,0.925,39.7,47.4,34.9,0.4371,0.1492,1
Rail,East_Asia,East_Asia,3164.6,79.3,9.1,0.1148,Standard,0.8168,38.6,24.6,23.2,0.1771,0.7337,1
Ocean,East_Asia,North_America,9353.2,363.4,79.0,0.2174,High,0.99,29.2,57.4,31.5,0.0627,0.3039,1
Road,Latin_America,Latin_America,178.7,17.5,6.1,0.3486,Urgent,0.8776,49.6,32.8,22.9,0.1448,0.7297,1
Rail,North_America,North_America,4527.4,105.5,65.9,0.6246,High,0.8848,13.7,13.8,21.6,0.1102,0.1048,0
Road,North_America,North_America,465.6,11.3,1.4,0.1239,Standard,0.843,48.9,10.4,38.4,0.0669,0.4477,1
Road,East_Asia,Latin_America,2308.2,41.6,5.2,0.125,High,0.99,13.4,12.5,13.9,0.3542,0.3378,0
Air,Southeast_Asia,North_America,5798.2,30.3,13.9,0.4587,Standard,0.99,26.9,73.4,37.5,0.05,0.7546,1
Air,North_America,East_Asia,2831.3,29.7,18.8,0.633,Urgent,0.9719,53.4,67.6,21.1,0.5659,0.3821,1
Air,Middle_East,Oceania,4972.1,21.2,8.1,0.3821,High,0.611,28.8,4.6,28.4,0.6735,0.0849,1
Ocean,South_Asia,Europe,17726.8,635.4,108.9,0.1714,High,0.882,76.9,13.7,16.0,0.5932,0.9293,1
Rail,East_Asia,Europe,1911.1,54.1,6.8,0.1257,Urgent,0.9196,29.2,24.6,32.5,0.5085,0.2374,1
Ocean,Europe,Latin_America,12862.7,466.5,108.8,0.2332,Standard,0.7837,17.4,16.2,24.3,0.1034,0.7635,1
Ocean,East_Asia,Oceania,11230.3,409.2,270.3,0.6606,Standard,0.8483,23.6,59.3,9.6,0.3062,0.3174,1
Ocean,Southeast_Asia,Europe,8988.2,318.4,163.8,0.5144,Standard,0.9699,15.2,48.9,25.5,0.2469,0.8303,1
Air,East_Asia,Europe,13443.9,44.9,37.7,0.8396,Standard,0.8977,59.4,13.5,5.6,0.6201,0.5741,1
Ocean,Southeast_Asia,Latin_America,9325.0,373.1,42.4,0.1136,High,0.7909,34.1,35.8,20.5,0.5614,0.7917,1
Air,South_Asia,North_America,7690.9,40.2,21.6,0.5373,Standard,0.6271,14.2,23.8,50.2,0.4252,0.4726,1
Road,East_Asia,East_Asia,1576.7,32.9,3.2,0.0973,Urgent,0.8945,23.9,66.4,17.9,0.1378,0.1549,1
Air,East_Asia,Oceania,10169.9,46.8,18.8,0.4017,High,0.9034,12.7,23.3,21.4,0.1451,0.5259,1
Road,North_America,North_America,2215.8,43.2,18.1,0.419,Standard,0.6172,48.5,17.4,13.4,0.0551,0.1861,1
Rail,South_Asia,South_Asia,1449.5,47.3,27.1,0.5729,High,0.9544,26.2,16.8,46.7,0.0613,0.8152,1
Rail,South_Asia,Europe,3278.5,106.6,97.7,0.9165,Urgent,0.9651,8.3,18.6,14.0,0.2234,0.2609,0
Ocean,Southeast_Asia,North_America,8205.9,349.2,247.6,0.709,Standard,0.9865,10.7,38.0,18.5,0.3257,0.835,1
Rail,South_Asia,South_Asia,5275.4,130.7,118.5,0.9067,Standard,0.884,88.6,45.9,19.3,0.1448,0.8634,1
Ocean,Europe,Latin_America,15090.2,521.8,236.2,0.4527,Standard,0.962,12.1,39.9,42.8,0.4305,0.7412,1
Road,North_America,North_America,1660.9,35.0,18.1,0.5171,Standard,0.984,23.8,20.2,20.7,0.1844,0.5899,0
Ocean,South_Asia,Oceania,8358.6,309.9,65.5,0.2114,Standard,0.9214,39.8,27.8,17.5,0.4394,0.653,1
Ocean,Europe,Middle_East,7436.8,269.2,147.8,0.549,Standard,0.99,49.7,41.9,7.1,0.5486,0.4297,1
Rail,Europe,Europe,3054.7,84.5,18.3,0.2166,Standard,0.7173,52.8,13.1,8.9,0.1015,0.6418,1
Rail,Europe,Europe,5467.0,156.3,27.4,0.1753,Standard,0.8816,56.1,10.0,49.1,0.1541,0.483,1
Rail,South_Asia,North_America,2985.6,72.4,19.0,0.2624,Standard,0.9386,41.3,66.5,47.3,0.2844,0.0905,1
Rail,Europe,Europe,4088.0,100.2,48.8,0.487,High,0.837,24.5,100.0,7.3,0.1569,0.4406,1
Ocean,East_Asia,Europe,13774.5,512.8,407.4,0.7945,Urgent,0.9073,30.2,20.4,26.2,0.6642,0.5654,1
Ocean,Southeast_Asia,Middle_East,11254.9,437.5,416.3,0.9515,Standard,0.8631,56.0,17.5,46.5,0.1829,0.9154,1
Air,South_Asia,North_America,10257.0,47.5,17.0,0.3579,Urgent,0.9368,52.3,25.7,9.2,0.6916,0.8928,1
Road,Latin_America,Latin_America,1738.7,38.1,8.6,0.2257,High,0.9089,11.6,43.3,20.2,0.0254,0.8592,0
Ocean,Southeast_Asia,Latin_America,6289.8,289.5,212.8,0.7351,High,0.837,37.2,9.2,38.8,0.2717,0.8138,1
Ocean,East_Asia,Europe,9948.8,402.5,394.2,0.9794,Urgent,0.6548,50.1,25.3,43.1,0.3331,0.0696,1
Ocean,East_Asia,Latin_America,4624.2,232.0,138.2,0.5957,High,0.782,20.3,13.0,3.9,0.3691,0.4732,1
Ocean,South_Asia,Middle_East,12126.5,435.1,276.2,0.6348,High,0.7707,24.0,31.4,12.8,0.0801,0.4146,1
Rail,East_Asia,North_America,4413.3,118.7,73.9,0.6226,Standard,0.7632,50.1,10.5,44.8,0.6443,0.8453,1
Ocean,Southeast_Asia,Middle_East,9888.7,374.1,218.5,0.5841,Standard,0.7019,23.5,65.0,5.2,0.6727,0.0632,1
Road,East_Asia,North_America,692.6,18.0,16.3,0.9056,Standard,0.9002,43.4,15.8,49.8,0.3804,0.6465,1
Road,East_Asia,East_Asia,826.3,17.0,7.9,0.4647,Standard,0.7896,30.4,51.0,37.1,0.1266,0.5901,1
Air,Southeast_Asia,North_America,3704.9,35.6,5.0,0.1404,Standard,0.99,28.6,37.1,4.4,0.8486,0.3331,1
Ocean,Southeast_Asia,North_America,18157.8,641.4,513.7,0.8009,High,0.82,42.6,42.2,26.9,0.5886,0.6606,1
Ocean,South_Asia,Latin_America,12287.7,420.2,347.5,0.827,Urgent,0.884,30.9,29.8,30.6,0.4762,0.2685,1
Air,Southeast_Asia,Europe,7959.3,28.4,23.2,0.8169,High,0.99,51.0,39.6,26.7,0.5941,0.4466,1
Air,Latin_America,Middle_East,8753.9,38.5,36.4,0.9455,High,0.9112,14.6,13.8,39.5,0.1158,0.5531,1
Rail,East_Asia,East_Asia,3950.3,118.1,98.7,0.8357,High,0.8217,26.5,66.1,24.3,0.073,0.2992,1
Ocean,East_Asia,Europe,8380.6,320.0,290.5,0.9078,Standard,0.8535,18.4,19.9,44.5,0.4851,0.9615,1
Road,East_Asia,East_Asia,1120.2,31.4,18.6,0.5924,High,0.99,34.2,41.3,11.3,0.1932,0.2952,1
Air,Latin_America,East_Asia,8148.4,37.4,16.8,0.4492,Standard,0.6966,28.6,10.9,5.1,0.2918,0.8188,1
Air,North_America,Middle_East,5371.0,21.5,14.5,0.6744,Urgent,0.7739,23.4,40.1,81.4,0.4505,0.6645,1
Road,Latin_America,Latin_America,1451.7,31.6,27.0,0.8544,Urgent,0.8408,47.4,40.7,12.8,0.159,0.6691,1
Road,East_Asia,Latin_America,972.1,25.3,12.3,0.4862,Standard,0.9569,44.2,25.9,48.0,0.7328,0.2827,1
Rail,East_Asia,East_Asia,3297.9,82.4,62.1,0.7536,Urgent,0.99,32.8,21.3,32.4,0.202,0.8354,1
Road,Europe,Latin_America,523.7,16.9,3.3,0.1953,Standard,0.99,28.6,22.1,10.4,0.1386,0.3718,1
Air,East_Asia,Latin_America,5825.0,30.7,3.8,0.1238,Standard,0.893,31.1,33.8,37.8,0.4074,0.2695,1
Ocean,Europe,Latin_America,9088.1,338.3,106.0,0.3133,Standard,0.9053,17.7,25.9,100.0,0.8391,0.1533,1
Road,Europe,Latin_America,835.2,21.5,11.8,0.5488,Standard,0.6726,36.1,29.3,36.7,0.3476,0.65,1
Ocean,Southeast_Asia,Europe,20289.2,681.5,286.1,0.4198,Standard,0.701,60.0,29.2,42.8,0.6519,0.5844,1
Air,Europe,Latin_America,7011.3,27.7,21.2,0.7653,Standard,0.99,27.7,100.0,10.9,0.3739,0.4166,1
Road,East_Asia,North_America,150.0,10.6,1.7,0.1604,Standard,0.8749,100.0,11.2,16.6,0.3959,0.8532,1
Air,Europe,Middle_East,12252.1,33.8,22.6,0.6686,High,0.8307,19.7,33.2,25.8,0.8402,0.7972,1
Road,North_America,North_America,1424.4,24.5,5.9,0.2408,Standard,0.9116,64.2,12.6,36.5,0.1284,0.8855,1
Ocean,South_Asia,Middle_East,10202.5,355.0,138.1,0.389,Standard,0.8955,35.2,15.6,29.5,0.05,0.4116,1
Road,Latin_America,Latin_America,1329.3,34.3,4.8,0.1399,Standard,0.7852,52.2,25.4,26.0,0.1675,0.3637,1
Air,North_America,Middle_East,5008.8,25.2,3.1,0.123,Standard,0.5951,41.0,30.9,24.5,0.5287,0.8248,1
Rail,Europe,Europe,3654.0,94.3,29.3,0.3107,Urgent,0.7832,27.6,32.9,18.3,0.1824,0.7916,1
Road,North_America,North_America,1434.9,29.2,6.3,0.2158,Urgent,0.8158,11.9,14.3,11.6,0.1323,0.4374,0
Ocean,East_Asia,Oceania,8809.9,342.5,325.5,0.9504,Urgent,0.9413,65.5,11.2,5.4,0.5209,0.424,1
Ocean,Southeast_Asia,Oceania,12300.8,436.5,269.8,0.6181,Standard,0.9546,18.9,57.0,8.5,0.5374,0.5778,1
Ocean,Southeast_Asia,Latin_America,17550.4,603.9,133.4,0.2209,High,0.9878,15.7,26.0,18.4,0.3679,0.6039,1
Ocean,South_Asia,Latin_America,5198.2,210.7,42.7,0.2027,Standard,0.982,38.8,11.2,72.2,0.5532,0.7742,1
Ocean,East_Asia,Oceania,13862.3,525.3,60.6,0.1154,Standard,0.7842,34.0,28.1,23.2,0.05,0.8791,1
Air,Middle_East,Oceania,6669.2,30.4,5.9,0.1941,High,0.8092,30.5,18.6,6.7,0.05,0.8001,1
Air,South_Asia,East_Asia,5462.4,32.0,23.1,0.7219,High,0.799,43.8,22.7,28.8,0.3719,0.6953,1
Road,North_America,North_America,2490.9,49.3,11.4,0.2312,Standard,0.8741,49.9,15.0,3.9,0.117,0.2086,0
Air,Southeast_Asia,Middle_East,3704.4,39.8,14.7,0.3693,Standard,0.843,23.2,46.2,46.2,0.2037,0.4639,1
Air,Middle_East,Latin_America,4860.9,22.3,3.6,0.1614,Standard,0.591,20.2,52.4,35.4,0.5674,0.876,1
Road,Latin_America,Latin_America,1623.5,36.8,17.9,0.4864,Standard,0.99,24.4,40.0,6.2,0.0826,0.3867,0
Road,East_Asia,East_Asia,1315.9,23.3,13.6,0.5837,Standard,0.7779,51.0,26.7,4.2,0.226,0.1222,1
Ocean,Europe,Latin_America,3658.8,174.6,61.9,0.3545,Standard,0.9208,21.5,42.8,39.5,0.8222,0.1083,1
Ocean,South_Asia,Oceania,8621.7,312.1,53.1,0.1701,Standard,0.8225,36.1,35.0,50.2,0.7227,0.6284,1
Ocean,South_Asia,North_America,10655.3,422.7,344.8,0.8157,Standard,0.6217,3.2,20.3,37.4,0.5021,0.8391,1
Air,Europe,Oceania,7698.8,45.9,12.0,0.2614,High,0.7593,43.5,57.2,20.7,0.319,0.2947,1
Road,Latin_America,Latin_America,1061.6,29.8,24.9,0.8356,High,0.99,36.7,22.3,17.6,0.0878,0.8411,1
Ocean,Southeast_Asia,Middle_East,7353.7,307.2,292.4,0.9518,Standard,0.8354,6.4,47.9,8.1,0.4585,0.456,1
Air,Middle_East,Europe,5651.7,22.1,3.9,0.1765,High,0.6398,15.2,87.3,35.6,0.6947,0.8735,1
Air,South_Asia,Europe,6974.1,40.6,14.7,0.3621,Standard,0.7956,27.3,48.8,25.3,0.3688,0.5316,1
Ocean,East_Asia,Latin_America,12172.7,475.4,155.4,0.3269,Urgent,0.715,26.1,36.1,18.2,0.1399,0.1598,1
Air,Southeast_Asia,Europe,5730.4,34.5,21.7,0.629,High,0.6841,19.1,14.1,20.7,0.6378,0.5572,1
Ocean,East_Asia,Oceania,16684.8,617.2,257.8,0.4177,Standard,0.9161,17.3,67.5,16.3,0.5535,0.6501,1
Air,Middle_East,Oceania,3629.1,31.4,15.2,0.4841,Standard,0.6592,23.1,35.0,12.6,0.3807,0.9136,1
Road,East_Asia,East_Asia,1262.3,26.6,14.6,0.5489,Standard,0.8075,47.2,63.6,26.9,0.0787,0.7834,1
Road,Europe,Europe,507.2,20.6,8.4,0.4078,High,0.789,33.6,69.5,34.5,0.1482,0.5587,1
Rail,Europe,Europe,2624.7,65.9,53.4,0.8103,Standard,0.9257,68.9,53.4,15.7,0.1112,0.7637,1
Air,Middle_East,Europe,8670.3,43.5,18.6,0.4276,Standard,0.8861,22.0,39.9,46.0,0.4346,0.3965,1
Road,Europe,Europe,1381.3,27.4,11.4,0.4161,Standard,0.8165,68.7,14.1,26.9,0.1354,0.7775,1
Road,East_Asia,Europe,655.3,15.1,12.0,0.7947,High,0.9663,37.9,44.0,77.4,0.275,0.8664,1
Ocean,South_Asia,Middle_East,3500.0,182.9,176.3,0.9639,Standard,0.8001,28.7,47.4,16.2,0.5911,0.9238,1
Ocean,East_Asia,Oceania,12880.1,464.1,410.4,0.8843,Urgent,0.7555,10.4,29.5,17.4,0.4563,0.2423,1
Rail,East_Asia,East_Asia,6206.7,163.0,148.0,0.908,High,0.9325,41.0,10.4,26.5,0.1659,0.852,1
Air,East_Asia,Middle_East,6785.6,27.4,16.9,0.6168,Standard,0.9484,70.2,13.3,31.9,0.1295,0.9084,1
Ocean,South_Asia,Europe,6853.6,271.5,224.4,0.8265,Standard,0.6934,51.3,69.7,7.3,0.7854,0.3939,1
Road,Europe,Europe,1121.5,27.4,6.4,0.2336,Standard,0.8621,29.4,19.7,9.3,0.1406,0.4755,1
Air,Middle_East,Oceania,12793.2,50.1,33.6,0.6707,Standard,0.7505,37.4,49.2,45.3,0.6935,0.0783,1
Road,Latin_America,Latin_America,1579.0,37.3,2.7,0.0724,Standard,0.99,12.4,36.1,23.1,0.196,0.3995,0
Air,Europe,North_America,8351.5,34.0,26.5,0.7794,Standard,0.8866,29.4,46.7,46.3,0.4491,0.3648,1
Rail,South_Asia,South_Asia,3150.0,100.1,82.8,0.8272,Standard,0.6109,25.4,11.7,6.6,0.1813,0.1906,0
Road,Europe,Europe,150.0,9.8,7.5,0.7653,Standard,0.99,29.8,3.0,25.2,0.0432,0.6876,0
Rail,South_Asia,South_Asia,822.5,48.7,5.2,0.1068,High,0.8132,45.6,15.8,47.2,0.1361,0.9281,1
Ocean,South_Asia,Latin_America,10517.7,424.3,305.3,0.7195,High,0.8338,42.1,19.8,22.5,0.2163,0.3382,1
Rail,Europe,Europe,2192.1,90.1,53.3,0.5916,Standard,0.8002,41.5,26.7,33.9,0.1423,0.5019,1
Road,East_Asia,East_Asia,1213.8,21.7,17.1,0.788,Standard,0.8898,67.5,19.3,44.6,0.1213,0.3475,1
Road,East_Asia,East_Asia,700.9,16.7,12.0,0.7186,Standard,0.7828,11.4,12.4,9.3,0.1984,0.0972,0
Ocean,Southeast_Asia,Europe,4261.5,229.1,15.1,0.0659,High,0.8016,74.7,83.3,25.0,0.3739,0.6287,1
Air,Middle_East,North_America,5253.4,34.7,33.1,0.9539,Standard,0.7961,20.8,34.8,44.2,0.1761,0.2752,1
Road,North_America,North_America,1408.2,27.6,9.1,0.3297,High,0.7762,75.7,43.1,3.0,0.1229,0.398,1
Ocean,East_Asia,North_America,12004.5,448.4,145.3,0.324,Urgent,0.8706,36.2,49.1,33.9,0.2646,0.8686,1
Rail,North_America,North_America,1982.6,65.8,19.4,0.2948,High,0.9899,36.5,94.5,16.0,0.1465,0.3867,1
Road,Europe,Europe,1100.0,24.1,14.3,0.5934,Standard,0.8534,27.6,100.0,10.9,0.078,0.5169,1
Ocean,Southeast_Asia,Latin_America,15009.6,537.8,401.7,0.7469,Standard,0.6285,24.2,48.9,87.2,0.3249,0.6628,1
Ocean,Southeast_Asia,Middle_East,8368.9,333.2,125.0,0.3752,Standard,0.8871,75.0,16.4,17.9,0.6666,0.5063,1
Road,Latin_America,Latin_America,1826.2,34.3,7.3,0.2128,Standard,0.99,34.0,24.2,47.8,0.0653,0.4515,1
Air,North_America,Oceania,13537.4,40.8,2.6,0.0637,High,0.642,31.8,33.9,58.7,0.4568,0.1011,1
Road,Europe,Europe,2457.4,43.0,13.9,0.3233,Urgent,0.7459,19.7,21.8,9.7,0.0541,0.1981,1
Ocean,Southeast_Asia,Oceania,7011.4,296.6,117.8,0.3972,High,0.9747,41.0,25.4,37.2,0.6719,0.1901,1
Ocean,Southeast_Asia,Latin_America,15928.0,544.4,98.3,0.1806,Standard,0.9117,20.8,24.4,16.5,0.2732,0.6469,1
Ocean,East_Asia,Europe,10909.0,391.0,204.5,0.523,Standard,0.9447,22.8,62.0,35.8,0.6531,0.5191,1
Road,East_Asia,Europe,2304.7,45.5,2.6,0.0571,Standard,0.9715,27.9,63.0,22.2,0.05,0.5404,1
Rail,South_Asia,East_Asia,4971.1,144.0,70.8,0.4917,Standard,0.8834,12.3,54.4,25.1,0.448,0.0819,1
Road,Europe,Europe,1415.9,30.9,29.9,0.9676,Standard,0.9453,16.6,13.3,5.4,0.0965,0.7987,0
Air,Europe,Latin_America,5182.5,32.2,11.9,0.3696,Standard,0.8553,61.3,53.3,12.8,0.3017,0.2921,1
Ocean,South_Asia,North_America,14010.3,517.3,381.9,0.7383,Standard,0.8749,13.0,37.4,54.4,0.4369,0.7257,1
Ocean,East_Asia,Latin_America,12384.5,474.7,334.9,0.7055,Standard,0.6592,28.3,40.1,30.8,0.2708,0.7876,1
Ocean,Southeast_Asia,North_America,8100.6,344.1,91.8,0.2668,Standard,0.99,39.4,45.7,67.7,0.05,0.2256,1
Rail,North_America,East_Asia,1751.4,56.4,51.0,0.9043,High,0.99,18.7,5.5,44.9,0.0745,0.5592,0
Ocean,Southeast_Asia,Latin_America,12313.3,453.1,270.5,0.597,Standard,0.9547,32.3,28.4,15.4,0.2482,0.5235,1
Ocean,Europe,Europe,7722.8,297.3,225.8,0.7595,Standard,0.8955,100.0,29.1,23.0,0.02,0.4045,1
Rail,South_Asia,East_Asia,3387.2,104.0,70.8,0.6808,Standard,0.99,44.2,45.4,22.8,0.5941,0.0599,1
Ocean,Southeast_Asia,North_America,12245.1,425.9,253.8,0.5959,Standard,0.8241,30.8,21.8,22.8,0.2777,0.5226,1
Ocean,Southeast_Asia,Oceania,12085.7,443.5,365.6,0.8244,High,0.9246,25.9,19.8,21.8,0.2997,0.2675,1
Ocean,South_Asia,Latin_America,12773.4,468.0,285.5,0.61,Standard,0.661,22.3,61.9,4.0,0.2804,0.6519,1
Road,North_America,North_America,2152.9,40.4,28.0,0.6931,High,0.8532,51.0,8.6,9.3,0.0716,0.315,0
Ocean,Southeast_Asia,Middle_East,14137.5,500.2,100.0,0.1999,High,0.7282,49.8,25.0,88.4,0.8296,0.7479,1
Ocean,South_Asia,Latin_America,3558.8,166.2,112.8,0.6787,Standard,0.99,2.9,59.1,1.6,0.3909,0.7402,1
Ocean,Europe,Oceania,7291.0,289.0,189.9,0.6571,Urgent,0.9319,32.7,36.5,35.3,0.6826,0.8841,1
Ocean,Europe,Middle_East,7369.8,324.0,250.6,0.7735,Urgent,0.7585,13.3,40.7,78.1,0.774,0.8685,1
Road,East_Asia,East_Asia,150.0,15.1,12.1,0.8013,Standard,0.8906,7.5,16.8,23.4,0.2002,0.108,0
Ocean,South_Asia,Europe,6979.5,283.7,25.2,0.0888,Urgent,0.9508,15.7,7.5,14.8,0.514,0.1432,1
Road,Europe,Europe,1457.6,28.6,6.0,0.2098,High,0.5652,41.3,82.5,13.1,0.149,0.8317,1
Ocean,East_Asia,Europe,13033.9,485.9,299.0,0.6154,High,0.8898,18.9,40.8,24.6,0.5634,0.8971,1
Ocean,Europe,Middle_East,9486.0,368.5,272.0,0.7381,Standard,0.7512,26.0,27.7,15.0,0.6345,0.2641,1
Road,North_America,North_America,1143.5,25.4,19.5,0.7677,Standard,0.6722,37.7,54.2,27.4,0.1616,0.7321,1
Rail,East_Asia,North_America,1207.5,40.1,36.4,0.9077,High,0.6874,15.7,63.8,32.1,0.4138,0.7147,1
Rail,Europe,Europe,5032.2,136.5,121.6,0.8908,Standard,0.9899,32.5,44.1,5.1,0.1224,0.7713,0
Road,North_America,North_America,344.0,20.9,3.4,0.1627,Standard,0.7593,29.2,45.5,11.0,0.2104,0.5912,1
Road,Europe,Latin_America,2393.1,49.9,18.3,0.3667,High,0.9523,24.7,50.1,11.4,0.2451,0.3417,1
Rail,North_America,North_America,4886.7,138.6,110.3,0.7958,High,0.9152,14.3,24.1,22.4,0.1302,0.4042,0
Road,Latin_America,Latin_America,899.1,28.5,5.5,0.193,Urgent,0.9211,71.7,73.2,54.3,0.0569,0.8031,1
Road,Latin_America,Latin_America,528.9,19.7,18.4,0.934,Standard,0.7829,60.7,38.0,37.4,0.194,0.5141,1
Road,North_America,North_America,1992.1,42.4,7.4,0.1745,Standard,0.7905,47.1,10.8,41.9,0.1039,0.776,1
Air,North_America,Latin_America,9081.1,28.4,14.6,0.5141,Standard,0.8127,28.1,29.3,20.9,0.3413,0.1294,1
Rail,East_Asia,East_Asia,1358.3,56.7,26.1,0.4603,Standard,0.932,23.4,37.4,29.5,0.1104,0.2208,1
Ocean,Southeast_Asia,Oceania,13842.1,502.4,218.7,0.4353,Standard,0.6504,74.6,33.5,37.8,0.112,0.0751,1
Road,North_America,North_America,1200.6,26.2,1.7,0.0649,Standard,0.8585,22.6,19.3,35.4,0.0956,0.1747,0
Ocean,Europe,Latin_America,6794.6,299.2,169.7,0.5672,Standard,0.7959,23.1,64.4,24.8,0.4786,0.2247,1
Road,Europe,Europe,1025.4,26.9,9.6,0.3569,Standard,0.7897,27.6,18.1,12.5,0.1909,0.2435,0
Road,Latin_America,Latin_America,329.0,17.2,4.9,0.2849,Standard,0.99,51.9,24.0,10.6,0.1672,0.3184,0
Ocean,Southeast_Asia,North_America,9579.9,335.5,128.4,0.3827,High,0.7502,49.8,36.8,26.4,0.6264,0.8164,1
Road,Europe,Europe,2218.8,46.8,40.0,0.8547,Standard,0.9304,37.9,100.0,16.4,0.2038,0.5592,1
Ocean,Southeast_Asia,Latin_America,6699.0,301.1,127.6,0.4238,High,0.99,34.4,29.6,11.5,0.175,0.7314,1
Air,East_Asia,Oceania,7897.5,43.1,19.4,0.4501,Standard,0.9224,26.6,24.0,27.6,0.6194,0.5956,1
Ocean,East_Asia,Latin_America,11242.4,444.0,341.0,0.768,Standard,0.7932,18.3,51.7,16.3,0.5485,0.8488,1
Road,East_Asia,Europe,1931.1,37.9,25.1,0.6623,Standard,0.8374,20.7,18.0,22.7,0.4971,0.4636,1
Rail,East_Asia,Europe,2920.4,82.3,21.2,0.2576,Standard,0.8545,57.9,41.5,25.0,0.5337,0.5323,1
Rail,South_Asia,South_Asia,2620.4,94.6,61.1,0.6459,Standard,0.9897,37.2,19.9,41.5,0.0752,0.2091,0
Ocean,Southeast_Asia,North_America,9299.5,337.1,24.5,0.0727,Urgent,0.8034,24.5,12.4,37.8,0.3912,0.3186,1
Road,Latin_America,Latin_America,2359.4,46.6,41.6,0.8927,Standard,0.7169,58.5,12.4,8.7,0.02,0.3923,1
Ocean,East_Asia,Europe,7769.9,311.8,108.9,0.3493,Urgent,0.8899,6.5,30.2,11.4,0.2891,0.4014,1
Ocean,East_Asia,North_America,13132.2,478.6,303.9,0.635,High,0.6504,9.1,38.8,63.5,0.4589,0.3576,1
Ocean,Europe,Oceania,9825.9,354.3,63.7,0.1798,Standard,0.7267,18.9,34.1,45.4,0.2681,0.9699,1
Air,Latin_America,East_Asia,7290.4,23.6,14.2,0.6017,Standard,0.8741,30.1,24.0,13.8,0.3802,0.9488,1
Road,North_America,North_America,1165.1,27.0,8.2,0.3037,Urgent,0.8441,5.9,49.8,9.0,0.1462,0.8081,1
Ocean,East_Asia,Latin_America,13351.6,459.0,345.2,0.7521,Standard,0.8029,32.5,76.6,14.7,0.4979,0.3974,1
Rail,East_Asia,North_America,2874.5,82.6,70.5,0.8535,High,0.8553,27.8,23.8,18.8,0.9309,0.3457,1
Road,East_Asia,East_Asia,917.5,27.2,12.0,0.4412,High,0.9032,51.9,27.5,16.1,0.1912,0.1673,0
Ocean,South_Asia,Latin_America,9811.9,393.0,177.6,0.4519,High,0.961,24.9,24.8,46.6,0.3364,0.923,1
Ocean,South_Asia,North_America,11893.1,418.2,395.3,0.9452,Standard,0.6623,36.7,83.3,15.5,0.4741,0.5167,1
Road,East_Asia,Latin_America,1120.2,26.2,10.3,0.3931,Urgent,0.9871,25.1,41.5,17.4,0.3485,0.1771,0
Ocean,East_Asia,North_America,12404.6,460.9,350.4,0.7603,Standard,0.8001,40.4,9.6,9.6,0.2613,0.782,1
Air,Europe,Latin_America,8378.2,25.1,14.6,0.5817,Standard,0.8526,57.1,31.4,15.9,0.3259,0.14,1
Ocean,East_Asia,Oceania,9653.1,394.7,320.6,0.8123,High,0.7931,62.4,54.5,12.3,0.3868,0.1164,1
Air,Southeast_Asia,North_America,9691.0,38.1,35.6,0.9344,High,0.8126,16.1,32.7,44.2,0.1674,0.2344,1
Road,North_America,North_America,457.4,11.3,1.1,0.0973,Standard,0.99,45.6,71.1,12.9,0.1697,0.6199,1
Ocean,Southeast_Asia,Europe,11796.1,430.8,131.5,0.3052,Standard,0.6085,27.6,36.3,20.7,0.2977,0.7786,1
Air,South_Asia,Europe,9287.5,45.9,7.1,0.1547,Standard,0.99,100.0,19.9,6.7,0.3917,0.306,1
Air,Southeast_Asia,Europe,9044.8,25.9,4.3,0.166,High,0.7984,30.8,24.6,42.3,0.4856,0.7099,1
Road,North_America,Europe,2225.5,41.6,24.5,0.5889,High,0.99,21.0,46.0,8.9,0.5912,0.4656,1
Ocean,East_Asia,North_America,6455.4,291.4,100.8,0.3459,High,0.8688,59.1,18.4,10.4,0.5852,0.642,1
Ocean,Europe,Oceania,11963.6,461.1,411.6,0.8926,Standard,0.7428,36.4,19.4,96.4,0.4311,0.5861,1
Rail,Europe,North_America,3151.6,91.0,17.5,0.1923,Standard,0.8123,26.4,89.4,36.7,0.2908,0.8096,1
Rail,North_America,North_America,1402.9,44.3,9.3,0.2099,High,0.7878,4.8,29.2,14.4,0.0427,0.7188,0
Air,East_Asia,Latin_America,3818.5,17.4,5.8,0.3333,High,0.8912,93.1,9.0,44.4,0.5883,0.8459,1
Air,Europe,Oceania,5633.3,21.0,7.3,0.3476,Standard,0.7623,47.7,66.4,9.9,0.2954,0.8206,1
Road,North_America,North_America,440.3,22.1,6.3,0.2851,Standard,0.8818,64.8,56.5,50.5,0.111,0.5578,1
Rail,South_Asia,North_America,2507.4,65.7,60.2,0.9163,High,0.9679,15.5,46.4,22.7,0.6978,0.1711,1
Air,South_Asia,Oceania,3609.1,38.6,26.5,0.6865,High,0.7911,50.0,62.5,26.2,0.7496,0.2021,1
Air,Europe,Latin_America,4483.5,20.8,14.3,0.6875,High,0.8424,15.3,21.6,8.1,0.6044,0.5883,1
Air,East_Asia,Europe,5012.8,35.9,3.4,0.0947,High,0.8467,38.1,26.6,51.8,0.7806,0.6375,1
Road,Latin_America,Latin_America,1574.1,28.5,9.4,0.3298,Urgent,0.6851,19.5,22.8,31.9,0.02,0.7175,1
Road,North_America,North_America,214.7,12.9,8.6,0.6667,Urgent,0.7973,27.5,39.1,10.0,0.1292,0.9418,0
Ocean,Southeast_Asia,Latin_America,10693.9,417.2,67.5,0.1618,Standard,0.8621,49.4,28.1,24.0,0.7323,0.4761,1
Air,Southeast_Asia,Europe,5143.5,38.4,15.8,0.4115,Standard,0.9021,39.9,27.7,14.2,0.0762,0.7152,1
Ocean,South_Asia,Oceania,9418.7,350.4,296.2,0.8453,Standard,0.6605,6.9,9.7,9.5,0.5247,0.3453,1
Road,East_Asia,East_Asia,1314.4,28.3,27.5,0.9717,Standard,0.7288,34.2,72.9,29.3,0.0674,0.6225,1
Air,East_Asia,North_America,6049.8,33.9,26.1,0.7699,High,0.9626,49.7,26.5,20.5,0.2299,0.9311,1
Road,Europe,Europe,1251.8,32.3,2.9,0.0898,Standard,0.648,20.9,26.8,17.7,0.1311,0.1287,1
Rail,North_America,North_America,7006.5,173.0,33.6,0.1942,Standard,0.8192,5.6,14.8,19.9,0.1426,0.5417,0
Road,Latin_America,Latin_America,690.5,24.9,3.1,0.1245,High,0.99,46.7,41.5,20.2,0.1647,0.163,0
Ocean,Southeast_Asia,North_America,10448.3,395.1,102.5,0.2594,Standard,0.8625,48.8,64.8,5.9,0.3993,0.2353,1
Ocean,South_Asia,Latin_America,11819.7,454.5,31.6,0.0695,High,0.99,31.0,36.6,10.1,0.5576,0.0965,1
Air,North_America,Middle_East,6928.7,25.1,12.5,0.498,Standard,0.9395,19.8,31.8,31.5,0.3818,0.6727,1
Ocean,East_Asia,Latin_America,10045.0,356.6,252.0,0.7067,Standard,0.8853,56.6,9.5,25.7,0.2752,0.4592,1
Road,Europe,Europe,523.9,16.8,7.3,0.4345,Standard,0.99,48.9,40.1,35.5,0.02,0.443,1
Rail,Europe,Europe,4113.4,100.2,49.2,0.491,Urgent,0.7571,51.0,39.0,52.2,0.1128,0.8339,1
Air,Southeast_Asia,Europe,2051.0,18.9,12.6,0.6667,Urgent,0.7694,24.3,34.4,45.0,0.6422,0.222,1
Road,East_Asia,Latin_America,1473.9,30.9,3.0,0.0971,High,0.9105,34.9,44.7,24.8,0.2742,0.3508,1
Ocean,Southeast_Asia,Europe,8373.8,343.0,231.0,0.6735,Standard,0.8496,61.1,49.4,30.4,0.3158,0.5919,1
Air,Southeast_Asia,Latin_America,3505.1,23.2,9.3,0.4009,High,0.8588,26.0,23.5,17.7,0.05,0.612,1
Ocean,Southeast_Asia,North_America,9180.0,343.2,184.3,0.537,Urgent,0.7552,22.5,38.5,20.5,0.2628,0.4879,1
Rail,Europe,Europe,3127.9,107.6,20.8,0.1933,High,0.9734,26.9,16.2,13.2,0.2113,0.7804,1
Road,North_America,North_America,722.3,22.4,16.7,0.7455,High,0.8847,21.8,20.5,6.4,0.1198,0.5934,0
Ocean,East_Asia,Europe,8073.0,311.3,100.1,0.3216,Standard,0.7045,44.8,49.6,19.2,0.8602,0.1499,1
Air,Latin_America,North_America,3247.7,36.9,29.1,0.7886,Standard,0.7627,44.2,41.1,19.0,0.7297,0.328,1
Ocean,Europe,Oceania,5048.5,194.3,181.0,0.9315,Standard,0.6257,45.8,30.8,32.4,0.5376,0.9052,1
Ocean,East_Asia,Middle_East,11248.1,436.1,365.8,0.8388,Standard,0.819,33.7,54.1,15.0,0.5849,0.6933,1
Ocean,Europe,Europe,19140.4,663.4,257.4,0.388,Standard,0.7317,30.5,50.5,28.2,0.1102,0.4343,1
Road,Europe,North_America,1415.6,24.7,2.4,0.0972,High,0.8274,42.3,32.5,1.6,0.5544,0.0917,1
Rail,North_America,Europe,4295.0,131.2,112.6,0.8582,Standard,0.8554,30.6,14.6,10.3,0.4772,0.7744,1
Air,East_Asia,Oceania,6536.8,37.7,33.3,0.8833,High,0.749,28.1,27.0,63.3,0.1668,0.4811,1
Air,Middle_East,Oceania,6226.7,35.1,14.4,0.4103,Standard,0.6551,56.6,39.2,16.2,0.8055,0.8088,1
Ocean,South_Asia,Europe,12811.0,466.3,212.0,0.4546,High,0.99,35.2,27.5,34.2,0.2113,0.2513,1
Ocean,East_Asia,Europe,14168.6,516.0,351.8,0.6818,Standard,0.8495,63.7,40.6,15.9,0.7462,0.5627,1
Ocean,Europe,Oceania,10451.8,404.5,163.6,0.4044,High,0.6812,46.6,100.0,73.3,0.9373,0.903,1
Rail,Europe,East_Asia,2439.2,62.6,12.8,0.2045,High,0.7839,47.9,50.3,40.8,0.5699,0.4038,1
Rail,Europe,Europe,1958.0,81.7,71.7,0.8776,High,0.7396,14.0,32.4,17.8,0.0382,0.5573,1
Road,North_America,North_America,786.1,18.4,4.0,0.2174,Standard,0.806,32.3,10.4,17.0,0.1115,0.2172,0
Ocean,Europe,Europe,11278.5,390.7,303.8,0.7776,High,0.8766,39.9,50.1,19.1,0.1373,0.8097,1
Ocean,Southeast_Asia,Oceania,11638.1,428.6,311.4,0.7266,Standard,0.8566,43.2,24.2,75.9,0.4553,0.3406,1
Road,Latin_America,Latin_America,1129.6,22.1,13.1,0.5928,High,0.7035,11.6,14.0,21.0,0.1864,0.426,1
Ocean,Europe,Europe,12860.6,486.9,294.0,0.6038,Urgent,0.7971,9.1,30.3,23.8,0.1135,0.6504,1
Ocean,South_Asia,Middle_East,18939.6,674.8,249.1,0.3691,Standard,0.9247,38.2,16.4,15.8,0.05,0.7888,1
Air,North_America,Middle_East,7301.5,26.0,10.5,0.4038,Standard,0.912,43.4,48.3,5.7,0.4838,0.1291,1
Ocean,Europe,North_America,15834.5,542.8,256.2,0.472,High,0.99,42.1,35.6,4.1,0.1148,0.4665,1
Ocean,Europe,Latin_America,12122.2,426.6,243.3,0.5703,Standard,0.8097,22.8,41.0,16.8,0.1452,0.9602,1
Ocean,Europe,Oceania,14638.4,502.0,90.3,0.1799,High,0.7359,38.6,31.6,20.7,0.5555,0.7529,1
Air,South_Asia,Middle_East,3338.7,20.9,17.1,0.8182,Standard,0.9477,8.8,17.4,21.8,0.3314,0.7848,0
Road,Europe,Europe,1315.3,32.6,18.0,0.5521,Urgent,0.9688,54.0,44.3,32.2,0.049,0.8697,1
Air,South_Asia,Oceania,5935.1,28.9,4.9,0.1696,Standard,0.8923,35.5,33.0,41.2,0.5093,0.0962,1
Road,East_Asia,East_Asia,1552.7,32.5,30.0,0.9231,Standard,0.8785,59.5,26.7,47.7,0.0497,0.6469,1
Ocean,East_Asia,Latin_America,7215.9,307.5,234.1,0.7613,High,0.8853,43.1,21.5,37.6,0.3272,0.4626,1
Ocean,Europe,North_America,8354.5,327.0,88.2,0.2697,Standard,0.7724,50.9,59.6,23.2,0.2069,0.4227,1
Air,Europe,Middle_East,9376.0,45.2,7.2,0.1593,Standard,0.9861,34.3,30.5,31.8,0.519,0.9716,1
Ocean,South_Asia,Oceania,9187.2,357.3,333.4,0.9331,Standard,0.9121,10.4,42.4,45.3,0.2668,0.4238,1
Road,Europe,Europe,1041.2,27.2,3.0,0.1103,Standard,0.6559,36.1,37.7,26.6,0.02,0.1127,1
Road,North_America,North_America,1351.3,28.1,16.1,0.573,Standard,0.8719,20.8,71.7,53.5,0.1928,0.696,1
Ocean,East_Asia,Middle_East,15282.1,536.0,345.7,0.645,High,0.99,70.0,51.4,17.3,0.2493,0.701,1
Ocean,Southeast_Asia,North_America,5784.0,260.9,146.9,0.5631,Urgent,0.8385,35.4,38.5,21.9,0.384,0.2342,1
Road,North_America,North_America,1968.1,38.3,19.8,0.517,Standard,0.7292,29.3,19.6,23.5,0.1085,0.7847,1
Ocean,East_Asia,Middle_East,8842.2,316.4,53.1,0.1678,Standard,0.8057,46.2,44.0,22.4,0.4365,0.74,1
Road,East_Asia,East_Asia,736.1,20.4,7.8,0.3824,Standard,0.8538,23.6,87.8,28.4,0.1233,0.5663,1
Ocean,Southeast_Asia,Latin_America,12051.1,463.2,271.4,0.5859,Standard,0.8448,14.7,11.7,19.6,0.3959,0.4181,1
Road,North_America,North_America,1320.5,32.0,21.6,0.675,Standard,0.9061,22.8,12.3,8.7,0.1619,0.2442,0
Air,East_Asia,North_America,6214.7,40.1,26.5,0.6608,High,0.99,10.7,19.0,31.7,0.3694,0.0651,1
Rail,East_Asia,Europe,5095.5,146.9,52.5,0.3574,Standard,0.7504,29.5,16.9,35.3,0.66,0.7105,1
Ocean,South_Asia,North_America,10531.4,373.5,220.8,0.5912,Standard,0.99,21.4,37.1,11.1,0.592,0.7394,1
Ocean,South_Asia,Middle_East,10372.7,384.6,271.6,0.7062,Standard,0.904,36.0,38.6,18.5,0.431,0.4312,1
Ocean,East_Asia,Middle_East,14070.8,482.0,236.0,0.4896,Urgent,0.7874,20.4,41.7,17.5,0.5629,0.7612,1
Ocean,Southeast_Asia,Latin_America,6793.9,284.5,229.9,0.8081,High,0.759,8.7,32.3,22.4,0.4133,0.8945,1
Ocean,Europe,Oceania,6459.7,243.6,136.9,0.562,Standard,0.9183,15.9,16.7,14.7,0.5514,0.051,0
Ocean,Southeast_Asia,Oceania,17569.4,640.7,400.9,0.6257,Urgent,0.9485,45.0,29.6,48.1,0.05,0.4275,1
Road,Europe,Europe,2349.2,42.3,11.9,0.2813,Standard,0.9346,17.8,46.8,36.8,0.2207,0.4745,1
Air,Middle_East,Europe,7487.1,36.9,20.2,0.5474,Standard,0.8433,82.0,100.0,16.2,0.1169,0.0908,1
Ocean,Europe,Oceania,8537.5,325.4,290.2,0.8918,Standard,0.7951,18.8,21.8,21.4,0.7944,0.7208,1
Ocean,South_Asia,Europe,10601.4,420.5,178.8,0.4252,Standard,0.8775,28.1,37.4,11.5,0.8111,0.5107,1
Ocean,East_Asia,Latin_America,10216.0,359.9,170.4,0.4735,Standard,0.697,36.0,28.2,9.3,0.3979,0.5232,1
Ocean,Southeast_Asia,Oceania,15840.2,545.9,50.7,0.0929,Urgent,0.8248,38.3,35.4,87.9,0.2509,0.6898,1
Ocean,East_Asia,North_America,9511.8,335.8,214.4,0.6385,Standard,0.6764,35.5,27.1,12.5,0.3725,0.513,1
Ocean,East_Asia,Middle_East,17168.5,590.7,280.0,0.474,Standard,0.9144,24.5,10.0,22.7,0.4372,0.9189,1
Road,North_America,North_America,1166.9,29.0,16.8,0.5793,Urgent,0.99,100.0,51.8,41.7,0.051,0.9555,1
Road,Europe,Europe,2042.6,35.9,30.2,0.8412,Standard,0.9033,8.8,14.0,4.0,0.0324,0.9735,0
Ocean,Europe,Oceania,14145.4,485.0,76.6,0.1579,Standard,0.8265,27.1,30.2,10.2,0.6054,0.6873,1
Rail,East_Asia,Europe,1861.2,71.6,65.0,0.9078,Standard,0.6917,24.4,45.4,16.5,0.3248,0.0845,1
Rail,Europe,Europe,500.0,25.0,9.1,0.364,Standard,0.8764,45.8,69.1,22.6,0.1706,0.3334,1
Air,Middle_East,Oceania,7303.2,31.5,29.4,0.9333,Standard,0.819,27.8,15.1,6.2,0.3516,0.473,1
Air,Europe,Middle_East,7270.5,45.0,35.6,0.7911,Standard,0.6596,73.3,27.1,36.9,0.3931,0.1294,1
Rail,South_Asia,Europe,4764.8,114.7,72.2,0.6295,Standard,0.8861,25.3,13.8,29.6,0.063,0.4101,0
Ocean,East_Asia,Latin_America,12190.7,445.7,272.4,0.6112,High,0.8881,20.6,25.2,29.6,0.478,0.8756,1
Ocean,Southeast_Asia,North_America,8882.0,363.5,28.6,0.0787,Urgent,0.8398,44.8,100.0,60.2,0.7466,0.6536,1
Ocean,Europe,Oceania,12011.5,468.2,438.1,0.9357,Standard,0.99,63.7,38.1,19.9,0.2769,0.1032,1
Ocean,Europe,Oceania,16241.4,544.4,481.1,0.8837,High,0.8694,6.6,42.5,7.2,0.316,0.3046,1
Rail,North_America,North_America,4736.0,113.5,45.6,0.4018,Urgent,0.99,17.9,42.0,21.1,0.2127,0.9719,1
Road,Latin_America,North_America,348.6,16.3,13.3,0.816,High,0.9413,29.7,41.0,36.8,0.5041,0.4749,1
Air,Southeast_Asia,East_Asia,5927.6,30.2,10.8,0.3576,Standard,0.99,12.4,52.2,41.8,0.2325,0.2068,1
Ocean,South_Asia,Middle_East,8219.0,320.7,311.9,0.9726,Standard,0.8596,24.4,78.2,50.6,0.092,0.1066,1
Ocean,Southeast_Asia,Latin_America,12900.8,498.7,92.6,0.1857,High,0.816,23.1,20.4,4.3,0.48,0.6282,1
Air,East_Asia,Oceania,4068.3,37.7,30.7,0.8143,Standard,0.8711,35.2,26.6,16.7,0.3103,0.0623,1
Ocean,South_Asia,North_America,10321.4,417.3,155.0,0.3714,Standard,0.8149,14.1,3.3,17.6,0.2465,0.5872,1
Rail,North_America,North_America,3395.5,84.2,36.4,0.4323,Standard,0.824,35.1,37.9,28.2,0.1059,0.5189,1
Ocean,South_Asia,Europe,8725.9,321.9,69.4,0.2156,High,0.8298,22.4,28.6,22.7,0.3621,0.7853,1
Road,Latin_America,Latin_America,1425.3,25.7,10.2,0.3969,Standard,0.9786,22.8,40.1,33.1,0.0906,0.3291,0
Ocean,East_Asia,North_America,17475.1,608.9,275.6,0.4526,Standard,0.9294,8.6,84.6,37.0,0.3247,0.7037,1
Rail,East_Asia,East_Asia,500.0,38.3,25.4,0.6632,High,0.7522,32.1,30.5,6.4,0.0782,0.9131,1
Ocean,South_Asia,Latin_America,14288.7,519.4,84.0,0.1617,Standard,0.8432,16.7,21.0,30.2,0.2233,0.9735,1
Road,Europe,Europe,1595.7,29.6,27.4,0.9257,Urgent,0.99,18.8,19.7,15.8,0.2275,0.5812,1
Road,Latin_America,Europe,2152.4,45.6,29.5,0.6469,Urgent,0.937,51.2,36.7,26.0,0.326,0.8478,1
Ocean,Europe,Latin_America,9998.3,355.9,146.5,0.4116,Standard,0.7349,26.6,46.9,15.2,0.0654,0.4518,1
Ocean,South_Asia,Middle_East,13332.1,460.8,328.9,0.7138,Standard,0.99,42.0,94.8,12.0,0.4268,0.6998,1
Road,North_America,North_America,150.0,14.6,4.2,0.2877,Urgent,0.8923,17.0,14.8,22.9,0.0641,0.4967,0
Rail,East_Asia,East_Asia,4872.6,118.3,77.5,0.6551,High,0.8139,35.2,27.1,9.2,0.0493,0.0896,1
Ocean,South_Asia,Europe,7509.5,290.2,30.0,0.1034,High,0.9399,58.3,47.8,36.2,0.4718,0.3,1
Ocean,Southeast_Asia,Latin_America,18312.3,638.5,612.9,0.9599,Standard,0.99,25.7,26.0,37.2,0.8248,0.423,1
Ocean,South_Asia,Middle_East,6439.9,266.4,85.9,0.3224,Standard,0.7709,29.9,62.4,41.1,0.5516,0.2485,1
Road,East_Asia,East_Asia,2153.3,36.0,24.7,0.6861,Standard,0.8549,56.6,25.2,39.6,0.1105,0.6074,1
Air,South_Asia,North_America,6905.8,33.7,16.7,0.4955,High,0.8162,30.0,22.4,30.4,0.5578,0.5133,1
Air,South_Asia,Latin_America,6746.9,21.6,20.6,0.9537,Standard,0.8596,10.5,52.4,18.4,0.172,0.3223,1
Ocean,Southeast_Asia,Oceania,13355.3,505.6,189.9,0.3756,Standard,0.7976,49.8,27.3,11.2,0.3998,0.5208,1
Rail,Europe,North_America,5090.5,142.6,120.0,0.8415,Standard,0.7717,57.4,31.3,12.9,0.3485,0.7494,1
Ocean,South_Asia,North_America,14811.6,549.9,274.6,0.4994,Standard,0.9687,8.7,67.5,65.8,0.6493,0.1895,1
Ocean,East_Asia,Middle_East,8323.8,347.3,240.5,0.6925,Standard,0.99,47.5,39.2,15.8,0.5937,0.5819,1
Air,Middle_East,Europe,5524.6,31.7,10.7,0.3375,Standard,0.9192,39.9,36.2,20.7,0.4732,0.6785,1
Ocean,Europe,Europe,9609.1,391.0,243.9,0.6238,Standard,0.9429,34.6,65.7,19.8,0.078,0.7487,1
Air,North_America,Latin_America,8268.5,46.5,28.6,0.6151,Standard,0.9057,33.6,29.3,5.3,0.1356,0.468,1
Rail,South_Asia,East_Asia,2862.7,96.6,27.1,0.2805,Urgent,0.988,45.7,56.1,9.8,0.5354,0.9531,1
Ocean,Southeast_Asia,Middle_East,12271.1,434.4,97.1,0.2235,High,0.8891,43.0,25.9,18.3,0.3485,0.716,1
Road,Europe,Europe,1529.6,35.9,27.1,0.7549,Standard,0.9194,21.6,66.9,26.1,0.1319,0.7305,1
Ocean,South_Asia,Middle_East,11185.9,413.2,288.5,0.6982,Standard,0.7302,24.6,12.7,32.8,0.2309,0.1394,1
Road,Europe,Europe,2942.2,51.3,3.3,0.0643,Standard,0.8106,24.3,42.3,7.4,0.0632,0.5893,1
Road,Latin_America,Latin_America,1223.6,25.1,13.8,0.5498,Standard,0.7226,29.8,48.4,23.0,0.1463,0.5197,1
Air,East_Asia,Oceania,5428.0,38.9,14.6,0.3753,Standard,0.6739,45.4,67.5,5.8,0.7394,0.952,1
Ocean,Europe,Middle_East,13491.9,504.2,35.5,0.0704,Standard,0.8929,56.7,26.6,36.5,0.5244,0.1775,1
Air,Latin_America,North_America,9772.2,38.8,22.1,0.5696,Standard,0.9426,38.3,45.6,3.9,0.2588,0.5739,1
Air,Europe,Latin_America,5223.3,22.0,3.7,0.1682,High,0.7158,66.6,31.2,65.5,0.3734,0.2016,1
Ocean,South_Asia,Europe,8651.8,328.4,184.8,0.5627,High,0.8854,21.7,25.6,9.4,0.05,0.5022,1
Road,North_America,North_America,689.7,17.6,3.2,0.1818,Urgent,0.8777,27.9,25.1,21.1,0.0895,0.4827,0
Ocean,Southeast_Asia,Latin_America,6630.7,256.7,44.9,0.1749,Standard,0.893,45.4,24.6,11.7,0.5859,0.0571,1
Rail,East_Asia,East_Asia,3180.1,105.3,57.6,0.547,Urgent,0.796,18.7,85.4,19.6,0.1133,0.198,1
Road,North_America,North_America,945.4,22.8,17.5,0.7675,Standard,0.99,8.4,57.0,29.6,0.0328,0.557,1
Ocean,South_Asia,Middle_East,13745.4,507.6,190.1,0.3745,Standard,0.7842,12.1,48.7,28.0,0.654,0.8765,1
Rail,South_Asia,East_Asia,3010.7,75.0,64.2,0.856,Standard,0.8934,57.6,19.7,25.7,0.2882,0.0982,1
Rail,East_Asia,East_Asia,3319.6,82.0,61.7,0.7524,High,0.8256,15.7,49.0,43.0,0.0836,0.2913,1
Ocean,Southeast_Asia,Middle_East,16161.8,575.3,442.0,0.7683,Standard,0.8453,19.9,69.0,25.6,0.2306,0.6276,1
Air,Southeast_Asia,Oceania,4057.2,18.5,1.3,0.0703,Standard,0.862,22.4,63.5,24.1,0.208,0.7888,1
Rail,North_America,North_America,2630.3,97.7,84.9,0.869,Standard,0.7287,26.4,31.8,7.2,0.0658,0.323,0
Road,North_America,Europe,693.7,21.1,17.3,0.8199,Standard,0.6593,10.3,20.5,12.6,0.414,0.183,0
Road,Europe,Europe,1452.8,34.2,6.5,0.1901,Standard,0.7104,38.6,28.9,11.2,0.02,0.611,1
Ocean,Southeast_Asia,Latin_America,12588.2,433.6,74.4,0.1716,Standard,0.9332,17.6,36.7,22.4,0.4044,0.1141,1
Ocean,South_Asia,Middle_East,8407.4,306.0,218.4,0.7137,High,0.8666,15.9,33.2,31.2,0.3999,0.5732,1
Ocean,South_Asia,Oceania,15259.4,548.5,514.5,0.938,High,0.8578,19.6,100.0,16.4,0.3745,0.2493,1
Road,Europe,Europe,288.0,13.8,8.7,0.6304,Urgent,0.7993,30.4,20.7,62.5,0.1524,0.3294,1
Rail,Europe,Europe,3891.1,115.0,101.1,0.8791,High,0.99,17.3,7.6,15.6,0.1001,0.614,0
Ocean,South_Asia,North_America,9211.4,339.1,56.2,0.1657,Standard,0.6527,42.9,26.4,47.1,0.2507,0.2681,1
Ocean,South_Asia,North_America,12223.2,437.1,255.7,0.585,Standard,0.99,37.6,24.3,29.9,0.4498,0.6361,1
Ocean,Southeast_Asia,Oceania,9516.3,377.5,353.3,0.9359,Standard,0.7877,57.5,18.5,20.8,0.5075,0.3202,1
Ocean,Europe,North_America,14403.1,515.3,476.5,0.9247,Standard,0.8755,6.2,100.0,30.2,0.2733,0.2944,1
Rail,East_Asia,East_Asia,2644.3,72.7,53.0,0.729,High,0.9071,78.9,100.0,35.3,0.1147,0.1114,1
Road,Europe,North_America,1994.8,40.1,35.3,0.8803,Standard,0.8864,34.4,27.4,42.8,0.7178,0.1469,1
Road,Latin_America,Latin_America,1485.1,26.6,15.3,0.5752,Standard,0.7404,39.1,39.4,25.5,0.0739,0.6943,1
Ocean,Europe,Middle_East,8754.3,367.5,281.9,0.7671,High,0.6682,7.6,19.0,84.6,0.0508,0.0796,1
Ocean,East_Asia,Middle_East,11341.4,416.6,251.1,0.6027,Standard,0.8541,16.8,15.6,15.8,0.3403,0.6152,1
Road,East_Asia,East_Asia,550.2,18.4,1.1,0.0598,Standard,0.9742,51.5,30.1,26.0,0.1648,0.1842,0
Ocean,Europe,Europe,9503.5,374.6,283.4,0.7565,Standard,0.8983,9.7,17.5,58.4,0.1733,0.3899,1
Ocean,Southeast_Asia,North_America,8615.2,346.9,334.1,0.9631,Standard,0.99,26.3,31.1,25.1,0.5423,0.0534,1
Rail,South_Asia,South_Asia,1211.1,62.2,26.6,0.4277,Standard,0.99,37.6,99.4,17.0,0.1254,0.1157,1
Rail,North_America,East_Asia,1261.6,42.8,10.0,0.2336,Standard,0.7039,34.1,16.3,40.1,0.2201,0.7884,1
Air,Europe,North_America,4700.5,37.1,7.0,0.1887,Standard,0.7672,37.5,81.6,37.4,0.344,0.6997,1
Air,South_Asia,Europe,5053.5,34.5,33.2,0.9623,Standard,0.7161,23.8,54.0,24.6,0.3768,0.8607,1
Road,East_Asia,East_Asia,774.7,21.5,11.1,0.5163,Standard,0.8354,17.7,88.7,15.9,0.064,0.211,1
Rail,South_Asia,East_Asia,3596.4,101.4,21.3,0.2101,Urgent,0.8968,53.5,18.4,27.8,0.4305,0.8014,1
Road,Europe,Europe,907.8,19.7,8.5,0.4315,Urgent,0.8617,100.0,20.6,13.9,0.186,0.4585,1
Road,East_Asia,East_Asia,2129.8,40.5,28.9,0.7136,High,0.9827,13.0,57.4,28.9,0.02,0.3418,0
Ocean,Europe,Oceania,8837.3,328.1,188.0,0.573,Standard,0.9068,20.6,31.6,58.2,0.7598,0.0993,1
Ocean,East_Asia,North_America,12798.9,463.4,244.5,0.5276,Standard,0.8422,27.1,30.9,34.7,0.7182,0.4726,1
Ocean,South_Asia,Latin_America,7959.5,297.2,263.5,0.8866,Standard,0.99,44.3,52.1,50.5,0.4651,0.4051,1
Ocean,South_Asia,Europe,11176.2,433.3,244.4,0.564,Standard,0.8992,60.4,5.3,14.1,0.4178,0.5435,1
Rail,Europe,East_Asia,2174.8,73.9,19.8,0.2679,Urgent,0.687,21.7,5.2,13.3,0.3793,0.2276,1
Air,Middle_East,East_Asia,2291.8,15.1,4.9,0.3245,Standard,0.9354,22.8,26.6,23.3,0.4552,0.6848,1
Ocean,Europe,Oceania,15733.0,585.0,356.8,0.6099,Standard,0.8091,31.9,59.6,31.9,0.4473,0.2262,1
Ocean,East_Asia,Oceania,8257.6,335.1,99.4,0.2966,Standard,0.8435,61.7,17.2,15.0,0.6968,0.3003,1
Air,Middle_East,North_America,9415.9,28.0,26.8,0.9571,Standard,0.99,74.2,83.1,24.8,0.5668,0.8229,1
Ocean,Europe,Europe,12973.4,466.6,206.5,0.4426,Urgent,0.8535,36.6,46.0,25.0,0.0494,0.7886,1
Road,East_Asia,East_Asia,1410.8,25.2,21.9,0.869,High,0.7509,77.5,8.1,27.5,0.095,0.2364,1
Air,South_Asia,East_Asia,7944.1,23.2,10.5,0.4526,Standard,0.7487,18.2,60.4,19.0,0.629,0.7222,1
Ocean,Southeast_Asia,Oceania,11205.2,433.8,270.0,0.6224,High,0.8341,20.0,69.2,16.2,0.6857,0.1584,1
Ocean,South_Asia,Middle_East,8801.8,343.4,250.0,0.728,High,0.7511,22.8,22.4,54.1,0.252,0.7871,1
Air,North_America,Oceania,8666.1,41.3,20.4,0.4939,Urgent,0.9148,40.4,19.3,24.6,0.3264,0.8195,1
Ocean,South_Asia,North_America,11118.4,387.9,75.9,0.1957,Standard,0.7649,33.1,49.6,40.8,0.5004,0.7057,1
Road,North_America,North_America,1408.7,32.2,28.3,0.8789,Standard,0.99,31.3,20.4,4.5,0.0757,0.255,0
Ocean,East_Asia,Middle_East,9661.2,370.2,129.9,0.3509,High,0.9286,24.1,80.5,40.0,0.7273,0.9045,1
Rail,South_Asia,South_Asia,4972.5,120.8,91.0,0.7533,Urgent,0.8891,81.2,17.9,49.4,0.0701,0.3007,1
Air,Europe,Middle_East,4997.5,21.7,18.7,0.8618,Standard,0.4899,42.8,32.6,3.2,0.05,0.43,1
Road,Latin_America,Latin_America,818.7,27.1,22.9,0.845,Standard,0.9444,51.0,29.9,10.3,0.0351,0.6468,1
Ocean,Southeast_Asia,Oceania,7748.8,338.0,29.2,0.0864,Standard,0.847,42.7,26.9,47.2,0.5172,0.7188,1
Air,North_America,East_Asia,9545.3,25.0,14.0,0.56,Urgent,0.9478,55.8,16.9,36.0,0.5017,0.7641,1
Rail,Europe,East_Asia,2763.9,95.0,68.3,0.7189,Urgent,0.6889,51.7,13.7,38.8,0.5329,0.5446,1
Ocean,Europe,North_America,13297.0,486.8,283.9,0.5832,Standard,0.99,16.5,20.9,9.7,0.2593,0.4618,1
Rail,Europe,East_Asia,2760.8,91.4,88.8,0.9716,Standard,0.887,68.6,70.2,93.1,0.05,0.9526,1
Ocean,South_Asia,Europe,9215.6,380.1,110.4,0.2904,Standard,0.7062,16.8,27.7,15.6,0.563,0.2961,1
Air,Middle_East,Latin_America,6519.6,35.7,31.9,0.8936,Standard,0.962,5.2,38.0,48.9,0.5782,0.3677,1
Air,Latin_America,North_America,9357.3,31.4,29.9,0.9522,Urgent,0.74,33.5,17.9,8.3,0.5195,0.1347,1
Road,Latin_America,Latin_America,1227.3,24.3,3.7,0.1523,Standard,0.5934,21.3,19.4,7.7,0.1805,0.251,1
Ocean,Southeast_Asia,Europe,11034.8,401.4,216.2,0.5386,Urgent,0.658,26.4,28.1,12.9,0.2297,0.4497,1
Rail,North_America,Europe,5388.0,135.5,47.4,0.3498,Standard,0.8309,24.0,59.6,2.1,0.4712,0.828,1
Ocean,East_Asia,Latin_America,12061.6,451.5,276.3,0.612,Standard,0.8772,17.2,31.4,25.1,0.4081,0.3346,1
Road,North_America,North_America,907.2,28.5,23.5,0.8246,High,0.8286,41.7,55.1,19.0,0.0664,0.3335,1
Road,East_Asia,East_Asia,609.1,21.3,3.0,0.1408,High,0.7001,21.0,57.7,8.4,0.0531,0.6274,1
Road,North_America,Europe,806.3,26.7,16.0,0.5993,High,0.7721,21.6,33.0,74.8,0.401,0.6787,1
Air,Middle_East,Europe,4043.9,24.4,12.0,0.4918,High,0.7924,19.6,11.3,19.9,0.1596,0.081,0
Ocean,Europe,North_America,12318.3,462.6,410.7,0.8878,Standard,0.8079,52.6,14.3,46.1,0.1974,0.2656,1
Road,North_America,North_America,756.2,16.6,14.1,0.8494,Urgent,0.7962,42.0,36.3,48.2,0.1194,0.6721,1
Road,North_America,North_America,1392.5,32.6,29.2,0.8957,High,0.99,24.7,7.7,9.6,0.02,0.3496,0
Air,Latin_America,Middle_East,8534.2,33.8,16.5,0.4882,Standard,0.7461,46.3,38.8,15.4,0.7369,0.5801,1
Ocean,East_Asia,Middle_East,10549.2,406.9,37.4,0.0919,Standard,0.7999,68.5,51.3,50.8,0.7304,0.5517,1
Ocean,Europe,Latin_America,16165.0,586.9,437.2,0.7449,High,0.8063,22.4,22.4,22.1,0.3745,0.581,1
Ocean,Southeast_Asia,Latin_America,10813.5,418.2,91.5,0.2188,Standard,0.99,63.7,24.3,22.2,0.3237,0.8497,1
Road,Latin_America,Latin_America,1442.8,27.0,26.1,0.9667,High,0.867,31.2,38.2,31.3,0.2796,0.2879,1
Ocean,Europe,North_America,13401.3,481.2,110.7,0.23,High,0.915,39.4,16.2,33.7,0.1708,0.9409,1
Ocean,South_Asia,North_America,11157.7,414.5,376.0,0.9071,Standard,0.9895,21.4,83.0,27.6,0.7266,0.9735,1
Rail,Europe,Europe,5325.6,152.4,119.4,0.7835,Standard,0.8921,24.8,17.0,19.8,0.0975,0.8613,1
Ocean,South_Asia,Latin_America,8268.5,328.8,59.2,0.18,Standard,0.6589,37.1,63.2,11.4,0.3526,0.4451,1
Ocean,Southeast_Asia,Middle_East,15380.0,550.4,37.1,0.0674,High,0.8079,48.6,12.5,12.5,0.1619,0.813,1
Ocean,Southeast_Asia,Europe,12436.0,473.8,238.5,0.5034,Standard,0.7539,42.2,46.0,16.9,0.2554,0.3282,1
Ocean,South_Asia,Oceania,11341.6,436.2,219.2,0.5025,High,0.99,60.8,45.5,9.0,0.8211,0.8586,1
Ocean,East_Asia,Middle_East,11715.0,455.1,282.0,0.6196,High,0.6982,24.5,41.6,72.5,0.05,0.8178,1
Road,Latin_America,Europe,1144.0,21.2,12.1,0.5708,Standard,0.9276,38.8,20.0,18.4,0.1749,0.0809,0
Air,Europe,Middle_East,10285.4,46.0,43.5,0.9457,Standard,0.9492,30.9,86.6,22.6,0.6758,0.392,1
Road,Europe,Europe,1372.6,31.2,8.5,0.2724,High,0.99,29.3,25.9,43.4,0.1264,0.7737,1
Air,North_America,Oceania,10708.4,28.8,25.2,0.875,High,0.6672,28.2,24.5,8.0,0.4236,0.9587,1
Ocean,Europe,Europe,13899.2,504.9,108.5,0.2149,Standard,0.7854,31.6,35.2,20.7,0.2222,0.337,1
Rail,Europe,North_America,4436.2,102.6,49.5,0.4825,Standard,0.8031,47.8,43.0,28.2,0.7519,0.4959,1
Ocean,East_Asia,Oceania,17287.1,619.7,203.5,0.3284,High,0.8998,14.6,5.1,9.1,0.1954,0.511,1
Ocean,South_Asia,North_America,9091.3,373.2,108.8,0.2915,Standard,0.7703,37.8,30.9,25.4,0.4603,0.1606,1
Rail,Europe,East_Asia,2992.6,84.3,54.7,0.6489,Standard,0.8372,37.6,30.5,13.1,0.4273,0.8475,1
Ocean,South_Asia,Europe,9911.2,368.8,322.7,0.875,Standard,0.7833,42.1,47.9,42.5,0.6218,0.3689,1
Ocean,South_Asia,North_America,15882.5,546.1,454.8,0.8328,Standard,0.7946,54.8,22.1,37.3,0.1456,0.617,1
Ocean,Europe,Europe,5801.6,226.3,59.4,0.2625,Urgent,0.6761,26.0,56.4,8.2,0.0982,0.7516,1
Ocean,Europe,Oceania,6024.7,273.7,141.0,0.5152,Standard,0.826,25.9,15.3,10.5,0.57,0.487,1
Ocean,South_Asia,Europe,10443.0,384.0,253.3,0.6596,Standard,0.7353,17.4,13.4,20.0,0.05,0.25,1
Air,Europe,Middle_East,1721.2,14.3,14.0,0.979,High,0.99,69.1,15.7,10.5,0.5611,0.5972,1
Air,North_America,East_Asia,8304.7,42.4,24.0,0.566,High,0.6737,19.2,57.3,2.7,0.6728,0.6365,1
Rail,North_America,North_America,2613.5,83.7,77.0,0.92,High,0.8867,24.5,16.5,25.0,0.1775,0.3197,1
Ocean,South_Asia,Europe,9352.0,366.9,139.8,0.381,Standard,0.8708,35.3,45.4,57.9,0.249,0.4339,1
Road,North_America,North_America,2162.1,36.0,22.6,0.6278,Standard,0.99,38.7,65.0,20.9,0.0478,0.3632,1
Ocean,Europe,Europe,16654.4,606.8,148.4,0.2446,Standard,0.7876,33.3,14.5,46.4,0.1352,0.4075,1
Road,East_Asia,East_Asia,483.0,21.3,14.2,0.6667,Standard,0.99,26.6,39.4,32.7,0.123,0.3998,1
Rail,South_Asia,South_Asia,2553.5,64.3,7.5,0.1166,Standard,0.8161,25.4,52.7,8.5,0.1369,0.3543,0
Ocean,Southeast_Asia,North_America,9833.9,382.3,344.1,0.9001,Urgent,0.6856,42.3,24.6,17.2,0.4944,0.7302,1
Ocean,Europe,Oceania,11437.3,427.3,310.9,0.7276,Standard,0.8899,56.2,36.7,57.7,0.4633,0.3585,1
Ocean,Europe,Europe,11410.7,435.6,406.9,0.9341,Standard,0.9335,15.2,11.2,32.4,0.223,0.1345,1
Air,East_Asia,Middle_East,8480.1,36.8,21.0,0.5707,High,0.9417,25.1,20.3,23.6,0.3587,0.8816,1
Road,East_Asia,East_Asia,1265.0,27.4,6.9,0.2518,Standard,0.7842,55.0,21.8,2.3,0.0668,0.7487,1
Ocean,Southeast_Asia,Middle_East,15719.4,577.8,301.9,0.5225,High,0.7686,27.6,45.0,28.1,0.3119,0.1998,1
Road,Europe,Europe,737.6,21.9,15.4,0.7032,Standard,0.7947,39.9,55.5,95.1,0.0794,0.91,1
Ocean,South_Asia,North_America,3500.0,171.0,15.6,0.0912,Standard,0.9468,46.6,37.0,11.5,0.6264,0.4311,1
Ocean,Southeast_Asia,Latin_America,6527.7,244.2,164.7,0.6744,High,0.8967,90.9,29.5,10.0,0.5475,0.6443,1
Ocean,Europe,North_America,10036.8,367.2,100.3,0.2731,Standard,0.8195,61.7,18.0,4.7,0.6216,0.1842,1
Ocean,Southeast_Asia,North_America,14514.1,490.0,217.5,0.4439,High,0.99,65.2,18.8,17.5,0.351,0.0589,1
Ocean,South_Asia,Oceania,10281.9,395.7,132.0,0.3336,High,0.6438,14.9,35.7,4.9,0.2431,0.1415,1
Air,North_America,East_Asia,6975.4,44.4,10.6,0.2387,High,0.8641,29.6,14.9,57.2,0.2229,0.1768,1
Ocean,East_Asia,North_America,13814.2,518.2,375.5,0.7246,Standard,0.7421,13.9,20.2,27.0,0.6912,0.2782,1
Road,Latin_America,Latin_America,2026.0,41.7,36.7,0.8801,Standard,0.6622,35.2,32.4,46.8,0.1444,0.862,1
Ocean,East_Asia,Europe,12106.4,421.0,113.4,0.2694,Standard,0.99,9.6,66.2,18.7,0.4261,0.9029,1
Ocean,South_Asia,Oceania,12820.0,495.9,264.2,0.5328,High,0.8019,25.7,44.1,26.8,0.2429,0.5042,1
Air,Latin_America,Middle_East,10752.2,28.5,17.0,0.5965,Urgent,0.8649,27.9,50.2,16.4,0.1377,0.4968,1
Air,South_Asia,Middle_East,3563.6,17.1,3.4,0.1988,Urgent,0.857,51.0,11.4,4.9,0.226,0.2115,1
Ocean,Southeast_Asia,Latin_America,16252.0,563.7,258.6,0.4588,High,0.8424,18.6,63.7,30.8,0.4205,0.2451,1
Ocean,Southeast_Asia,Oceania,12784.8,460.0,369.5,0.8033,Standard,0.99,21.2,47.4,12.1,0.3428,0.5692,1
Road,East_Asia,North_America,624.3,13.2,12.9,0.9773,Standard,0.8797,8.4,34.5,7.9,0.2862,0.0929,0
Rail,Europe,Europe,6036.3,155.8,39.1,0.251,Standard,0.6052,16.4,23.1,45.5,0.1436,0.8673,1
Rail,South_Asia,South_Asia,3139.4,88.8,83.6,0.9414,Standard,0.99,16.1,23.6,12.6,0.1221,0.0912,0
Road,North_America,North_America,1027.7,27.1,9.8,0.3616,Standard,0.99,52.4,19.7,12.5,0.0866,0.5101,1
Rail,North_America,North_America,3242.5,105.7,83.7,0.7919,Standard,0.7883,29.9,23.3,3.4,0.02,0.2737,0
Ocean,East_Asia,Europe,8594.7,357.8,156.9,0.4385,High,0.99,44.6,28.9,25.7,0.4663,0.6641,1
Air,Latin_America,Oceania,8972.4,26.0,19.0,0.7308,Urgent,0.7712,19.3,25.6,26.8,0.2762,0.0856,1
Road,North_America,North_America,1511.2,30.9,4.5,0.1456,Standard,0.9062,14.0,73.3,32.9,0.0309,0.0688,1
Ocean,East_Asia,Europe,7590.3,317.1,138.3,0.4361,Standard,0.8215,33.1,41.9,20.6,0.5831,0.5714,1
Rail,South_Asia,South_Asia,3033.5,76.8,5.3,0.069,Standard,0.7292,67.2,73.6,8.5,0.1234,0.5373,1
Ocean,Europe,Middle_East,13848.7,523.8,106.5,0.2033,Urgent,0.7801,28.8,15.1,19.9,0.4879,0.9172,1
Ocean,East_Asia,Latin_America,15618.8,557.4,449.7,0.8068,Urgent,0.99,45.5,37.7,14.7,0.5628,0.7844,1
Air,North_America,Middle_East,7534.9,29.4,10.0,0.3401,High,0.8283,8.6,36.1,22.1,0.3466,0.7274,1
Rail,North_America,North_America,5830.9,161.4,153.3,0.9498,High,0.99,31.6,15.8,55.3,0.1311,0.2658,1
Rail,East_Asia,East_Asia,5364.7,151.5,80.3,0.53,High,0.8984,96.8,91.2,64.6,0.22,0.4777,1
Ocean,Europe,Europe,11142.7,427.2,312.1,0.7306,High,0.8281,28.7,71.4,49.4,0.0515,0.1787,1
Rail,South_Asia,North_America,2023.8,77.1,4.2,0.0545,Urgent,0.8016,46.0,30.5,40.3,0.3906,0.3619,1
Road,East_Asia,East_Asia,1366.7,24.4,12.5,0.5123,High,0.8445,26.2,8.9,27.1,0.1514,0.0934,0
Air,Latin_America,Oceania,8164.2,24.3,4.9,0.2016,Standard,0.9082,35.2,40.0,40.8,0.2983,0.2444,1
Ocean,Southeast_Asia,Latin_America,4649.0,198.4,99.1,0.4995,Standard,0.6173,15.7,14.5,22.1,0.5473,0.3005,1
Ocean,East_Asia,Oceania,13542.6,467.5,370.0,0.7914,Urgent,0.7767,33.4,29.1,55.5,0.4615,0.2432,1
Rail,Europe,Europe,2567.7,69.4,21.3,0.3069,Standard,0.7712,8.9,34.4,21.1,0.1344,0.6253,1
Rail,Europe,Europe,3454.6,92.2,67.2,0.7289,Urgent,0.8113,24.1,95.5,1.6,0.1902,0.5137,1
Rail,North_America,North_America,3612.6,104.1,48.3,0.464,Standard,0.4731,11.7,18.6,13.2,0.0962,0.0587,1
Road,East_Asia,East_Asia,1728.1,33.7,7.5,0.2226,Standard,0.7708,17.5,52.1,8.3,0.1872,0.3339,1
Air,Latin_America,East_Asia,4927.0,37.2,7.0,0.1882,Standard,0.99,26.9,4.2,27.9,0.539,0.2317,0
Ocean,Europe,Latin_America,10684.0,417.4,141.1,0.338,Standard,0.7952,40.2,21.4,21.8,0.78,0.2711,1
Road,North_America,North_America,868.8,25.3,15.4,0.6087,Standard,0.8822,54.4,18.3,3.2,0.0484,0.5496,0
Road,Latin_America,Latin_America,1267.3,28.4,11.9,0.419,Standard,0.9487,19.4,59.0,21.7,0.3171,0.4904,1
Ocean,Europe,Oceania,10773.8,412.6,219.8,0.5327,High,0.9358,56.2,17.2,9.6,0.5422,0.2677,1
Ocean,Southeast_Asia,Middle_East,14948.9,544.5,115.6,0.2123,Standard,0.6908,51.9,19.3,26.5,0.4235,0.6817,1
Road,Latin_America,Latin_America,1112.8,22.4,15.6,0.6964,Standard,0.7697,54.8,27.3,12.1,0.1337,0.9683,1
Rail,Europe,Europe,2370.7,74.3,11.1,0.1494,Standard,0.6717,31.0,18.8,15.6,0.0495,0.6649,1
Ocean,East_Asia,North_America,14162.3,510.1,392.5,0.7695,High,0.9429,43.5,40.2,10.8,0.6451,0.1546,1
Air,South_Asia,East_Asia,7183.3,31.0,7.7,0.2484,Standard,0.6777,18.5,58.1,17.0,0.3078,0.3497,1
Road,Latin_America,Latin_America,1579.0,36.2,34.7,0.9586,High,0.8567,42.9,52.1,25.3,0.1909,0.7164,1
Ocean,Southeast_Asia,Latin_America,7962.3,307.9,257.4,0.836,Standard,0.9007,11.6,32.3,55.8,0.3646,0.1828,1
Road,Europe,Europe,1339.3,24.5,21.0,0.8571,High,0.9192,27.7,12.0,72.6,0.1633,0.95,1
Air,Southeast_Asia,Middle_East,6625.4,21.3,19.3,0.9061,Standard,0.9155,15.1,35.9,20.3,0.4576,0.9353,1
Road,Europe,Europe,1508.3,25.9,17.9,0.6911,Standard,0.8309,44.4,16.8,39.8,0.02,0.2837,0
Ocean,Southeast_Asia,Latin_America,11168.1,402.1,164.7,0.4096,Standard,0.6666,41.0,80.2,39.9,0.3895,0.7757,1
Road,North_America,North_America,1054.1,21.7,6.9,0.318,Standard,0.8871,34.7,21.1,19.0,0.1072,0.6729,0
Ocean,Europe,Oceania,10432.9,416.4,292.1,0.7015,Standard,0.805,9.0,38.6,23.7,0.3227,0.8078,1
Ocean,South_Asia,Oceania,11766.9,418.5,182.1,0.4351,High,0.8918,41.7,50.8,43.8,0.05,0.0787,1
Road,East_Asia,East_Asia,1062.8,25.7,11.1,0.4319,Standard,0.9395,49.6,57.1,19.5,0.1288,0.196,1
Air,North_America,Oceania,10875.9,37.6,20.0,0.5319,Standard,0.9502,46.6,23.4,25.9,0.5965,0.2044,1
Rail,Europe,Europe,4139.4,127.1,123.1,0.9685,Standard,0.7446,35.6,46.4,22.7,0.1522,0.9408,1
Rail,North_America,North_America,2690.3,83.5,63.6,0.7617,High,0.99,76.7,39.4,42.9,0.1105,0.2645,1
Air,Latin_America,Oceania,10057.1,47.4,17.6,0.3713,High,0.8789,24.3,39.0,14.2,0.4789,0.569,1
Air,Europe,Oceania,5163.3,30.4,2.8,0.0921,Standard,0.845,19.2,58.8,32.3,0.6146,0.2655,1
Ocean,Southeast_Asia,Oceania,11638.2,454.1,29.4,0.0647,High,0.99,38.6,24.2,15.9,0.4906,0.1793,1
Road,East_Asia,Latin_America,531.5,12.9,5.0,0.3876,High,0.7687,27.3,61.7,5.7,0.3282,0.2681,1
Ocean,East_Asia,Europe,13945.2,518.7,111.0,0.214,Standard,0.7686,80.7,79.9,11.1,0.4076,0.1536,1
Road,Latin_America,Latin_America,740.7,19.9,10.9,0.5477,High,0.8741,100.0,28.4,11.0,0.1426,0.6175,1
Ocean,Southeast_Asia,North_America,9032.1,377.7,41.8,0.1107,High,0.8084,20.9,37.1,14.3,0.2884,0.5385,1
Rail,North_America,North_America,5081.8,118.9,42.0,0.3532,Standard,0.5829,52.3,58.3,22.9,0.0453,0.098,1
Rail,East_Asia,East_Asia,3074.3,91.1,66.7,0.7322,Standard,0.8451,15.1,18.6,14.3,0.1219,0.8621,1
Road,East_Asia,East_Asia,2242.8,37.6,13.9,0.3697,Standard,0.7941,73.1,34.7,8.3,0.0483,0.2238,1
Rail,East_Asia,East_Asia,3028.5,102.3,53.9,0.5269,Standard,0.6711,35.5,37.5,35.1,0.0753,0.1244,1
Road,Latin_America,Latin_America,2064.7,36.0,10.4,0.2889,Standard,0.7899,54.6,37.6,57.8,0.2466,0.6679,1
Rail,North_America,Europe,4990.6,129.2,98.2,0.7601,Standard,0.9161,55.6,12.6,53.2,0.2491,0.5823,1
Ocean,Europe,Latin_America,8839.6,367.2,251.1,0.6838,Standard,0.7365,21.7,24.7,9.9,0.4067,0.655,1
Air,East_Asia,Oceania,8790.8,35.5,25.1,0.707,High,0.7383,33.1,31.0,12.1,0.2231,0.2978,1
Ocean,South_Asia,Middle_East,8602.2,332.8,99.4,0.2987,Standard,0.8103,13.3,29.1,15.8,0.5062,0.5872,1
Road,East_Asia,East_Asia,705.9,14.6,10.3,0.7055,High,0.7847,30.0,46.9,48.0,0.231,0.125,1
Air,South_Asia,Oceania,6445.6,33.8,29.2,0.8639,Standard,0.7882,50.3,19.0,43.6,0.479,0.0608,1
Rail,South_Asia,North_America,3537.4,101.4,12.1,0.1193,Standard,0.8381,22.8,34.6,26.5,0.4784,0.4117,1
Ocean,Europe,Latin_America,15855.3,553.7,335.2,0.6054,Standard,0.7629,34.9,65.5,3.5,0.2987,0.4327,1
Ocean,Europe,Latin_America,10127.5,405.8,38.9,0.0959,High,0.6779,34.3,46.4,8.2,0.4742,0.8619,1
Road,North_America,North_America,1012.1,20.2,15.7,0.7772,High,0.7017,52.7,37.5,4.4,0.1616,0.8198,1
Ocean,Southeast_Asia,Oceania,8897.0,334.3,159.3,0.4765,High,0.787,42.0,17.9,17.0,0.98,0.248,1
Air,Middle_East,Oceania,2983.0,24.0,21.5,0.8958,High,0.8999,9.6,69.3,19.3,0.383,0.9478,1
Ocean,Southeast_Asia,Middle_East,8066.2,326.1,40.6,0.1245,High,0.8945,33.6,7.3,4.3,0.576,0.7545,1
Rail,East_Asia,East_Asia,3901.8,101.7,16.4,0.1613,Standard,0.99,8.8,15.4,22.7,0.1061,0.6865,1
Air,North_America,East_Asia,5108.5,40.5,28.1,0.6938,High,0.99,58.8,62.6,24.0,0.2024,0.6395,1
Ocean,South_Asia,Middle_East,7767.9,302.8,84.9,0.2804,High,0.7118,61.9,22.5,3.7,0.6217,0.857,1
Road,Europe,Europe,1987.2,37.2,23.3,0.6263,Urgent,0.8997,66.9,20.8,9.2,0.0971,0.0991,1
Ocean,Southeast_Asia,North_America,10484.2,420.4,206.9,0.4922,High,0.974,11.8,56.7,33.9,0.6241,0.46,1
Air,East_Asia,Oceania,3193.5,19.7,16.5,0.8376,High,0.8355,55.5,30.9,20.6,0.05,0.5345,1
Road,East_Asia,Europe,1120.1,26.0,10.9,0.4192,Standard,0.713,15.0,50.2,24.9,0.2784,0.9533,1
Air,Europe,Oceania,5110.7,41.1,7.2,0.1752,Standard,0.7884,14.2,30.5,23.3,0.6271,0.6665,1
Ocean,Southeast_Asia,North_America,12002.7,468.3,177.1,0.3782,High,0.7343,69.0,43.3,24.5,0.5067,0.645,1
Ocean,East_Asia,Europe,13482.5,513.7,274.8,0.5349,High,0.6989,80.2,51.0,30.5,0.7108,0.0995,1
Ocean,South_Asia,North_America,11139.3,422.4,335.9,0.7952,Standard,0.8828,29.8,21.4,43.0,0.4626,0.348,1
Ocean,East_Asia,North_America,7875.8,294.4,164.7,0.5594,High,0.6874,16.6,38.5,60.0,0.5916,0.8156,1
Ocean,South_Asia,Latin_America,11741.5,412.3,185.6,0.4502,Standard,0.5183,55.7,24.4,70.7,0.7064,0.9752,1
Air,North_America,East_Asia,7927.4,39.1,18.4,0.4706,Standard,0.8004,11.2,43.4,12.5,0.4771,0.7143,1
Air,Southeast_Asia,Middle_East,10128.5,32.8,6.9,0.2104,High,0.8094,18.1,43.4,13.7,0.3279,0.3207,1
Road,Europe,Europe,1269.2,22.2,17.3,0.7793,Standard,0.775,49.6,27.6,6.1,0.1761,0.1529,1
Air,East_Asia,North_America,5994.7,31.2,11.7,0.375,Standard,0.8638,27.2,11.8,36.1,0.4213,0.4757,1
Road,East_Asia,Europe,456.6,13.8,11.5,0.8333,Standard,0.9628,36.8,24.3,22.7,0.369,0.4341,1
Ocean,Southeast_Asia,Latin_America,12839.9,443.0,269.6,0.6086,Standard,0.6997,24.2,20.2,21.0,0.3932,0.1246,1
Ocean,Southeast_Asia,North_America,11544.7,449.8,178.1,0.396,Standard,0.7809,74.9,39.6,12.7,0.2093,0.2428,1
Road,East_Asia,East_Asia,1148.5,28.0,25.7,0.9179,High,0.8544,19.5,31.0,13.5,0.174,0.3211,0
Road,Europe,Europe,1225.4,21.9,9.5,0.4338,Standard,0.9192,9.9,54.7,60.8,0.1971,0.1879,1
Road,Europe,Europe,923.5,20.6,9.1,0.4417,Standard,0.7369,21.1,10.2,14.5,0.0621,0.7028,0
Ocean,East_Asia,Latin_America,12309.3,453.0,133.5,0.2947,Urgent,0.7989,11.8,6.1,4.9,0.2211,0.8929,1
Ocean,Europe,Latin_America,13467.7,514.6,185.4,0.3603,Urgent,0.8132,11.1,30.4,13.0,0.3048,0.1645,1
Ocean,South_Asia,Middle_East,7314.6,307.6,28.3,0.092,High,0.7789,100.0,39.4,4.2,0.4472,0.5918,1
Road,East_Asia,East_Asia,833.4,27.6,20.5,0.7428,Urgent,0.8346,29.3,56.9,34.8,0.1885,0.4888,1
Air,East_Asia,North_America,6829.0,31.5,28.4,0.9016,Standard,0.7982,56.6,22.9,25.2,0.6826,0.6877,1
Ocean,South_Asia,Latin_America,11310.4,402.2,366.7,0.9117,Urgent,0.8918,46.0,26.6,15.0,0.2681,0.9095,1
Ocean,Europe,Oceania,12188.0,423.9,40.1,0.0946,High,0.99,66.3,33.6,51.9,0.1088,0.0843,1
Road,East_Asia,East_Asia,2253.2,46.2,18.3,0.3961,Standard,0.7367,13.1,26.2,13.4,0.072,0.2996,0
Air,East_Asia,Oceania,8643.6,24.8,2.5,0.1008,Standard,0.9229,64.3,50.8,7.1,0.484,0.3836,1
Road,Latin_America,Latin_America,150.0,17.7,11.2,0.6328,High,0.8936,40.7,11.0,26.6,0.2058,0.4271,1
Ocean,Europe,Europe,11585.3,442.9,333.8,0.7537,High,0.73,39.0,51.0,4.3,0.2467,0.9799,1
Rail,South_Asia,South_Asia,4270.7,111.1,59.8,0.5383,High,0.99,31.5,31.6,9.7,0.2086,0.2797,0
Rail,North_America,North_America,2703.8,76.8,35.7,0.4648,High,0.8829,12.4,11.3,41.4,0.135,0.7523,1
Road,North_America,North_America,2020.8,36.1,19.4,0.5374,Standard,0.7395,38.9,26.3,27.6,0.0889,0.9367,1
Ocean,Europe,North_America,11798.5,456.9,255.3,0.5588,Urgent,0.7873,13.1,23.6,8.6,0.4391,0.4901,1
Ocean,Europe,Europe,13176.5,478.3,264.5,0.553,Standard,0.929,32.3,62.2,66.8,0.0999,0.7019,1
Rail,East_Asia,Europe,6091.7,162.8,79.4,0.4877,High,0.8036,43.9,32.7,17.8,0.8371,0.4981,1
Ocean,Southeast_Asia,Middle_East,14155.8,500.2,165.5,0.3309,Standard,0.8179,35.9,30.8,60.4,0.5807,0.9115,1
Ocean,East_Asia,Europe,5455.3,262.3,97.6,0.3721,Standard,0.9159,63.7,19.4,40.5,0.379,0.7106,1
Ocean,Southeast_Asia,Europe,10616.8,382.1,148.6,0.3889,Standard,0.8379,22.8,19.6,26.2,0.1976,0.3502,1
Ocean,East_Asia,Latin_America,11663.1,450.3,375.4,0.8337,Standard,0.5447,65.0,30.4,25.6,0.4839,0.4549,1
Ocean,South_Asia,Middle_East,7562.3,330.3,28.5,0.0863,Standard,0.757,38.3,42.4,47.5,0.4765,0.219,1
Ocean,South_Asia,Europe,8398.2,343.2,25.5,0.0743,High,0.8082,63.6,11.6,15.9,0.6121,0.3464,1
Ocean,East_Asia,Latin_America,11310.6,390.2,125.6,0.3219,Standard,0.8438,21.2,24.8,26.0,0.5844,0.6815,1
Rail,Europe,North_America,1290.9,47.0,37.2,0.7915,Standard,0.7972,42.4,38.9,24.0,0.4773,0.2443,1
Air,Latin_America,North_America,6861.4,34.8,3.2,0.092,Urgent,0.9005,35.0,13.0,18.6,0.3615,0.6775,1
Air,Europe,Middle_East,6402.4,24.4,4.3,0.1762,Standard,0.8237,67.6,18.0,3.9,0.631,0.8565,1
Rail,North_America,Europe,2871.2,78.3,27.1,0.3461,High,0.9449,44.7,25.4,17.6,0.5457,0.5086,1
Ocean,Europe,Latin_America,10865.3,421.1,107.9,0.2562,Standard,0.7923,73.1,24.2,12.2,0.3605,0.1495,1
Air,Europe,Latin_America,2458.6,17.6,9.5,0.5398,Standard,0.7547,20.0,100.0,31.2,0.561,0.9442,1
Ocean,East_Asia,Middle_East,6130.8,229.7,141.7,0.6169,High,0.8289,15.3,21.0,5.5,0.6304,0.659,1
Rail,South_Asia,South_Asia,5229.8,142.8,15.0,0.105,Urgent,0.99,46.2,18.4,31.3,0.1284,0.5139,1
Rail,East_Asia,Europe,1534.1,45.9,13.5,0.2941,Standard,0.8788,43.9,48.1,27.2,0.6657,0.5319,1
Road,North_America,Europe,1674.8,35.6,33.3,0.9354,Standard,0.7728,72.7,40.1,28.9,0.3712,0.8778,1
Ocean,Southeast_Asia,Europe,11042.2,395.0,68.1,0.1724,High,0.8748,15.3,43.4,39.4,0.4257,0.595,1
Air,North_America,Europe,9195.8,29.8,21.6,0.7248,Standard,0.7827,93.8,21.3,35.5,0.4179,0.9303,1
Ocean,East_Asia,North_America,6321.1,250.7,44.9,0.1791,Urgent,0.99,30.1,24.3,52.1,0.6442,0.9403,1
Air,North_America,Latin_America,6097.8,31.4,24.4,0.7771,High,0.937,6.2,48.3,8.8,0.3701,0.3302,1
Road,Europe,Europe,1577.8,36.7,33.6,0.9155,Standard,0.9036,6.8,49.0,21.9,0.1615,0.0783,0
Ocean,Europe,Oceania,12769.5,459.1,33.4,0.0728,High,0.7649,29.2,39.5,9.0,0.4163,0.4334,1
Ocean,Southeast_Asia,Oceania,14703.9,513.9,286.0,0.5565,High,0.8234,35.8,32.8,18.4,0.3143,0.8782,1
Ocean,South_Asia,Middle_East,12203.2,421.9,179.4,0.4252,Standard,0.8456,26.6,21.3,64.5,0.6374,0.6821,1
Rail,East_Asia,North_America,4908.3,122.8,27.1,0.2207,High,0.7382,32.5,36.8,32.7,0.4256,0.3837,1
Rail,East_Asia,Europe,3147.7,89.0,23.9,0.2685,Standard,0.758,30.7,25.9,29.5,0.3011,0.6259,1
Air,Southeast_Asia,North_America,10585.5,35.1,28.0,0.7977,Standard,0.7321,9.1,19.0,39.2,0.545,0.1467,1
Rail,North_America,North_America,4494.9,106.7,25.7,0.2409,Standard,0.8547,5.4,52.2,21.3,0.0713,0.2914,0
Road,East_Asia,East_Asia,1349.0,33.6,30.4,0.9048,Standard,0.8844,83.9,27.6,52.3,0.0855,0.537,1
Rail,Europe,Europe,3368.0,88.0,22.4,0.2545,Urgent,0.8047,29.4,62.3,13.6,0.1161,0.3238,1
Road,Latin_America,Latin_America,2136.8,38.4,15.9,0.4141,Standard,0.873,36.7,32.0,57.9,0.1128,0.3118,1
Ocean,Europe,Europe,9961.2,400.1,229.3,0.5731,Urgent,0.6941,48.5,34.5,28.2,0.0988,0.7311,1
Road,Latin_America,Latin_America,1665.4,34.4,28.1,0.8169,Standard,0.9207,62.7,20.3,76.2,0.2431,0.413,1
Ocean,Europe,Europe,3500.0,151.2,103.6,0.6852,Standard,0.7782,28.6,32.4,50.6,0.1456,0.6285,1
Air,Europe,North_America,8293.5,42.6,25.5,0.5986,Standard,0.7953,14.5,78.8,14.4,0.5731,0.111,1
Air,North_America,Europe,7757.8,45.6,14.6,0.3202,Urgent,0.9333,10.6,18.8,27.2,0.3492,0.4571,1
Ocean,Southeast_Asia,Middle_East,12774.7,458.5,64.9,0.1415,High,0.8602,60.9,26.4,7.9,0.9134,0.8605,1
Rail,East_Asia,East_Asia,1423.0,65.1,61.2,0.9401,High,0.858,30.4,13.1,20.3,0.1168,0.1461,0
Road,North_America,Europe,2255.8,43.1,42.0,0.9745,High,0.8037,38.6,41.1,40.9,0.3649,0.4208,1
Ocean,Europe,North_America,9771.7,366.1,174.1,0.4756,Standard,0.9303,33.2,20.0,25.0,0.17,0.4743,1
Air,South_Asia,Oceania,8497.7,33.9,19.0,0.5605,Standard,0.8284,62.0,53.9,19.4,0.4873,0.228,1
Air,South_Asia,North_America,5368.5,42.2,25.0,0.5924,Standard,0.8156,33.8,21.7,54.6,0.6176,0.6223,1
Road,East_Asia,East_Asia,1471.5,26.6,25.7,0.9662,Urgent,0.9246,21.1,13.6,58.5,0.2119,0.5155,1
Road,North_America,North_America,1596.8,29.9,18.3,0.612,Standard,0.9024,51.3,71.0,33.0,0.2173,0.3153,1
Ocean,Southeast_Asia,Oceania,10577.8,386.3,222.0,0.5747,Standard,0.99,43.3,26.3,11.6,0.4777,0.0718,1
Ocean,Southeast_Asia,Europe,15089.1,548.3,404.3,0.7374,Urgent,0.7575,19.2,59.0,45.4,0.6265,0.5141,1
Ocean,Europe,North_America,10920.1,380.0,273.1,0.7187,Standard,0.7174,23.2,22.9,14.6,0.3847,0.9404,1
Rail,North_America,North_America,4584.7,130.5,35.5,0.272,Standard,0.7898,22.5,19.2,38.5,0.1759,0.5286,1
Road,East_Asia,East_Asia,845.0,18.4,8.1,0.4402,High,0.99,35.2,54.6,16.0,0.1418,0.7345,1
Ocean,East_Asia,Latin_America,10051.0,358.8,319.9,0.8916,Standard,0.7641,66.4,34.0,22.8,0.578,0.4809,1
Ocean,Europe,Europe,11826.9,441.2,187.5,0.425,Standard,0.9057,33.2,25.4,25.9,0.0726,0.7114,1
Air,Southeast_Asia,North_America,8417.2,30.8,13.6,0.4416,Standard,0.8198,16.0,34.0,50.0,0.2842,0.1013,1
Rail,Europe,Europe,5031.0,120.1,25.9,0.2157,Standard,0.9129,22.7,41.9,26.6,0.1416,0.2657,1
Road,Europe,Europe,1524.2,35.2,7.2,0.2045,Urgent,0.99,19.4,28.3,16.8,0.1134,0.2295,0
Air,Southeast_Asia,North_America,4980.6,24.0,20.3,0.8458,Urgent,0.8764,22.8,41.6,28.9,0.5468,0.1491,1
Ocean,Europe,Middle_East,11837.9,442.8,261.7,0.591,Standard,0.99,33.0,7.0,28.3,0.6692,0.8357,1
Ocean,Southeast_Asia,Latin_America,7059.3,267.3,86.3,0.3229,Standard,0.82,28.7,64.3,30.8,0.3624,0.7839,1
Ocean,Southeast_Asia,North_America,9939.1,386.5,222.5,0.5757,Standard,0.899,60.7,53.0,39.6,0.5491,0.6307,1
Ocean,East_Asia,Europe,11810.0,429.2,385.3,0.8977,Standard,0.8625,16.8,35.7,19.5,0.3686,0.056,1
Road,East_Asia,East_Asia,995.1,26.9,4.7,0.1747,Urgent,0.9116,20.1,8.5,34.7,0.1973,0.5316,0
Ocean,South_Asia,Oceania,12249.9,437.1,197.1,0.4509,Standard,0.8187,43.8,30.2,15.8,0.05,0.6599,1
Air,East_Asia,Oceania,6530.3,29.4,28.0,0.9524,Standard,0.9187,99.1,22.5,37.5,0.6213,0.6478,1
Ocean,South_Asia,Middle_East,14837.6,534.1,39.6,0.0741,Urgent,0.7942,18.0,13.9,36.7,0.4245,0.1897,1
Air,Latin_America,Oceania,6013.4,32.5,7.8,0.24,High,0.789,43.9,38.5,12.3,0.3279,0.5021,1
Ocean,East_Asia,Middle_East,5501.4,253.4,114.8,0.453,Standard,0.7225,49.0,58.7,43.5,0.3537,0.7588,1
Ocean,Europe,North_America,9486.1,371.8,111.2,0.2991,Standard,0.7515,36.4,7.5,14.4,0.5313,0.379,1
Road,Europe,Europe,863.9,27.5,14.4,0.5236,Standard,0.99,60.5,35.7,39.2,0.0798,0.4307,1
Road,Latin_America,Europe,1536.6,35.0,12.8,0.3657,High,0.7009,32.0,56.1,6.8,0.2005,0.6805,1
Ocean,Southeast_Asia,Middle_East,10886.9,379.3,69.6,0.1835,Standard,0.6195,41.9,43.9,64.4,0.4846,0.5526,1
Rail,North_America,North_America,3251.8,92.5,60.6,0.6551,High,0.99,52.3,64.7,64.2,0.1122,0.9162,1
Rail,East_Asia,East_Asia,4972.6,142.3,19.6,0.1377,Standard,0.6775,29.2,68.5,34.2,0.219,0.6317,1
Air,South_Asia,North_America,8378.4,31.2,29.7,0.9519,Urgent,0.672,21.2,13.2,15.6,0.2539,0.1362,1
Ocean,South_Asia,Latin_America,6349.9,250.7,166.0,0.6621,High,0.8247,40.6,21.6,56.7,0.3075,0.6206,1
Ocean,Southeast_Asia,North_America,8343.9,326.7,93.9,0.2874,Standard,0.9694,15.2,41.8,12.0,0.5292,0.5678,1
Air,Europe,East_Asia,10989.2,41.5,20.2,0.4867,High,0.6892,59.3,19.1,26.9,0.5417,0.6804,1
Ocean,Europe,Latin_America,8971.5,349.3,37.5,0.1074,Standard,0.7995,45.3,23.7,35.7,0.9188,0.7355,1
Air,Europe,East_Asia,4264.1,35.8,31.6,0.8827,Standard,0.6913,9.1,47.8,44.2,0.3546,0.1654,1
Ocean,South_Asia,Middle_East,6782.5,264.7,171.0,0.646,Urgent,0.9571,16.2,15.3,7.7,0.5148,0.8048,1
Air,East_Asia,Latin_America,6701.4,27.0,17.9,0.663,Standard,0.639,18.0,46.2,31.9,0.3413,0.8568,1
Air,Europe,Middle_East,9130.1,43.0,23.7,0.5512,Standard,0.6763,34.9,50.6,36.1,0.6075,0.9437,1
Air,North_America,East_Asia,8070.7,28.8,17.4,0.6042,Urgent,0.8785,19.1,67.2,11.1,0.05,0.5868,1
Road,East_Asia,East_Asia,1680.8,34.2,8.9,0.2602,Standard,0.99,18.3,72.4,8.4,0.1496,0.3636,0
Ocean,Southeast_Asia,Middle_East,13356.1,511.4,172.0,0.3363,Standard,0.9137,19.3,36.0,7.8,0.3589,0.8535,1
Ocean,Europe,Europe,10802.0,410.7,394.0,0.9593,Standard,0.99,15.2,29.8,23.2,0.1199,0.1706,0
Ocean,South_Asia,Europe,10802.4,395.2,77.8,0.1969,Standard,0.943,24.0,27.5,52.3,0.2351,0.3981,1
Air,Middle_East,Europe,11406.3,47.4,34.8,0.7342,Standard,0.8181,10.8,34.3,8.7,0.4073,0.282,1
Rail,Europe,Europe,7137.3,156.0,98.7,0.6327,Standard,0.8416,3.4,26.9,35.5,0.1185,0.8251,1
Ocean,Southeast_Asia,Oceania,10249.4,392.0,229.3,0.5849,Standard,0.8225,61.0,31.2,48.2,0.5804,0.9324,1
Ocean,East_Asia,Latin_America,8637.1,357.5,234.2,0.6551,Urgent,0.7594,18.2,49.9,17.5,0.3612,0.6085,1
Ocean,Europe,Middle_East,12165.1,452.7,229.1,0.5061,Standard,0.7244,100.0,34.2,33.3,0.5357,0.3945,1
Air,North_America,Middle_East,10965.0,35.8,26.0,0.7263,Standard,0.6865,19.0,51.1,45.8,0.6377,0.5875,1
Rail,Europe,Europe,2390.8,82.2,28.6,0.3479,High,0.8945,18.7,19.3,37.1,0.1539,0.4612,1
Rail,South_Asia,South_Asia,3180.1,111.2,67.5,0.607,Standard,0.8216,13.8,45.6,11.5,0.02,0.2937,1
Road,East_Asia,Latin_America,1768.4,31.4,30.5,0.9713,Standard,0.99,42.5,90.2,28.8,0.3529,0.1674,1
Air,Southeast_Asia,North_America,3879.9,25.6,4.1,0.1602,Standard,0.872,27.5,29.9,19.5,0.3809,0.4057,1
Ocean,Europe,North_America,10886.8,408.6,77.3,0.1892,Standard,0.8828,20.5,56.4,24.7,0.2925,0.3195,1
Road,Latin_America,Latin_America,1632.0,34.8,10.2,0.2931,High,0.8708,41.6,73.5,12.1,0.1333,0.9678,1
Ocean,Southeast_Asia,Oceania,14787.7,550.9,282.4,0.5126,Standard,0.8466,29.7,21.5,6.2,0.1367,0.6754,1
Road,Europe,North_America,1734.2,36.4,9.1,0.25,Urgent,0.8714,15.6,9.4,60.2,0.4572,0.905,1
Ocean,Europe,Middle_East,4730.3,193.1,75.0,0.3884,High,0.8525,15.0,3.8,26.1,0.4872,0.7151,1
Road,East_Asia,North_America,1018.4,28.0,19.3,0.6893,High,0.8306,12.6,21.2,19.1,0.4849,0.2973,1
Ocean,Europe,North_America,13617.3,513.2,453.2,0.8831,Standard,0.6006,15.3,21.7,7.2,0.4263,0.1201,1
Road,Europe,Europe,1301.5,26.8,2.6,0.097,Standard,0.7597,12.2,61.0,35.6,0.1398,0.4127,1
Ocean,East_Asia,Middle_East,9886.9,360.3,61.2,0.1699,Standard,0.99,17.9,5.2,15.5,0.4142,0.0526,0
Ocean,Europe,Latin_America,9650.1,355.4,220.4,0.6201,High,0.6699,18.0,96.2,25.3,0.5148,0.416,1
Rail,North_America,East_Asia,5836.9,138.6,79.6,0.5743,Standard,0.7698,9.0,46.9,38.2,0.4196,0.2911,1
Rail,East_Asia,East_Asia,2478.4,62.2,30.9,0.4968,Urgent,0.8853,79.0,51.4,60.3,0.125,0.9033,1
Ocean,Europe,Oceania,10451.3,381.1,24.0,0.063,Urgent,0.8622,37.4,30.1,49.5,0.2455,0.4092,1
Ocean,Southeast_Asia,Middle_East,7371.6,290.9,177.5,0.6102,High,0.7946,28.8,43.7,31.7,0.5018,0.3786,1
Road,North_America,Latin_America,1759.2,39.2,20.9,0.5332,Standard,0.925,85.6,74.5,24.1,0.3863,0.6726,1
Ocean,Europe,Latin_America,12868.9,485.4,156.4,0.3222,Standard,0.8051,39.4,100.0,44.4,0.5448,0.8535,1
Air,Europe,Oceania,9361.3,26.3,18.0,0.6844,Standard,0.8299,64.7,21.3,26.6,0.2502,0.5894,1
Ocean,Southeast_Asia,Latin_America,13811.0,513.7,280.0,0.5451,High,0.7247,19.4,100.0,43.5,0.4582,0.3369,1
Air,North_America,Latin_America,7319.0,27.6,15.6,0.5652,Standard,0.7248,29.9,22.6,20.2,0.5138,0.1511,1
Air,North_America,Oceania,5919.8,24.2,15.1,0.624,Standard,0.99,13.0,26.8,10.8,0.5852,0.8651,1
Air,Middle_East,East_Asia,6815.7,24.1,14.8,0.6141,Urgent,0.8974,14.6,52.0,33.2,0.2874,0.6943,1
Ocean,East_Asia,Middle_East,13722.0,469.3,258.7,0.5512,Standard,0.7332,37.7,22.6,27.0,0.6232,0.6999,1
Ocean,Southeast_Asia,North_America,9345.1,374.4,127.7,0.3411,Standard,0.8615,11.9,32.5,14.3,0.2392,0.4499,1
Ocean,Europe,Oceania,11412.1,410.2,265.2,0.6465,High,0.7608,35.3,83.5,21.5,0.6033,0.7142,1
Air,Southeast_Asia,North_America,9274.7,43.6,27.0,0.6193,High,0.9161,31.6,9.1,24.0,0.7262,0.1522,1
Road,Europe,Europe,969.0,22.5,4.5,0.2,Urgent,0.7694,30.0,37.5,17.4,0.2426,0.6443,1
Rail,South_Asia,Europe,4247.3,97.0,88.8,0.9155,High,0.6681,40.8,63.3,59.4,0.4462,0.1819,1
Rail,South_Asia,Europe,5534.4,150.0,13.4,0.0893,Standard,0.9472,65.6,10.5,16.0,0.2707,0.7776,1
Air,North_America,Latin_America,6346.1,33.2,14.8,0.4458,Standard,0.99,11.8,36.3,38.6,0.3024,0.5293,1
Road,Europe,Europe,1045.2,20.4,10.7,0.5245,Urgent,0.99,28.3,61.3,22.6,0.2588,0.3609,1
Ocean,East_Asia,Latin_America,9599.1,342.2,304.3,0.8892,High,0.7846,25.5,28.9,46.9,0.6156,0.1011,1
Air,Europe,Latin_America,9364.9,37.3,20.8,0.5576,High,0.8142,83.5,67.6,26.6,0.3925,0.9256,1
Ocean,Europe,Europe,10173.0,409.1,322.1,0.7873,Standard,0.7639,21.5,16.3,11.6,0.0737,0.5684,1
Ocean,East_Asia,North_America,11009.5,435.3,143.7,0.3301,Standard,0.6466,47.2,27.3,17.9,0.6631,0.1156,1
Ocean,East_Asia,Middle_East,13449.2,473.9,218.0,0.46,Standard,0.8732,46.5,20.6,14.8,0.2981,0.7672,1
Air,Latin_America,Oceania,8227.2,45.8,42.6,0.9301,High,0.8752,28.4,57.5,28.4,0.3072,0.7297,1
Air,East_Asia,Europe,9263.5,47.9,6.3,0.1315,Standard,0.8897,38.5,40.1,15.7,0.2294,0.6949,1
Rail,Europe,Europe,1497.1,50.5,41.9,0.8297,Standard,0.8274,32.5,14.7,24.3,0.3197,0.7849,1
Rail,South_Asia,South_Asia,4575.9,103.8,78.9,0.7601,Standard,0.8446,26.1,10.4,18.2,0.1214,0.789,1
Ocean,Europe,North_America,8569.1,348.7,269.2,0.772,Standard,0.99,35.2,20.1,14.1,0.3514,0.4562,1
Air,Southeast_Asia,Oceania,5806.7,32.4,24.3,0.75,Standard,0.8664,69.9,43.7,18.8,0.5221,0.3507,1
Road,North_America,North_America,918.3,29.1,5.8,0.1993,High,0.7636,30.5,14.7,21.7,0.2674,0.6442,1
Ocean,South_Asia,Oceania,14258.5,517.1,444.3,0.8592,High,0.9302,29.1,28.6,67.5,0.6194,0.7627,1
Air,Europe,East_Asia,2950.1,19.4,2.8,0.1443,Urgent,0.99,27.3,4.5,94.8,0.5051,0.2944,1
Rail,South_Asia,Europe,4671.5,118.3,115.2,0.9738,Standard,0.9634,14.1,55.4,16.8,0.5638,0.5331,1
Rail,East_Asia,East_Asia,1883.6,64.6,60.2,0.9319,High,0.9385,13.1,25.5,49.7,0.089,0.3264,0
Rail,South_Asia,South_Asia,1780.7,50.1,14.7,0.2934,Standard,0.8227,15.7,19.0,17.8,0.2054,0.9339,1
Rail,Europe,Europe,4736.7,122.1,95.8,0.7846,Standard,0.6208,29.8,34.4,37.7,0.0398,0.5481,1
Ocean,East_Asia,Middle_East,10128.6,362.9,308.5,0.8501,High,0.8643,34.7,24.0,23.1,0.4498,0.7733,1
Ocean,Southeast_Asia,Latin_America,9810.8,362.0,227.7,0.629,Standard,0.8272,16.7,43.4,17.8,0.5073,0.9424,1
Air,North_America,Latin_America,8184.1,45.4,21.9,0.4824,Urgent,0.7054,27.5,29.5,29.5,0.3876,0.3152,1
Ocean,Southeast_Asia,Latin_America,7084.8,306.8,32.9,0.1072,Standard,0.8415,22.1,32.5,37.8,0.1757,0.112,1
Ocean,Southeast_Asia,Oceania,14728.8,552.2,429.1,0.7771,Standard,0.9099,45.2,88.9,24.3,0.6737,0.5796,1
Ocean,Europe,Oceania,11359.5,414.0,375.6,0.9072,Standard,0.99,87.5,23.4,23.2,0.0868,0.313,1
Road,North_America,North_America,1437.8,32.7,26.5,0.8104,Standard,0.99,20.4,43.1,29.0,0.0791,0.32,0
Road,North_America,North_America,381.9,11.4,1.9,0.1667,Standard,0.9729,47.8,31.3,23.6,0.2012,0.8946,1
Ocean,South_Asia,Oceania,12428.6,459.5,244.0,0.531,Standard,0.9207,19.1,29.0,15.0,0.555,0.5641,1
Ocean,East_Asia,Latin_America,8867.9,327.1,93.2,0.2849,Standard,0.8674,28.8,12.3,17.7,0.4672,0.2925,1
Air,Southeast_Asia,North_America,6355.1,28.6,23.2,0.8112,Standard,0.99,30.6,17.5,35.5,0.2981,0.6126,1
Ocean,Southeast_Asia,North_America,9087.2,351.8,257.8,0.7328,High,0.766,31.1,10.2,17.9,0.5915,0.0798,1
Ocean,Southeast_Asia,Oceania,10022.1,375.8,282.4,0.7515,Urgent,0.9208,3.8,32.4,22.9,0.5861,0.9384,1
Road,East_Asia,East_Asia,413.6,19.0,17.2,0.9053,Standard,0.99,16.7,22.4,25.1,0.1018,0.1771,0
Road,East_Asia,East_Asia,2217.7,42.4,34.2,0.8066,Standard,0.6021,16.8,58.7,53.2,0.159,0.3971,1
Air,Europe,Middle_East,3887.4,38.5,30.8,0.8,Standard,0.8928,8.5,9.5,25.6,0.3756,0.1711,0
Air,Latin_America,Europe,7616.6,31.8,28.2,0.8868,Standard,0.7323,30.8,58.6,6.3,0.1727,0.9063,1
Ocean,East_Asia,Europe,9987.8,361.8,160.1,0.4425,High,0.8534,18.4,35.1,11.5,0.6693,0.5214,1
Ocean,Europe,Oceania,13009.0,494.6,231.0,0.467,Standard,0.7046,29.2,36.1,8.3,0.4502,0.2223,1
Air,East_Asia,Oceania,7738.7,24.9,7.8,0.3133,Standard,0.6253,16.8,16.2,11.0,0.4877,0.0721,1
Road,Europe,Europe,1190.0,31.1,27.6,0.8875,Standard,0.8009,24.5,87.9,8.0,0.125,0.0603,1
Air,South_Asia,Oceania,10805.7,36.4,25.2,0.6923,Urgent,0.8368,38.7,17.4,26.3,0.3303,0.4445,1
Ocean,South_Asia,Oceania,4969.0,213.7,147.5,0.6902,Standard,0.756,29.9,60.3,75.9,0.2548,0.3211,1
Ocean,South_Asia,Europe,8967.6,356.8,100.0,0.2803,Standard,0.99,21.3,11.4,19.5,0.5704,0.9435,1
Air,Middle_East,Latin_America,6586.0,21.3,16.9,0.7934,High,0.99,27.6,51.5,65.4,0.2227,0.866,1
Ocean,South_Asia,Oceania,7932.4,303.1,29.6,0.0977,Standard,0.959,10.9,6.1,13.3,0.2865,0.508,1
Road,Latin_America,Latin_America,1721.5,29.6,26.9,0.9088,Standard,0.8405,41.1,13.1,66.3,0.1574,0.7289,1
Ocean,Europe,Middle_East,10381.9,390.2,218.2,0.5592,Standard,0.9289,20.2,49.3,20.2,0.1198,0.9747,1
Ocean,Europe,Middle_East,8113.4,326.4,29.0,0.0888,Standard,0.7769,7.8,7.7,29.7,0.3257,0.3765,1
Air,Southeast_Asia,Oceania,6318.5,38.5,22.1,0.574,Standard,0.99,8.2,28.7,23.7,0.7415,0.6343,1
Rail,East_Asia,East_Asia,2190.2,66.4,52.6,0.7922,Standard,0.7047,86.4,17.3,22.0,0.2014,0.76,1
Air,South_Asia,Europe,11571.9,45.0,17.9,0.3978,Standard,0.8563,30.9,57.8,18.3,0.7575,0.973,1
Ocean,East_Asia,Latin_America,15320.1,568.8,28.5,0.0501,Standard,0.7013,37.9,18.6,10.2,0.5075,0.569,1
Ocean,Europe,Europe,14009.7,524.8,45.1,0.0859,Standard,0.9408,19.0,42.0,63.7,0.1416,0.2161,1
Ocean,East_Asia,Europe,8838.5,338.0,284.2,0.8408,Urgent,0.8955,34.2,19.5,15.8,0.6285,0.2378,1
Air,Europe,Oceania,9625.2,25.6,21.5,0.8398,Standard,0.815,11.6,27.2,13.5,0.3201,0.7374,1
Road,Latin_America,Latin_America,620.5,18.8,9.1,0.484,High,0.9869,39.7,11.9,15.1,0.1557,0.6522,1
Ocean,South_Asia,Latin_America,8779.1,310.8,205.5,0.6612,High,0.9633,13.8,9.9,7.5,0.5315,0.4644,1
Ocean,South_Asia,Middle_East,10846.9,398.0,273.6,0.6874,Standard,0.7278,54.7,87.1,10.7,0.7425,0.3196,1
Air,Europe,Oceania,7650.8,45.1,24.6,0.5455,Standard,0.7841,52.0,32.3,23.1,0.3919,0.496,1
Ocean,South_Asia,Latin_America,9492.9,343.2,135.2,0.3939,Standard,0.8132,27.2,11.9,21.7,0.3754,0.2431,1
Ocean,South_Asia,Latin_America,11556.2,400.9,103.4,0.2579,Standard,0.8877,68.5,32.9,39.3,0.98,0.7386,1
Road,Europe,Europe,1766.8,31.3,8.2,0.262,Standard,0.99,23.2,46.5,42.5,0.2131,0.6848,1
Ocean,Europe,Latin_America,7866.5,319.3,111.0,0.3476,Urgent,0.8254,55.7,52.1,30.8,0.3882,0.7435,1
Air,East_Asia,Europe,8486.2,41.6,15.6,0.375,Standard,0.9299,40.0,81.4,27.8,0.5033,0.1353,1
Road,East_Asia,East_Asia,1019.6,22.7,18.4,0.8106,High,0.9135,54.4,46.9,85.2,0.1643,0.08,1
Air,Southeast_Asia,Latin_America,12811.4,37.3,33.1,0.8874,Standard,0.5948,18.7,20.9,10.7,0.3274,0.3909,1
Ocean,Southeast_Asia,North_America,11750.9,444.0,267.8,0.6032,High,0.7836,40.8,44.3,35.8,0.4277,0.6249,1
Ocean,South_Asia,Oceania,6618.5,281.4,175.5,0.6237,Standard,0.8691,26.6,66.3,21.0,0.3014,0.7955,1
Rail,North_America,North_America,1953.1,54.7,26.2,0.479,High,0.7583,18.7,34.3,31.8,0.1736,0.6461,1
Ocean,East_Asia,Europe,10241.0,367.4,224.6,0.6113,Urgent,0.8194,25.2,25.2,24.0,0.5582,0.7124,1
Air,Latin_America,North_America,3935.7,18.9,18.4,0.9735,Standard,0.7516,5.9,28.6,32.0,0.6167,0.7465,1
Air,Latin_America,North_America,10124.0,30.4,12.0,0.3947,High,0.883,9.4,24.4,16.0,0.5866,0.3051,1
Air,North_America,East_Asia,3403.0,24.1,11.6,0.4813,Standard,0.9615,35.7,24.0,8.2,0.271,0.7346,1
Ocean,East_Asia,Europe,13124.4,489.8,264.4,0.5398,Standard,0.99,36.5,17.9,15.7,0.3927,0.7197,1
Road,Latin_America,Latin_America,1085.6,22.6,14.7,0.6504,Standard,0.99,50.9,25.8,15.0,0.054,0.5335,1
Road,Latin_America,Europe,1218.9,25.5,22.7,0.8902,High,0.9146,58.4,24.2,27.6,0.5695,0.1491,1
Road,Latin_America,Europe,1736.8,37.5,5.2,0.1387,Standard,0.7734,33.9,43.9,1.2,0.1947,0.0777,1
Rail,South_Asia,South_Asia,1892.7,75.1,26.3,0.3502,Urgent,0.93,13.3,56.5,17.3,0.1867,0.4689,0
Rail,Europe,Europe,5443.5,138.8,10.7,0.0771,High,0.9093,23.6,40.2,16.1,0.2451,0.1974,1
Air,Latin_America,Oceania,6706.0,21.2,6.0,0.283,Standard,0.772,16.3,85.7,29.8,0.4626,0.6916,1
Road,North_America,North_America,943.6,23.6,12.6,0.5339,Standard,0.99,60.3,51.2,38.3,0.1663,0.9238,1
Ocean,South_Asia,Europe,11763.8,459.5,314.2,0.6838,Standard,0.8621,32.8,29.7,48.5,0.5593,0.479,1
Ocean,Europe,Latin_America,10113.5,393.7,221.8,0.5634,High,0.99,47.6,26.5,63.2,0.6402,0.3523,1
Road,East_Asia,East_Asia,2285.5,42.4,5.9,0.1392,Standard,0.742,19.6,36.4,11.2,0.1632,0.9526,1
Ocean,Southeast_Asia,Latin_America,13817.8,517.6,175.8,0.3396,Standard,0.929,22.7,61.1,39.5,0.4645,0.6829,1
Ocean,South_Asia,Oceania,6225.4,260.6,226.7,0.8699,Standard,0.9103,26.7,32.1,61.0,0.4885,0.2454,1
Road,North_America,Europe,812.3,20.2,7.6,0.3762,Standard,0.99,57.7,21.9,16.1,0.4827,0.2653,0
Air,Latin_America,North_America,4145.8,40.2,20.9,0.5199,High,0.7996,61.3,11.6,24.3,0.5114,0.289,1
Road,East_Asia,East_Asia,1105.5,24.6,9.9,0.4024,Standard,0.7719,31.9,95.0,43.0,0.1339,0.6743,1
Rail,East_Asia,Europe,2723.2,100.8,48.6,0.4821,Standard,0.8119,9.2,28.5,14.7,0.2942,0.1482,0
Road,North_America,North_America,239.2,10.8,10.6,0.9815,Urgent,0.99,47.5,21.9,18.0,0.0854,0.1019,1
Air,Middle_East,Europe,5393.2,25.9,17.0,0.6564,Standard,0.8631,40.9,11.9,8.6,0.2116,0.3819,1
Air,East_Asia,Latin_America,7599.6,37.0,18.3,0.4946,Standard,0.9628,20.3,28.4,46.5,0.2322,0.8424,1
Ocean,Europe,Latin_America,15605.6,540.0,431.8,0.7996,Standard,0.8304,71.9,41.5,19.2,0.6045,0.7406,1
Road,East_Asia,East_Asia,868.8,26.7,4.3,0.161,Standard,0.7535,11.4,23.8,29.8,0.1146,0.9343,1
Ocean,South_Asia,Latin_America,6383.1,294.7,221.4,0.7513,Standard,0.99,37.2,15.9,70.2,0.4359,0.5545,1
Road,North_America,North_America,1523.6,34.4,17.0,0.4942,Standard,0.99,43.9,17.0,67.1,0.0979,0.2928,1
Ocean,South_Asia,North_America,16323.3,595.9,363.6,0.6102,Standard,0.6542,39.4,38.0,39.4,0.5897,0.3308,1
Road,East_Asia,East_Asia,871.0,17.7,15.7,0.887,Standard,0.9217,35.7,78.4,10.4,0.1825,0.6218,1
Ocean,South_Asia,Latin_America,12404.7,468.0,119.9,0.2562,Standard,0.8832,22.3,30.5,41.2,0.4318,0.5628,1
Air,Southeast_Asia,North_America,7102.2,29.0,3.2,0.1103,Standard,0.8815,54.1,54.8,39.0,0.2238,0.4591,1
Air,South_Asia,North_America,5524.4,36.0,5.3,0.1472,High,0.848,30.8,14.9,22.6,0.4081,0.4334,1
Ocean,South_Asia,Middle_East,7817.1,285.0,275.5,0.9667,Standard,0.8875,52.7,64.1,33.9,0.1118,0.1194,1
Ocean,Europe,Europe,9185.1,358.9,235.3,0.6556,High,0.7654,30.9,45.4,21.7,0.1535,0.5588,1
Ocean,Southeast_Asia,Oceania,12608.9,468.1,372.7,0.7962,Standard,0.7274,13.1,17.1,36.5,0.9447,0.732,1
Air,Middle_East,North_America,6800.4,23.9,12.0,0.5021,High,0.9273,41.7,28.7,39.3,0.1963,0.8669,1
Rail,Europe,Europe,4974.5,124.2,112.6,0.9066,Standard,0.9125,15.4,69.5,19.0,0.206,0.6707,1
Road,East_Asia,North_America,1636.5,29.7,4.6,0.1549,Standard,0.7415,33.4,18.6,53.5,0.4251,0.8462,1
Ocean,Southeast_Asia,North_America,9756.7,378.5,258.2,0.6822,Standard,0.7435,29.3,45.9,15.7,0.3828,0.3808,1
Ocean,South_Asia,Latin_America,14926.0,505.7,191.3,0.3783,High,0.99,64.3,17.2,24.2,0.7413,0.8908,1
Road,Europe,Europe,2260.9,40.6,34.4,0.8473,Standard,0.9278,57.2,52.8,17.6,0.1376,0.1339,1
Rail,Europe,Europe,2985.0,80.2,37.8,0.4713,Standard,0.836,25.2,8.3,77.8,0.0654,0.6708,1
Air,South_Asia,Oceania,8295.1,31.4,9.4,0.2994,Standard,0.9791,69.7,27.1,45.1,0.2726,0.2923,1
Ocean,Europe,North_America,8199.2,324.6,133.0,0.4097,High,0.6395,17.2,34.4,24.3,0.251,0.4365,1
Rail,Europe,Europe,3868.2,91.4,59.6,0.6521,Standard,0.9894,28.1,80.5,73.7,0.139,0.0673,1
Road,North_America,North_America,1564.7,29.2,18.8,0.6438,Standard,0.9526,44.7,12.3,5.8,0.0819,0.2427,0
Ocean,Europe,Latin_America,8513.8,318.1,80.8,0.254,Standard,0.8812,20.0,29.9,42.8,0.3309,0.5812,1
Rail,Europe,Europe,2928.8,106.4,85.8,0.8064,Standard,0.9051,46.6,49.9,43.3,0.0774,0.566,1
Air,East_Asia,North_America,6329.8,31.5,4.0,0.127,Standard,0.9064,66.3,12.1,25.2,0.6474,0.8689,1
Ocean,East_Asia,Latin_America,12014.1,421.9,126.7,0.3003,Standard,0.8489,33.4,100.0,48.7,0.3559,0.9007,1
Rail,East_Asia,East_Asia,4102.4,108.1,57.8,0.5347,Standard,0.8568,28.1,57.5,13.2,0.02,0.3121,1
Ocean,South_Asia,Oceania,14177.7,505.1,402.0,0.7959,Urgent,0.7645,18.7,33.0,12.8,0.4859,0.348,1
Rail,East_Asia,Europe,2655.9,97.1,8.4,0.0865,Standard,0.8963,41.8,30.8,16.0,0.1087,0.8526,1
Ocean,East_Asia,Latin_America,9657.4,364.5,208.4,0.5717,Standard,0.9352,90.8,30.9,12.2,0.6527,0.4352,1
Ocean,Southeast_Asia,Europe,10014.1,392.3,101.4,0.2585,Standard,0.99,34.9,52.6,32.2,0.3835,0.9715,1
Air,North_America,Oceania,7186.1,22.7,14.9,0.6564,Standard,0.9321,37.1,12.3,31.2,0.0541,0.2004,1
Air,South_Asia,Europe,3216.8,35.7,20.2,0.5658,Standard,0.8641,55.3,63.2,54.6,0.3326,0.3224,1
Road,East_Asia,East_Asia,1692.7,29.1,8.6,0.2955,Standard,0.99,15.1,45.5,23.1,0.0859,0.4397,1
Ocean,Europe,Europe,14478.5,535.1,70.2,0.1312,Standard,0.9056,27.3,64.6,61.1,0.0785,0.8733,1
Road,East_Asia,East_Asia,1989.8,40.0,9.7,0.2425,Standard,0.8386,11.2,13.3,9.1,0.2354,0.6075,0
Ocean,Southeast_Asia,Latin_America,8540.5,331.7,94.9,0.2861,Standard,0.7388,41.7,39.0,17.2,0.5514,0.7269,1
Road,East_Asia,East_Asia,593.1,21.0,6.7,0.319,Standard,0.99,12.7,39.5,60.3,0.068,0.0879,0
Ocean,South_Asia,North_America,8114.1,326.0,36.7,0.1126,Standard,0.8422,31.7,77.0,30.9,0.5901,0.5647,1
Road,North_America,North_America,150.0,8.2,5.7,0.6951,Standard,0.8701,22.0,23.4,11.0,0.1107,0.1293,0
Rail,Europe,Europe,3106.9,84.6,76.3,0.9019,High,0.99,55.2,35.6,30.6,0.1451,0.7629,1
Air,South_Asia,North_America,7555.7,32.4,16.2,0.5,Standard,0.99,19.6,30.6,73.5,0.4558,0.7174,1
Road,North_America,North_America,1963.6,42.0,33.0,0.7857,Urgent,0.8838,46.3,40.3,25.2,0.1704,0.8352,1
Air,North_America,Europe,8405.4,39.6,23.4,0.5909,Standard,0.9418,77.1,85.0,39.5,0.1648,0.6973,1
Rail,South_Asia,East_Asia,3555.2,117.2,27.8,0.2372,Standard,0.8027,77.1,33.6,15.7,0.7314,0.7418,1
Air,Europe,Middle_East,5972.9,34.4,4.1,0.1192,Urgent,0.774,47.7,64.6,14.9,0.4646,0.0899,1
Ocean,South_Asia,Oceania,10993.9,429.0,156.1,0.3639,Urgent,0.99,31.2,81.7,24.2,0.193,0.2537,1
Rail,South_Asia,South_Asia,4875.1,124.1,61.9,0.4988,Urgent,0.8536,5.2,74.6,25.3,0.1745,0.7233,1
Ocean,Europe,North_America,11502.8,405.6,292.6,0.7214,High,0.99,21.3,27.0,22.2,0.5393,0.8493,1
Ocean,Europe,Europe,15699.4,538.5,421.2,0.7822,High,0.9209,17.9,40.6,46.5,0.2137,0.7934,1
Road,North_America,North_America,1343.9,29.9,28.1,0.9398,Standard,0.7319,9.7,48.6,15.1,0.0711,0.4234,1
Air,South_Asia,Europe,5587.8,41.7,17.3,0.4149,High,0.99,26.0,21.2,10.9,0.4859,0.4681,1
Rail,North_America,Europe,2238.2,58.2,22.7,0.39,High,0.9401,53.1,26.5,37.4,0.4252,0.7036,1
Rail,South_Asia,South_Asia,6498.9,173.5,27.3,0.1573,Standard,0.8634,58.7,46.3,14.3,0.0926,0.1182,1
Ocean,East_Asia,Europe,17169.6,612.0,478.9,0.7825,High,0.8191,10.9,36.8,34.1,0.4838,0.5965,1
Ocean,Southeast_Asia,Oceania,9548.5,359.4,72.2,0.2009,Standard,0.7362,32.6,6.1,44.0,0.2484,0.7932,1
Air,East_Asia,Europe,5761.9,32.6,23.2,0.7117,Urgent,0.7118,41.5,82.7,49.9,0.3727,0.1143,1
Air,East_Asia,Oceania,5624.1,34.0,23.5,0.6912,Standard,0.99,35.6,82.7,15.7,0.1898,0.347,1
Air,Europe,Oceania,4014.1,21.3,9.1,0.4272,Standard,0.8553,56.4,48.2,30.8,0.5253,0.6703,1
Rail,Europe,Europe,3295.8,103.6,21.0,0.2027,Standard,0.99,12.6,29.7,40.6,0.0735,0.5973,1
Air,Latin_America,Middle_East,4974.3,37.9,20.3,0.5356,Standard,0.7391,38.9,53.8,28.5,0.1356,0.1895,1
Ocean,Southeast_Asia,Middle_East,10771.3,407.2,40.9,0.1004,High,0.9335,34.6,36.2,40.7,0.6956,0.4779,1
Ocean,East_Asia,North_America,7314.3,297.3,94.5,0.3179,Urgent,0.9344,72.6,31.8,12.8,0.4911,0.5381,1
Ocean,East_Asia,Latin_America,7328.6,298.4,97.8,0.3277,Standard,0.5609,45.3,52.9,12.6,0.5282,0.7561,1
Rail,East_Asia,East_Asia,4055.9,99.1,74.9,0.7558,Standard,0.91,63.0,53.8,24.7,0.112,0.3476,1
Road,East_Asia,North_America,191.7,16.4,4.2,0.2561,Standard,0.7458,28.6,27.7,25.1,0.5302,0.3171,1
Road,East_Asia,East_Asia,1494.9,32.1,6.4,0.1994,Standard,0.7689,63.5,46.9,26.6,0.1892,0.1843,1
Road,Europe,Europe,1398.1,32.1,24.8,0.7726,Urgent,0.9071,22.2,14.4,22.6,0.0779,0.3926,0
Road,Europe,North_America,1348.2,30.3,5.4,0.1782,Standard,0.7289,24.0,12.2,36.1,0.7176,0.0644,1
Ocean,Southeast_Asia,Latin_America,19167.0,672.3,309.9,0.461,Urgent,0.819,78.8,45.1,60.7,0.1934,0.3863,1
Rail,Europe,Europe,3277.6,97.1,88.7,0.9135,High,0.76,55.1,65.8,10.7,0.1567,0.4155,1
Air,North_America,Oceania,5294.5,39.2,5.8,0.148,High,0.8112,34.6,13.2,9.0,0.683,0.4746,1
Air,Latin_America,Middle_East,9935.5,28.5,15.2,0.5333,Standard,0.72,33.3,44.5,14.3,0.212,0.1808,1
Road,North_America,North_America,2761.0,48.3,19.9,0.412,Standard,0.7976,24.1,33.3,4.5,0.0987,0.6818,1
Road,Europe,Europe,356.2,11.1,8.1,0.7297,High,0.9406,19.9,26.2,17.0,0.0648,0.9793,1
Road,Latin_America,Latin_America,1413.6,28.2,16.8,0.5957,Standard,0.8005,7.6,32.9,35.4,0.0981,0.194,1
Ocean,South_Asia,Oceania,8779.6,345.8,197.8,0.572,High,0.8255,12.2,47.3,70.1,0.5457,0.7086,1
Road,East_Asia,East_Asia,944.3,19.9,7.2,0.3618,Standard,0.99,38.3,15.1,8.3,0.1032,0.6492,0
Rail,South_Asia,South_Asia,2518.1,65.7,59.7,0.9087,Urgent,0.99,14.3,30.2,14.6,0.1704,0.7367,1
Air,East_Asia,Latin_America,7811.5,41.8,36.3,0.8684,Standard,0.6118,26.3,11.9,35.3,0.3471,0.8646,1
Road,Europe,Europe,1807.0,35.3,30.5,0.864,Standard,0.7123,12.7,18.4,26.3,0.1056,0.4646,1
Ocean,Southeast_Asia,North_America,16370.4,554.4,89.0,0.1605,Standard,0.7362,19.2,47.6,8.7,0.199,0.2206,1
Ocean,Southeast_Asia,Europe,18140.4,631.2,519.4,0.8229,High,0.9139,34.1,20.2,23.6,0.4271,0.2717,1
Road,Latin_America,Latin_America,1059.4,28.2,15.1,0.5355,Standard,0.6543,36.2,43.1,17.9,0.0703,0.3975,1
Ocean,Southeast_Asia,Europe,7802.0,316.9,62.5,0.1972,Standard,0.9252,34.1,51.5,11.4,0.4235,0.4043,1
Rail,North_America,Europe,2736.7,89.2,74.3,0.833,Standard,0.8473,19.3,17.2,94.8,0.2505,0.154,1
Road,Europe,Europe,1768.3,36.4,19.7,0.5412,Urgent,0.9419,15.5,40.7,40.4,0.2187,0.0655,0
Ocean,East_Asia,North_America,12043.5,412.7,40.0,0.0969,Standard,0.9153,14.5,22.9,9.5,0.2648,0.9327,1
Ocean,Europe,Latin_America,11144.0,438.7,389.1,0.8869,High,0.8744,75.7,36.4,30.9,0.5254,0.9605,1
Ocean,Southeast_Asia,Latin_America,9276.5,369.0,211.8,0.574,Standard,0.8004,42.4,49.0,27.6,0.411,0.1129,1
Ocean,Europe,Oceania,15666.1,583.7,355.6,0.6092,High,0.8134,50.9,30.8,14.5,0.3624,0.5639,1
Road,Latin_America,Latin_America,1243.4,30.5,5.0,0.1639,Urgent,0.8425,14.7,30.1,9.3,0.0988,0.5862,0
Road,Europe,Europe,818.2,23.7,17.2,0.7257,Standard,0.9505,40.1,18.2,2.9,0.1137,0.3387,0
Rail,East_Asia,East_Asia,2536.5,71.7,56.1,0.7824,Standard,0.6784,28.4,22.7,30.2,0.1156,0.1399,1
Ocean,Europe,Europe,14519.8,544.8,95.8,0.1758,Standard,0.8294,15.9,30.8,31.4,0.1186,0.535,1
Road,Europe,Europe,1910.1,35.2,18.4,0.5227,Standard,0.8692,55.4,16.5,52.3,0.121,0.9112,1
Air,Latin_America,Middle_East,9106.2,46.4,12.6,0.2716,Standard,0.7154,39.6,49.1,16.2,0.4942,0.5197,1
Rail,South_Asia,South_Asia,6088.4,154.8,67.6,0.4367,High,0.7839,38.6,53.3,17.1,0.1133,0.3883,1
Ocean,South_Asia,Europe,11465.2,413.5,214.6,0.519,High,0.9045,7.3,13.6,21.4,0.5496,0.5331,1
Air,East_Asia,Oceania,7187.7,37.8,24.2,0.6402,High,0.6912,35.4,45.5,30.0,0.2454,0.3473,1
Road,North_America,North_America,646.4,24.1,10.3,0.4274,High,0.9855,30.4,15.4,16.8,0.2289,0.5018,0
Ocean,South_Asia,North_America,8101.9,309.4,190.6,0.616,Standard,0.99,100.0,57.6,48.6,0.39,0.5983,1
Road,East_Asia,East_Asia,150.0,9.3,1.0,0.1075,High,0.7814,16.6,65.5,6.4,0.138,0.5546,1
Ocean,South_Asia,Middle_East,10856.7,423.7,287.9,0.6795,Standard,0.7318,42.1,18.0,33.7,0.2629,0.3508,1
Rail,East_Asia,Europe,1786.5,81.5,23.6,0.2896,Standard,0.8942,60.0,25.1,15.6,0.1205,0.6417,1
Road,East_Asia,East_Asia,1630.5,30.9,24.4,0.7896,High,0.8421,50.8,54.0,16.1,0.0727,0.3041,1
Air,North_America,Middle_East,6554.4,39.1,20.8,0.532,Standard,0.8408,100.0,24.5,15.4,0.41,0.3153,1
Air,Southeast_Asia,North_America,6251.8,31.1,6.1,0.1961,High,0.6374,18.7,18.5,56.2,0.6161,0.3503,1
Road,Europe,Europe,2162.7,42.6,13.2,0.3099,High,0.9317,70.9,55.5,75.9,0.0368,0.8415,1
Rail,North_America,North_America,2820.6,89.9,31.7,0.3526,Standard,0.888,73.5,17.6,22.6,0.0895,0.6656,1
Rail,Europe,East_Asia,897.3,48.1,27.5,0.5717,High,0.7645,34.5,29.9,56.0,0.4132,0.9105,1
Air,North_America,Middle_East,8967.3,39.2,13.3,0.3393,Standard,0.972,48.1,44.3,26.3,0.4911,0.254,1
Ocean,East_Asia,North_America,12001.1,456.6,431.9,0.9459,Standard,0.8006,32.8,34.4,12.8,0.6298,0.9256,1
Road,Europe,Europe,1623.4,29.0,17.8,0.6138,Standard,0.8397,12.6,49.1,31.5,0.1072,0.7989,1
Ocean,Southeast_Asia,Latin_America,13033.4,494.9,444.1,0.8974,High,0.7476,24.0,51.2,15.4,0.7366,0.3388,1
Ocean,Southeast_Asia,Europe,5296.3,204.9,145.2,0.7086,High,0.89,23.2,38.8,6.7,0.3815,0.4654,1
Road,Europe,North_America,1080.4,22.2,12.2,0.5495,Standard,0.7544,75.2,16.1,7.6,0.576,0.9076,1
Rail,South_Asia,South_Asia,5180.9,122.3,22.1,0.1807,Standard,0.9425,21.9,21.3,37.8,0.1478,0.3353,1
Air,East_Asia,Europe,8942.0,47.5,42.4,0.8926,Standard,0.8736,30.1,100.0,4.0,0.4065,0.4964,1
Ocean,East_Asia,Middle_East,8899.7,321.6,19.3,0.06,High,0.7388,27.5,15.8,49.3,0.7023,0.4069,1
Air,Middle_East,Latin_America,5085.1,41.3,12.3,0.2978,Standard,0.7461,54.2,12.4,62.3,0.1245,0.1904,1
Ocean,Southeast_Asia,Latin_America,14817.9,502.0,211.5,0.4213,Standard,0.9274,36.1,15.4,31.0,0.3515,0.6229,1
Ocean,Europe,Europe,15446.7,557.2,477.7,0.8573,High,0.7637,41.9,55.6,26.9,0.1689,0.6404,1
Ocean,East_Asia,Middle_East,8492.7,340.2,316.3,0.9297,Standard,0.9344,25.3,39.5,29.6,0.3717,0.3787,1
Rail,South_Asia,South_Asia,4411.1,125.4,37.0,0.2951,Urgent,0.99,26.6,48.4,4.9,0.1279,0.5835,1
Ocean,East_Asia,Oceania,12625.1,467.9,329.6,0.7044,High,0.8409,56.1,27.3,23.2,0.5702,0.4967,1
Ocean,Southeast_Asia,Europe,8466.4,322.1,227.8,0.7072,High,0.8324,17.6,8.6,59.9,0.3001,0.3697,1
Rail,South_Asia,South_Asia,3977.1,125.6,64.1,0.5104,Standard,0.9711,100.0,50.5,28.6,0.1182,0.7196,1
Road,North_America,North_America,1641.7,31.4,3.6,0.1146,Standard,0.9454,25.9,34.1,73.9,0.1234,0.0944,1
Ocean,East_Asia,Middle_East,9839.5,349.1,89.3,0.2558,High,0.99,87.9,18.0,20.0,0.6507,0.3666,1
Ocean,Southeast_Asia,North_America,13996.2,501.5,329.9,0.6578,Urgent,0.8711,38.3,44.7,68.8,0.4543,0.4079,1
Rail,East_Asia,East_Asia,3112.8,93.7,67.7,0.7225,Urgent,0.9861,41.3,34.3,8.9,0.0824,0.8534,1
Air,South_Asia,Latin_America,6638.5,21.2,15.9,0.75,Urgent,0.771,45.1,25.1,18.5,0.4234,0.5687,1
Ocean,Southeast_Asia,North_America,10874.9,407.6,384.8,0.9441,Standard,0.7866,60.0,61.9,26.5,0.3835,0.5105,1
Ocean,Europe,North_America,8918.8,348.6,338.5,0.971,Standard,0.9377,50.9,47.8,21.5,0.4433,0.2094,1
Ocean,South_Asia,North_America,12563.6,459.8,423.3,0.9206,Standard,0.8299,66.8,31.5,33.6,0.5048,0.0718,1
Road,Europe,North_America,1728.8,38.2,34.4,0.9005,High,0.7032,22.7,26.3,20.0,0.1764,0.2087,1
Ocean,Europe,Europe,8009.6,328.5,32.1,0.0977,Urgent,0.9723,25.5,51.2,43.7,0.02,0.1167,1
Air,North_America,Europe,4840.5,31.5,9.9,0.3143,Standard,0.9725,6.7,17.6,11.7,0.4473,0.247,0
Road,Latin_America,Latin_America,833.5,16.5,6.3,0.3818,Standard,0.7789,58.4,55.2,26.0,0.1431,0.1551,1
Ocean,South_Asia,Oceania,11921.9,458.0,40.4,0.0882,Standard,0.7043,14.5,48.3,29.4,0.1556,0.7878,1
Road,Europe,Latin_America,1690.8,35.4,17.6,0.4972,Standard,0.8217,42.3,26.1,4.8,0.2843,0.908,1
Road,Latin_America,Europe,1084.7,28.0,7.4,0.2643,Standard,0.9885,37.3,51.8,21.1,0.7661,0.9226,1
Air,North_America,Middle_East,5821.4,31.4,29.3,0.9331,High,0.8431,29.6,32.6,74.2,0.398,0.7182,1
Ocean,Europe,Latin_America,7396.6,298.7,156.6,0.5243,High,0.8436,21.5,28.8,7.4,0.8123,0.3674,1
Ocean,Europe,Oceania,6140.5,273.3,258.0,0.944,Standard,0.7705,33.6,11.1,15.0,0.6286,0.059,1
Road,East_Asia,East_Asia,1043.6,22.3,7.0,0.3139,Standard,0.6525,12.8,41.4,34.5,0.0972,0.8378,1
Ocean,East_Asia,Europe,12448.4,462.8,49.8,0.1076,Standard,0.9331,60.3,38.4,13.3,0.5328,0.4828,1
Ocean,Southeast_Asia,Oceania,10576.2,401.8,226.3,0.5632,Standard,0.8111,23.6,29.9,36.7,0.3768,0.7697,1
Road,East_Asia,East_Asia,192.8,9.3,1.6,0.172,High,0.8966,24.1,23.9,37.5,0.1005,0.5414,1
Air,Middle_East,Latin_America,7622.8,34.3,31.4,0.9155,High,0.896,19.7,11.7,18.4,0.613,0.7413,1
Ocean,Southeast_Asia,North_America,10806.4,385.1,272.3,0.7071,High,0.8325,41.3,32.9,14.3,0.4455,0.3525,1
Ocean,East_Asia,Europe,9310.2,348.4,113.3,0.3252,Standard,0.8607,26.4,52.0,33.5,0.4249,0.4981,1
Ocean,Southeast_Asia,Europe,9165.5,346.2,298.4,0.8619,Standard,0.8308,45.8,18.2,29.2,0.3147,0.5644,1
Air,Latin_America,East_Asia,4874.9,33.8,26.6,0.787,Standard,0.7653,49.5,36.9,65.1,0.3335,0.2695,1
Rail,North_America,Europe,4566.8,138.7,69.3,0.4996,Urgent,0.9044,51.7,84.7,40.7,0.196,0.9728,1
Rail,South_Asia,South_Asia,2372.8,64.2,4.3,0.067,Standard,0.7872,44.5,20.2,27.7,0.0741,0.6336,1
Road,North_America,Latin_America,1692.1,34.5,8.0,0.2319,Standard,0.7482,21.9,7.5,18.5,0.6551,0.6921,1
Rail,Europe,Europe,4749.9,115.0,89.2,0.7757,High,0.6656,31.7,45.0,30.9,0.0778,0.4385,1
Rail,South_Asia,South_Asia,3581.6,100.4,22.8,0.2271,Urgent,0.99,38.3,34.2,63.6,0.1242,0.8545,1
Ocean,South_Asia,Oceania,12925.0,478.5,287.4,0.6006,Urgent,0.8184,4.1,24.1,26.9,0.2564,0.2734,1
Ocean,Europe,Latin_America,9380.0,341.3,242.1,0.7093,High,0.9613,67.9,12.7,29.1,0.7001,0.1812,1
Air,North_America,Middle_East,6256.0,24.7,6.5,0.2632,Standard,0.8422,15.4,90.8,5.2,0.2133,0.3532,1
Rail,South_Asia,South_Asia,5052.5,134.3,63.7,0.4743,High,0.8025,46.5,20.8,18.3,0.1249,0.5367,1
Air,Europe,Latin_America,6427.5,34.2,7.5,0.2193,Urgent,0.7383,21.9,25.6,41.5,0.2365,0.211,1
Ocean,Southeast_Asia,Oceania,15442.5,542.7,309.3,0.5699,High,0.935,84.9,46.2,40.9,0.3986,0.2014,1
Rail,North_America,Europe,2440.4,94.1,5.3,0.0563,High,0.99,30.6,21.5,11.3,0.4563,0.837,1
Ocean,Europe,Oceania,6677.1,252.8,95.1,0.3762,High,0.9337,41.1,13.3,43.1,0.3455,0.0582,1
Rail,North_America,North_America,3414.5,108.1,44.4,0.4107,Standard,0.8647,65.4,24.1,39.9,0.162,0.7667,1
Air,Europe,Oceania,8663.1,34.3,2.9,0.0845,Standard,0.9399,33.3,19.5,15.6,0.5903,0.3373,1
Road,North_America,Europe,2094.5,41.6,6.4,0.1538,Standard,0.7975,23.6,21.6,32.0,0.05,0.716,1
Air,Latin_America,Oceania,7069.6,43.6,32.7,0.75,High,0.7257,49.1,35.9,27.9,0.4733,0.9344,1
Air,North_America,Latin_America,2491.8,22.8,3.4,0.1491,High,0.8027,30.1,29.3,49.5,0.1869,0.5716,1
Air,East_Asia,Latin_America,10782.3,47.2,14.6,0.3093,Urgent,0.9116,33.0,54.5,15.6,0.4208,0.328,1
Air,East_Asia,Latin_America,9763.7,44.1,13.1,0.2971,High,0.8936,35.6,11.6,30.1,0.5665,0.6586,1
Ocean,Europe,Europe,17319.8,632.6,383.3,0.6059,Urgent,0.8793,32.1,10.5,43.3,0.1525,0.9034,1
Ocean,Europe,Oceania,9166.0,329.7,302.6,0.9178,Standard,0.6109,18.5,80.4,36.9,0.1873,0.4705,1
Road,Latin_America,Latin_America,1446.1,25.4,2.3,0.0906,High,0.99,56.3,56.9,17.1,0.1106,0.593,1
Air,Southeast_Asia,Europe,3746.2,30.8,14.5,0.4708,Standard,0.69,44.9,14.6,50.1,0.2219,0.2874,1
Rail,Europe,Europe,5976.7,136.3,44.9,0.3294,Urgent,0.9891,25.3,36.9,55.3,0.02,0.1367,1
Ocean,Southeast_Asia,Europe,8350.7,340.0,106.3,0.3126,High,0.6835,22.0,56.2,43.1,0.2372,0.9685,1
Air,East_Asia,Latin_America,3653.1,37.9,23.5,0.6201,High,0.8471,11.9,15.8,36.3,0.5896,0.4148,1
Road,Europe,Europe,430.5,13.2,5.1,0.3864,Standard,0.99,37.8,34.2,16.4,0.02,0.709,1
Ocean,Europe,Oceania,9657.1,354.6,58.2,0.1641,Standard,0.7692,12.4,33.5,10.0,0.4805,0.7052,1
Rail,South_Asia,South_Asia,2663.9,80.7,27.7,0.3432,High,0.99,38.6,77.5,26.9,0.085,0.7551,1
Ocean,East_Asia,Middle_East,15885.8,540.3,58.9,0.109,High,0.8095,17.1,65.9,35.5,0.4665,0.066,1
Air,Southeast_Asia,Latin_America,6835.0,40.9,39.8,0.9731,High,0.99,59.0,27.7,28.0,0.7631,0.3849,1
Ocean,East_Asia,Oceania,8713.0,332.8,283.4,0.8516,High,0.863,44.8,32.4,42.0,0.414,0.0825,1
Rail,South_Asia,North_America,4632.2,125.4,83.4,0.6651,Urgent,0.9522,25.8,20.8,17.8,0.0788,0.6633,0
Road,East_Asia,East_Asia,889.8,20.6,18.7,0.9078,Standard,0.7658,100.0,58.7,18.3,0.1429,0.2219,1
Rail,Europe,North_America,4070.7,109.6,10.5,0.0958,High,0.802,25.5,62.3,15.4,0.4128,0.2521,1
Ocean,South_Asia,Oceania,10078.1,392.7,153.3,0.3904,Urgent,0.7724,37.9,19.3,10.9,0.35,0.7834,1
Air,Latin_America,North_America,8818.8,31.9,12.2,0.3824,Standard,0.887,20.4,62.7,36.4,0.4995,0.9098,1
Rail,South_Asia,South_Asia,2769.2,67.6,14.5,0.2145,Standard,0.99,44.2,29.5,42.8,0.0735,0.6231,1
Ocean,East_Asia,Europe,14472.6,492.0,102.3,0.2079,Standard,0.9168,20.5,24.9,23.6,0.6866,0.8832,1
Ocean,East_Asia,Middle_East,7408.5,320.3,17.0,0.0531,Urgent,0.99,33.6,27.7,18.7,0.513,0.894,1
Rail,South_Asia,South_Asia,3315.4,110.2,40.1,0.3639,High,0.847,15.5,58.6,16.3,0.0865,0.4352,1
Road,Latin_America,Latin_America,1900.6,41.1,23.4,0.5693,High,0.637,26.3,20.7,47.4,0.1077,0.6812,1
Road,North_America,North_America,859.5,27.1,13.0,0.4797,Standard,0.8421,29.2,25.5,57.0,0.1359,0.5316,1
Road,North_America,North_America,1361.5,26.1,24.5,0.9387,Standard,0.8738,29.0,79.1,9.3,0.0809,0.735,1
Ocean,East_Asia,Middle_East,15016.3,536.8,112.7,0.2099,Standard,0.7524,16.9,29.5,5.0,0.3512,0.5424,1
Rail,North_America,North_America,1886.7,53.6,46.7,0.8713,Standard,0.99,47.5,20.5,7.1,0.0277,0.4192,0
Ocean,Southeast_Asia,North_America,4841.5,202.4,124.6,0.6156,Standard,0.8149,26.1,58.3,33.6,0.4378,0.0541,1
Road,North_America,Latin_America,1100.5,20.7,13.3,0.6425,Standard,0.7069,31.5,15.6,24.8,0.3571,0.2856,1
Air,Europe,Middle_East,7582.3,29.4,17.5,0.5952,Standard,0.99,25.0,13.2,32.2,0.6155,0.6736,1
Ocean,Europe,Oceania,8598.2,331.3,78.7,0.2375,High,0.6973,19.7,84.2,38.5,0.6033,0.2845,1
Rail,North_America,North_America,3126.5,103.6,36.5,0.3523,Standard,0.8783,43.7,44.2,23.8,0.2802,0.8471,1
Rail,South_Asia,East_Asia,3986.5,94.7,68.9,0.7276,High,0.99,18.6,27.7,26.9,0.5795,0.9542,1
Road,Latin_America,Latin_America,1885.5,37.6,36.3,0.9654,Standard,0.7727,20.4,37.0,10.7,0.0405,0.4363,0
Road,Europe,Europe,1029.6,21.2,2.2,0.1038,Standard,0.7405,50.2,9.1,31.7,0.1439,0.3661,1
Ocean,East_Asia,Middle_East,6403.6,293.7,25.6,0.0872,High,0.8825,18.2,27.8,12.3,0.4469,0.4066,1
Ocean,Europe,North_America,9422.6,383.6,120.3,0.3136,Standard,0.8721,56.9,15.9,12.2,0.2971,0.6547,1
Air,Middle_East,Europe,5315.8,29.3,19.9,0.6792,Standard,0.8845,48.2,42.9,21.2,0.4315,0.7514,1
Ocean,South_Asia,Latin_America,7015.2,294.8,179.5,0.6089,Standard,0.8511,73.6,32.0,21.0,0.3819,0.1461,1
Rail,Europe,Europe,2716.7,92.7,6.2,0.0669,Standard,0.8431,20.3,32.6,50.0,0.1471,0.7444,1
Air,North_America,Europe,10170.4,44.7,33.1,0.7405,High,0.8577,49.6,12.1,35.7,0.1089,0.1622,1
Air,North_America,Middle_East,7645.6,27.2,8.5,0.3125,Standard,0.8398,26.9,38.4,31.8,0.7905,0.3349,1
Ocean,South_Asia,Latin_America,10415.2,416.9,382.2,0.9168,Standard,0.7989,7.8,28.4,27.2,0.8289,0.4444,1
Road,Latin_America,North_America,168.6,12.4,2.4,0.1935,Standard,0.792,13.3,31.3,33.9,0.5562,0.409,1
Air,Middle_East,Latin_America,8625.3,37.0,21.4,0.5784,High,0.8063,50.1,29.1,53.4,0.6823,0.3716,1
Road,Latin_America,Latin_America,150.0,15.6,13.7,0.8782,Urgent,0.7852,10.7,17.1,60.9,0.144,0.9771,1
Road,East_Asia,Latin_America,1017.7,20.2,14.9,0.7376,Standard,0.7753,9.6,63.0,35.5,0.5737,0.541,1
Road,Europe,Europe,1706.9,36.5,19.2,0.526,Standard,0.7835,54.5,45.1,21.3,0.0655,0.372,1
Air,East_Asia,Oceania,7372.0,40.8,4.8,0.1176,Standard,0.8237,32.4,13.5,33.6,0.6104,0.8916,1
Ocean,East_Asia,Latin_America,13414.7,489.5,357.7,0.7307,Standard,0.99,14.1,76.8,24.0,0.7941,0.7304,1
Ocean,East_Asia,Europe,11443.5,405.5,273.3,0.674,High,0.8586,19.4,71.5,24.4,0.2537,0.8156,1
Ocean,Southeast_Asia,North_America,12325.1,448.6,345.8,0.7708,Standard,0.7652,23.8,26.6,21.9,0.63,0.2781,1
Road,Europe,Europe,1357.1,26.6,25.2,0.9474,High,0.8534,11.8,8.6,33.8,0.1135,0.7751,0
Ocean,Southeast_Asia,North_America,12663.0,449.8,129.3,0.2875,Standard,0.4871,36.8,17.2,30.0,0.6924,0.253,1
Ocean,South_Asia,North_America,16890.2,580.6,103.2,0.1777,Urgent,0.6996,22.6,30.3,3.8,0.312,0.1103,1
Ocean,Southeast_Asia,Europe,10704.1,421.4,201.9,0.4791,High,0.6796,24.9,12.4,11.2,0.5485,0.2204,1
Road,Europe,Europe,1148.0,31.4,17.5,0.5573,Standard,0.7453,57.6,47.5,24.4,0.2067,0.5573,1
Ocean,South_Asia,Oceania,8749.9,319.4,255.8,0.8009,High,0.7658,53.6,40.1,18.3,0.262,0.6757,1
Rail,North_America,East_Asia,5313.4,124.4,9.5,0.0764,High,0.7806,61.5,41.1,50.9,0.4216,0.7938,1
Rail,Europe,Europe,540.6,40.9,13.0,0.3178,High,0.8948,27.4,48.7,10.3,0.2037,0.5795,1
Rail,North_America,East_Asia,3084.5,94.5,68.8,0.728,Standard,0.9181,8.6,30.4,33.8,0.2567,0.9788,1
Ocean,East_Asia,Europe,11355.3,442.4,28.0,0.0633,Standard,0.6874,48.6,72.2,24.8,0.441,0.6854,1
Rail,Europe,Europe,2547.5,79.1,60.3,0.7623,Standard,0.99,40.5,34.9,45.6,0.0615,0.1038,1
Ocean,Southeast_Asia,Oceania,11976.6,427.1,288.8,0.6762,Standard,0.9727,15.1,16.8,34.9,0.2247,0.7218,1
Road,Latin_America,Latin_America,1013.9,20.8,17.3,0.8317,High,0.7805,68.3,22.6,8.3,0.2918,0.8563,1
Ocean,Europe,Oceania,9610.6,347.2,29.2,0.0841,High,0.7473,14.7,60.5,24.0,0.4992,0.7925,1
Air,South_Asia,North_America,7403.5,22.6,8.8,0.3894,Standard,0.767,22.7,19.4,48.5,0.3629,0.8474,1
Ocean,Europe,Europe,14198.3,514.4,364.5,0.7086,High,0.99,6.6,30.8,31.5,0.0671,0.1522,1
Air,East_Asia,Latin_America,5515.6,35.0,33.6,0.96,Standard,0.9092,44.6,86.8,15.4,0.5347,0.3115,1
Rail,East_Asia,East_Asia,1443.4,52.4,3.1,0.0592,Standard,0.8036,50.5,42.7,16.3,0.1564,0.5442,1
Ocean,Southeast_Asia,Oceania,9238.9,336.3,212.4,0.6316,Standard,0.7496,15.5,50.9,2.3,0.5046,0.1523,1
Ocean,South_Asia,North_America,12651.0,481.2,171.1,0.3556,High,0.7805,33.1,15.0,13.6,0.2167,0.5708,1
Road,East_Asia,East_Asia,1445.7,30.3,2.9,0.0957,High,0.7523,31.9,29.4,11.2,0.042,0.2836,1
Ocean,Europe,Middle_East,11683.1,445.3,211.2,0.4743,High,0.8029,23.6,30.2,39.8,0.3629,0.865,1
Ocean,Europe,Oceania,15257.4,522.4,31.7,0.0607,High,0.7657,27.0,17.6,51.3,0.4353,0.0557,1
Ocean,Southeast_Asia,North_America,8251.0,341.0,220.6,0.6469,Standard,0.99,100.0,39.8,24.9,0.4357,0.2399,1
Road,Europe,Europe,184.0,17.3,3.1,0.1792,Urgent,0.7753,62.7,33.2,34.2,0.0837,0.2416,1
Ocean,Southeast_Asia,Oceania,7292.2,287.7,154.6,0.5374,Standard,0.8143,17.2,100.0,46.1,0.4986,0.4847,1
Rail,North_America,North_America,5653.4,128.1,18.9,0.1475,Standard,0.6476,46.7,69.5,29.3,0.1835,0.4021,1
Ocean,South_Asia,Europe,9728.5,364.2,187.8,0.5157,Standard,0.8796,59.7,27.5,47.1,0.3671,0.0845,1
Rail,Europe,Europe,4072.0,116.0,7.3,0.0629,Urgent,0.8834,57.0,53.4,26.4,0.0864,0.3585,1
Air,South_Asia,Europe,4143.8,39.8,2.8,0.0704,Standard,0.8495,37.9,29.7,20.0,0.3267,0.9598,1
Ocean,Southeast_Asia,North_America,8878.8,346.0,184.6,0.5335,High,0.8913,21.7,26.6,16.8,0.235,0.5916,1
Road,North_America,Latin_America,443.2,19.7,9.6,0.4873,Standard,0.9407,40.1,41.2,61.1,0.24,0.4752,1
Rail,North_America,North_America,3817.0,96.7,37.7,0.3899,High,0.9071,7.8,16.5,68.7,0.1093,0.7934,1
Road,Latin_America,Europe,1877.9,41.7,5.3,0.1271,Standard,0.7757,19.1,40.4,10.5,0.1308,0.9265,1
Air,Southeast_Asia,North_America,6376.7,30.2,28.7,0.9503,High,0.8026,28.7,24.1,12.7,0.637,0.1159,1
Road,Latin_America,Latin_America,1296.8,31.2,10.2,0.3269,Standard,0.897,19.6,19.6,20.6,0.0932,0.6894,1
Road,East_Asia,East_Asia,454.8,18.2,5.6,0.3077,Standard,0.9256,36.8,19.8,12.1,0.0281,0.149,0
Ocean,Europe,Middle_East,16810.3,590.9,465.0,0.7869,High,0.7509,17.3,25.5,87.5,0.1842,0.423,1
Ocean,East_Asia,Europe,13284.5,506.5,193.4,0.3818,Standard,0.8095,36.2,51.7,23.0,0.5506,0.2474,1
Rail,East_Asia,East_Asia,3232.6,98.4,95.2,0.9675,High,0.848,26.6,28.4,21.5,0.0868,0.1432,1
Road,Latin_America,Latin_America,389.2,15.6,7.7,0.4936,Standard,0.7963,28.3,40.4,37.0,0.1461,0.1901,1
Road,East_Asia,North_America,834.3,24.2,15.3,0.6322,Standard,0.99,18.9,36.7,55.4,0.418,0.9132,1
Rail,South_Asia,South_Asia,3881.9,101.6,39.6,0.3898,Standard,0.99,16.7,7.5,45.5,0.1864,0.2921,0
Rail,Europe,Europe,3392.1,88.5,64.7,0.7311,Urgent,0.7906,27.9,36.4,37.8,0.0607,0.5795,1
Rail,Europe,East_Asia,2501.6,93.2,35.8,0.3841,Standard,0.6679,87.3,39.3,53.9,0.6177,0.6022,1
Road,Europe,Europe,788.2,19.4,16.2,0.8351,Standard,0.9608,37.0,30.0,28.4,0.1388,0.6079,1
Road,Latin_America,Latin_America,466.3,19.7,3.8,0.1929,Urgent,0.9637,15.7,66.6,32.6,0.02,0.9643,1
Rail,Europe,Europe,2752.0,92.6,65.5,0.7073,Urgent,0.9498,55.5,16.4,34.2,0.1482,0.4616,1
Air,South_Asia,North_America,7199.3,40.0,19.2,0.48,Standard,0.99,83.0,24.2,10.6,0.4437,0.1594,1
Ocean,Southeast_Asia,Latin_America,9488.6,341.9,54.4,0.1591,Standard,0.7952,48.7,43.6,9.6,0.3237,0.7265,1
Road,Europe,Europe,1766.0,40.4,7.3,0.1807,Standard,0.9218,32.6,60.0,30.3,0.02,0.3813,1
Air,Europe,East_Asia,6202.1,39.3,24.4,0.6209,Standard,0.6418,29.4,59.0,28.6,0.3687,0.4995,1
Ocean,Southeast_Asia,Latin_America,10949.9,415.5,204.2,0.4915,High,0.7804,16.8,26.9,17.3,0.2797,0.2345,1
Ocean,East_Asia,Latin_America,7394.3,318.8,269.1,0.8441,Standard,0.7852,18.7,35.7,14.0,0.5668,0.1117,1
Rail,East_Asia,East_Asia,2435.1,61.3,49.9,0.814,Urgent,0.99,15.2,51.6,11.8,0.1959,0.9277,1
Ocean,South_Asia,Oceania,18341.5,634.3,582.1,0.9177,Standard,0.8445,16.3,34.6,61.2,0.6114,0.8313,1
Air,Europe,Latin_America,4643.3,21.7,9.8,0.4516,Standard,0.7446,6.2,73.3,47.6,0.4801,0.7038,1
Ocean,Southeast_Asia,Oceania,5767.3,249.0,155.2,0.6233,Standard,0.6422,44.7,25.3,8.7,0.409,0.6637,1
Ocean,Europe,Latin_America,13673.4,464.5,110.3,0.2375,Standard,0.8286,42.0,56.0,31.9,0.5669,0.1286,1
Road,Europe,Europe,640.2,18.2,8.8,0.4835,High,0.8157,8.3,73.5,28.8,0.2109,0.8816,1
Road,East_Asia,East_Asia,1676.2,38.0,22.3,0.5868,Standard,0.6032,22.3,43.0,28.8,0.0912,0.798,1
Air,Southeast_Asia,Latin_America,10871.9,28.2,24.2,0.8582,High,0.7408,18.1,71.8,36.8,0.3832,0.714,1
Road,North_America,North_America,855.6,19.7,11.4,0.5787,Standard,0.7902,24.5,21.2,9.6,0.1769,0.6713,1
Road,Latin_America,Latin_America,1271.1,32.7,4.4,0.1346,Urgent,0.9197,35.7,48.2,11.4,0.0924,0.2954,1
Air,Middle_East,Latin_America,9200.1,26.9,3.5,0.1301,Urgent,0.8119,21.5,40.7,39.3,0.2597,0.7544,1
Ocean,Europe,Middle_East,9196.4,368.9,237.8,0.6446,Standard,0.7662,32.2,22.7,34.2,0.8453,0.9049,1
Road,East_Asia,East_Asia,981.5,20.0,6.5,0.325,High,0.9401,12.1,66.6,44.2,0.0482,0.461,1
Ocean,Europe,Oceania,13919.8,478.9,85.8,0.1792,High,0.8976,16.8,75.6,9.1,0.4606,0.1312,1
Road,Europe,Europe,1592.9,30.9,1.9,0.0615,Standard,0.8536,15.4,23.9,16.1,0.0586,0.5826,0
Rail,Europe,Europe,6775.3,147.7,122.3,0.828,Standard,0.9767,11.8,11.4,5.2,0.0221,0.3823,0
Ocean,East_Asia,Oceania,5407.2,245.0,206.3,0.842,Standard,0.8454,62.9,14.4,53.9,0.6369,0.7797,1
Road,Latin_America,Latin_America,1414.3,25.6,7.4,0.2891,Standard,0.8608,18.0,72.3,62.7,0.2551,0.5345,1
Air,Southeast_Asia,Oceania,6731.8,39.1,30.3,0.7749,High,0.7087,26.6,13.9,27.4,0.4609,0.569,1
Road,Latin_America,North_America,1166.9,23.3,10.2,0.4378,High,0.8142,27.9,42.4,5.3,0.7891,0.9132,1
Road,North_America,North_America,1030.8,21.9,10.5,0.4795,High,0.7338,49.9,70.9,10.8,0.1258,0.7763,1
Ocean,Europe,North_America,12704.8,473.9,254.2,0.5364,Standard,0.8605,7.2,9.5,15.9,0.4297,0.75,1
Ocean,Southeast_Asia,North_America,12901.9,471.5,371.9,0.7888,High,0.7122,11.1,17.7,17.1,0.471,0.5273,1
Ocean,Europe,Oceania,11103.5,418.3,396.5,0.9479,Urgent,0.99,13.6,19.7,27.4,0.2669,0.6949,1
Rail,Europe,North_America,3141.8,92.3,62.6,0.6782,Standard,0.8072,59.2,31.1,7.3,0.5712,0.8395,1
Road,North_America,Europe,1290.1,23.7,14.7,0.6203,Standard,0.7294,45.6,38.8,19.3,0.4927,0.5671,1
Air,Latin_America,East_Asia,9128.0,30.3,4.7,0.1551,Standard,0.7385,14.4,56.0,27.9,0.6155,0.4637,1
Ocean,East_Asia,Oceania,9728.6,375.6,256.7,0.6834,Standard,0.8908,43.4,26.4,11.8,0.4733,0.4099,1
Road,North_America,Latin_America,805.7,27.1,7.1,0.262,Standard,0.8677,62.0,28.0,11.2,0.4038,0.105,1
Road,Latin_America,Latin_America,2014.9,35.4,24.5,0.6921,Standard,0.874,14.9,21.4,4.8,0.0961,0.5622,0
Air,South_Asia,East_Asia,4562.9,41.1,19.3,0.4696,High,0.7632,74.9,12.4,5.6,0.639,0.6171,1
Ocean,Europe,North_America,7212.4,304.3,187.9,0.6175,High,0.6837,33.4,88.7,8.6,0.4393,0.4097,1
Air,Europe,North_America,6007.2,34.2,32.2,0.9415,Urgent,0.7987,30.5,17.4,21.6,0.2801,0.0589,1
Ocean,South_Asia,North_America,15939.9,570.4,464.0,0.8135,High,0.8256,55.5,33.9,17.2,0.3861,0.8255,1
Air,South_Asia,Europe,9001.2,26.6,4.1,0.1541,High,0.6191,22.7,27.5,19.0,0.3791,0.3193,1
Road,North_America,Latin_America,1567.9,33.9,9.5,0.2802,High,0.99,27.0,29.1,12.3,0.3755,0.7269,1
Ocean,South_Asia,Middle_East,10348.1,379.2,137.9,0.3637,High,0.7347,34.2,100.0,8.0,0.4334,0.7064,1
Road,Latin_America,Latin_America,1289.8,29.6,9.7,0.3277,Standard,0.8973,42.8,19.7,20.4,0.1495,0.8247,1
Ocean,Europe,Middle_East,8497.3,331.0,295.5,0.8927,Standard,0.8366,67.4,37.7,58.9,0.449,0.7112,1
Ocean,South_Asia,Latin_America,8327.5,352.3,106.5,0.3023,Standard,0.99,22.3,34.8,38.3,0.3558,0.4713,1
Ocean,South_Asia,Middle_East,12790.2,460.6,365.1,0.7927,Standard,0.7918,12.2,34.4,59.7,0.3837,0.2361,1
Ocean,East_Asia,Latin_America,10002.4,356.3,65.4,0.1836,Standard,0.8287,25.7,20.5,19.8,0.5482,0.8598,1
Road,North_America,North_America,1280.8,25.7,24.6,0.9572,Urgent,0.9261,41.0,100.0,14.3,0.2116,0.1866,1
Ocean,East_Asia,Latin_America,11372.1,392.2,27.4,0.0699,High,0.99,34.6,9.7,27.1,0.716,0.3557,1
Rail,North_America,North_America,592.3,57.0,52.0,0.9123,High,0.9328,25.8,35.1,31.0,0.1059,0.7474,1
Ocean,Europe,Latin_America,16159.4,542.5,310.6,0.5725,Standard,0.8786,27.2,46.6,77.7,0.05,0.0985,1
Air,South_Asia,East_Asia,8533.5,34.1,10.1,0.2962,Standard,0.7741,20.8,10.7,39.0,0.2951,0.9528,1
Air,North_America,Middle_East,9519.9,33.5,23.3,0.6955,Standard,0.7952,13.2,24.3,47.3,0.4701,0.7556,1
Air,Latin_America,Middle_East,9739.3,34.5,31.6,0.9159,Urgent,0.7848,20.7,15.8,16.2,0.4582,0.8926,1
Air,Europe,Middle_East,5465.5,22.2,13.6,0.6126,Standard,0.6779,15.0,11.3,22.7,0.592,0.9733,1
Ocean,Europe,Middle_East,13788.4,508.9,60.2,0.1183,High,0.8236,68.0,13.9,54.1,0.4112,0.4258,1
Ocean,Southeast_Asia,Oceania,12149.5,445.0,234.9,0.5279,Standard,0.6858,23.8,38.0,17.8,0.05,0.7272,1
Ocean,Southeast_Asia,Latin_America,4706.2,193.7,43.9,0.2266,Standard,0.99,48.4,28.6,36.3,0.4956,0.6902,1
Road,Europe,Europe,604.9,15.8,15.3,0.9684,Standard,0.99,43.5,28.7,8.3,0.2529,0.0872,0
Ocean,East_Asia,Latin_America,16247.9,583.9,269.2,0.461,Urgent,0.7797,15.4,24.3,40.9,0.1767,0.517,1
Air,Middle_East,North_America,11735.0,30.5,14.3,0.4689,High,0.8356,32.5,18.1,51.7,0.5181,0.3406,1
Road,Europe,Europe,650.4,22.3,17.5,0.7848,Standard,0.785,46.9,65.5,41.6,0.0576,0.7527,1
Ocean,East_Asia,North_America,11820.6,435.4,147.9,0.3397,Standard,0.8748,38.2,49.2,15.8,0.2252,0.8895,1
Ocean,East_Asia,Europe,13567.0,484.4,270.5,0.5584,Standard,0.7796,18.6,35.8,31.7,0.2705,0.5696,1
Rail,East_Asia,East_Asia,4758.8,138.6,108.0,0.7792,Standard,0.8632,83.0,29.0,18.7,0.1103,0.067,1
Rail,East_Asia,East_Asia,3612.2,86.1,22.1,0.2567,High,0.99,30.2,33.5,24.8,0.0915,0.5126,1
Air,Southeast_Asia,North_America,11281.1,28.2,11.2,0.3972,Standard,0.7467,32.2,49.0,9.0,0.5157,0.0728,1
Ocean,South_Asia,Middle_East,9783.4,360.1,327.5,0.9095,Standard,0.9517,7.3,90.9,4.5,0.5908,0.3865,1
Air,Europe,Latin_America,7650.0,28.8,12.9,0.4479,Urgent,0.7148,88.3,24.9,18.6,0.6757,0.9287,1
Road,East_Asia,East_Asia,2502.6,46.6,39.2,0.8412,High,0.7015,20.8,32.1,18.5,0.1594,0.7908,1
Ocean,Southeast_Asia,Latin_America,12214.8,418.6,45.3,0.1082,Standard,0.7958,46.8,15.4,23.1,0.3628,0.5781,1
Road,Latin_America,Latin_America,1479.2,36.9,23.7,0.6423,Standard,0.8187,29.5,27.9,18.2,0.1235,0.1255,1
Ocean,East_Asia,North_America,11307.3,423.6,372.7,0.8798,Standard,0.8499,38.0,14.1,10.0,0.2617,0.7725,1
Road,North_America,Europe,1949.9,35.4,24.3,0.6864,High,0.8535,15.6,37.9,6.0,0.1692,0.6126,1
Road,North_America,North_America,963.2,23.8,16.6,0.6975,High,0.9235,15.6,30.4,5.4,0.0603,0.369,0
Rail,South_Asia,South_Asia,2630.8,73.6,67.0,0.9103,High,0.7468,100.0,42.5,11.0,0.1739,0.761,1
Rail,East_Asia,East_Asia,2477.1,71.7,33.7,0.47,Standard,0.7412,17.6,31.0,21.4,0.1289,0.1136,1
Rail,South_Asia,North_America,4468.3,119.2,23.9,0.2005,Standard,0.5401,45.1,74.0,25.0,0.208,0.9538,1
Ocean,Southeast_Asia,North_America,14101.8,478.2,61.7,0.129,Standard,0.8517,31.0,16.3,25.6,0.55,0.3435,1
Air,Southeast_Asia,Europe,4053.2,19.3,1.4,0.0725,Standard,0.8841,73.8,39.1,14.4,0.4034,0.6181,1
Ocean,Europe,Latin_America,6127.8,240.3,85.2,0.3546,Standard,0.9731,69.3,9.6,40.6,0.3878,0.1315,1
Road,East_Asia,East_Asia,2039.5,36.2,9.7,0.268,Standard,0.9766,29.8,53.9,15.3,0.02,0.8402,0
Ocean,Europe,Middle_East,7639.4,284.1,253.6,0.8926,Standard,0.9656,50.0,51.4,28.8,0.7098,0.2143,1
Air,South_Asia,Europe,4681.9,31.1,4.0,0.1286,Standard,0.6925,34.5,32.8,28.3,0.3867,0.5709,1
Ocean,Europe,Oceania,9794.6,347.8,198.8,0.5716,Standard,0.8908,37.9,39.8,28.2,0.3445,0.1213,1
Air,Southeast_Asia,Europe,6182.9,25.9,4.9,0.1892,Urgent,0.8762,51.8,29.4,29.6,0.5911,0.4302,1
Road,Europe,Europe,1330.0,27.8,17.6,0.6331,Standard,0.7872,12.2,37.1,60.9,0.1722,0.7872,1
Ocean,Southeast_Asia,Middle_East,15406.9,557.8,174.0,0.3119,High,0.8624,29.0,76.1,21.4,0.3471,0.3231,1
Rail,North_America,North_America,5117.4,139.3,40.5,0.2907,Standard,0.9177,33.1,57.7,4.2,0.1417,0.2677,1
Road,East_Asia,East_Asia,975.4,28.5,12.4,0.4351,Urgent,0.8819,48.3,25.1,17.5,0.0934,0.37,1
Road,North_America,North_America,826.9,25.5,3.9,0.1529,Urgent,0.9091,10.8,18.9,22.3,0.1377,0.7756,1
Ocean,East_Asia,Oceania,14136.4,534.8,302.7,0.566,Standard,0.6266,15.2,34.1,15.0,0.5421,0.8,1
Ocean,South_Asia,Oceania,8257.7,320.5,258.7,0.8072,Standard,0.9579,32.1,14.8,31.3,0.5247,0.324,1
Ocean,South_Asia,Oceania,10947.1,424.2,282.7,0.6664,Standard,0.7207,18.0,28.9,27.8,0.3065,0.7207,1
Rail,East_Asia,East_Asia,2935.2,96.4,54.2,0.5622,Standard,0.9092,31.8,13.4,44.7,0.0408,0.7807,1
Rail,Europe,East_Asia,3846.2,111.8,50.1,0.4481,High,0.7765,48.3,60.4,46.1,0.333,0.3315,1
Ocean,Southeast_Asia,Middle_East,8747.5,333.1,118.8,0.3566,High,0.99,24.2,13.4,8.5,0.2736,0.3403,0
Air,North_America,Europe,9194.1,34.3,18.8,0.5481,High,0.6634,34.4,34.5,27.6,0.5044,0.6269,1
Ocean,Southeast_Asia,Europe,6534.6,265.5,164.5,0.6196,Standard,0.6369,27.0,47.8,34.1,0.6588,0.9231,1
Ocean,South_Asia,Oceania,14821.1,544.6,376.5,0.6913,High,0.9321,73.0,15.5,22.8,0.4766,0.22,1
Air,Europe,Latin_America,8090.6,24.2,2.2,0.0909,High,0.9228,15.2,16.3,33.2,0.4554,0.722,1
Ocean,Europe,Middle_East,13203.7,493.0,313.4,0.6357,High,0.6665,18.2,73.8,35.1,0.5322,0.0635,1
Ocean,South_Asia,Oceania,15313.2,525.5,29.5,0.0561,Urgent,0.98,36.6,18.2,39.4,0.5267,0.6889,1
Air,Middle_East,Oceania,5978.4,25.0,13.4,0.536,Standard,0.7976,21.6,3.4,24.7,0.3586,0.6704,1
Air,East_Asia,Europe,6772.2,28.3,8.8,0.311,High,0.7664,22.5,43.0,44.0,0.1577,0.19,1
Rail,South_Asia,North_America,5262.2,150.4,142.9,0.9501,Standard,0.8829,40.5,16.0,15.4,0.6048,0.1325,1
Road,Europe,Europe,706.8,16.7,4.2,0.2515,Standard,0.5228,84.2,40.3,13.1,0.0819,0.3603,1
Road,Europe,Europe,1314.9,32.5,15.3,0.4708,Standard,0.99,12.6,42.4,49.6,0.25,0.4932,1
Ocean,Southeast_Asia,North_America,8714.2,360.8,344.8,0.9557,High,0.9723,17.3,18.1,12.9,0.4575,0.673,1
Road,Europe,Europe,1708.5,28.5,20.7,0.7263,Urgent,0.99,100.0,34.4,13.1,0.2089,0.9626,1
Air,East_Asia,Europe,5880.8,23.6,7.9,0.3347,Standard,0.8526,63.6,22.0,100.0,0.3854,0.9468,1
Ocean,Europe,Latin_America,10090.5,411.3,164.4,0.3997,Standard,0.6254,70.2,26.3,16.4,0.4176,0.8562,1
Road,Latin_America,Latin_America,2275.9,44.5,40.8,0.9169,High,0.99,2.3,16.5,18.9,0.1011,0.4949,0
Air,East_Asia,Latin_America,6852.6,40.8,36.4,0.8922,Standard,0.6829,30.4,28.6,14.7,0.3764,0.8742,1
Air,East_Asia,Europe,8484.1,35.8,2.9,0.081,High,0.8979,38.2,51.0,19.4,0.2716,0.65,1
Rail,Europe,Europe,2433.0,75.1,7.9,0.1052,Standard,0.8575,64.1,31.3,43.9,0.0743,0.5886,1
Road,East_Asia,East_Asia,1318.6,31.9,15.1,0.4734,Standard,0.8647,46.7,21.7,80.2,0.0516,0.5815,1
Road,Europe,Europe,1940.9,34.1,15.8,0.4633,High,0.8982,15.8,59.0,42.6,0.0999,0.5179,1
Rail,South_Asia,North_America,2726.6,81.6,31.7,0.3885,Standard,0.99,52.2,15.4,10.1,0.2735,0.1632,1
Air,South_Asia,East_Asia,8021.7,45.8,11.2,0.2445,Standard,0.9231,21.8,37.2,26.1,0.05,0.4522,1
Ocean,East_Asia,North_America,10210.9,402.5,92.6,0.2301,Standard,0.8247,46.3,31.2,24.6,0.4385,0.3399,1
Ocean,Europe,Europe,14930.7,557.6,67.3,0.1207,Standard,0.99,35.6,33.8,30.2,0.2565,0.2353,1
Ocean,Europe,North_America,11653.6,435.6,41.5,0.0953,Urgent,0.7858,70.7,14.9,31.9,0.6743,0.492,1
Rail,North_America,North_America,3676.4,107.8,30.0,0.2783,Standard,0.8287,30.7,10.6,11.0,0.1749,0.6366,0
Ocean,East_Asia,Latin_America,17316.3,633.3,587.5,0.9277,High,0.99,21.2,59.0,33.4,0.4568,0.1863,1
Rail,South_Asia,South_Asia,6481.4,171.7,106.5,0.6203,Standard,0.9205,60.5,36.1,41.3,0.0917,0.3554,1
Rail,East_Asia,East_Asia,3038.7,80.5,18.0,0.2236,Standard,0.99,36.5,25.7,26.1,0.0409,0.6766,0
Ocean,Europe,Latin_America,15935.5,573.4,223.7,0.3901,Urgent,0.7454,14.0,59.0,43.6,0.7519,0.2871,1
Ocean,Southeast_Asia,Europe,6640.4,293.1,152.0,0.5186,High,0.9494,25.0,18.8,13.8,0.3214,0.8694,1
Road,North_America,North_America,1875.7,33.5,29.6,0.8836,Standard,0.9164,41.0,31.8,38.8,0.02,0.5608,1
Road,North_America,North_America,1316.2,30.8,22.8,0.7403,Standard,0.7789,40.8,16.9,11.7,0.02,0.3267,0
Road,Europe,Europe,1054.6,27.1,4.6,0.1697,Standard,0.99,43.6,30.9,18.2,0.131,0.8692,1
Road,Latin_America,Latin_America,2279.2,38.8,5.2,0.134,Urgent,0.9268,58.5,17.9,20.3,0.1607,0.4534,1
Rail,South_Asia,South_Asia,2053.0,78.5,34.2,0.4357,Standard,0.838,2.9,40.2,18.0,0.02,0.4343,1
Rail,South_Asia,East_Asia,1767.1,63.6,42.1,0.6619,Standard,0.99,15.2,17.3,54.6,0.2704,0.5802,1
Air,East_Asia,North_America,9438.8,29.3,2.2,0.0751,Standard,0.6665,41.4,32.3,17.6,0.2146,0.651,1
Air,Latin_America,North_America,4392.5,18.6,9.1,0.4892,High,0.8068,25.1,41.7,27.3,0.5772,0.3668,1
Air,Middle_East,Latin_America,6356.0,23.7,11.2,0.4726,Standard,0.946,21.1,29.6,10.7,0.6786,0.4372,1
Rail,East_Asia,East_Asia,6150.7,152.1,105.2,0.6917,Standard,0.6011,24.0,28.6,27.3,0.1083,0.5141,1
Ocean,Southeast_Asia,Latin_America,8790.1,316.9,68.0,0.2146,High,0.7721,13.5,37.1,6.9,0.451,0.4914,1
Air,Latin_America,Middle_East,3357.5,34.4,6.6,0.1919,Standard,0.6235,26.3,10.0,30.9,0.4395,0.4109,1
Ocean,East_Asia,North_America,9214.9,326.3,170.5,0.5225,Urgent,0.792,15.2,34.0,26.1,0.1758,0.7116,1
Rail,Europe,Europe,3317.2,101.8,87.8,0.8625,High,0.8524,32.0,35.3,20.8,0.0547,0.2024,1
Ocean,Europe,Latin_America,4877.3,194.6,89.7,0.4609,Standard,0.7238,41.8,30.4,27.5,0.1464,0.6207,1
Rail,North_America,East_Asia,3097.5,97.9,63.6,0.6496,Standard,0.8597,53.3,52.3,17.1,0.3347,0.2259,1
Ocean,Southeast_Asia,Oceania,11120.7,430.1,187.6,0.4362,High,0.99,18.6,29.2,17.0,0.3113,0.2969,1
Ocean,Southeast_Asia,North_America,10257.7,384.5,234.4,0.6096,Standard,0.8997,37.0,98.6,54.5,0.4641,0.8204,1
Air,North_America,Oceania,8787.7,40.7,33.4,0.8206,Standard,0.831,55.3,45.3,7.7,0.5061,0.5666,1
Rail,Europe,Europe,1443.5,57.1,46.9,0.8214,Standard,0.9644,54.6,45.0,59.9,0.1578,0.1688,1
Air,Middle_East,Oceania,10318.2,36.5,12.6,0.3452,Standard,0.9734,44.9,16.6,55.4,0.4295,0.772,1
Rail,North_America,North_America,3679.4,109.9,32.2,0.293,High,0.7921,32.9,36.7,41.1,0.1157,0.5693,1
Air,North_America,Oceania,7939.1,28.4,19.8,0.6972,Standard,0.8128,22.5,48.3,21.5,0.5636,0.9469,1
Air,North_America,Oceania,9611.1,29.3,23.2,0.7918,Standard,0.797,47.6,24.7,22.4,0.5178,0.5399,1
Ocean,South_Asia,Middle_East,10679.4,403.5,140.4,0.348,High,0.928,30.9,48.7,27.0,0.6276,0.0646,1
Air,Latin_America,East_Asia,3658.1,30.2,7.8,0.2583,Standard,0.7574,71.7,27.3,24.6,0.449,0.5352,1
Ocean,Southeast_Asia,Middle_East,4257.8,178.0,30.0,0.1685,High,0.9662,27.2,23.0,78.0,0.3848,0.1809,1
Rail,North_America,North_America,4129.1,115.1,56.7,0.4926,Urgent,0.9329,17.3,11.6,36.4,0.02,0.0933,0
Rail,Europe,Europe,2373.5,63.1,56.7,0.8986,Standard,0.99,33.9,6.6,25.2,0.0644,0.8257,1
Road,North_America,North_America,616.5,20.3,12.2,0.601,Standard,0.6909,14.0,9.5,24.6,0.1184,0.2411,1
Rail,Europe,Europe,1627.9,50.5,19.0,0.3762,Standard,0.7862,58.6,44.5,14.5,0.1396,0.7289,1
Ocean,Southeast_Asia,North_America,6064.5,262.5,45.4,0.173,Standard,0.99,21.3,42.1,21.6,0.4363,0.1776,1
Air,Europe,North_America,7982.7,30.9,24.9,0.8058,Standard,0.7526,31.0,57.1,21.2,0.3449,0.5344,1
Air,Europe,Oceania,5583.8,22.7,17.3,0.7621,Standard,0.7734,45.4,28.8,27.0,0.2423,0.5128,1
Ocean,South_Asia,Middle_East,12311.7,454.0,38.1,0.0839,Urgent,0.99,35.1,22.4,10.9,0.2143,0.126,1
Road,East_Asia,Europe,1451.0,28.7,23.2,0.8084,Urgent,0.9838,39.1,18.5,5.1,0.5318,0.3607,1
Ocean,Southeast_Asia,Middle_East,12143.8,423.5,150.9,0.3563,High,0.887,9.8,39.0,59.6,0.1442,0.5866,1
Road,Europe,Europe,1249.6,23.3,12.8,0.5494,Standard,0.99,36.2,51.2,27.5,0.049,0.4044,1
Air,North_America,East_Asia,9782.7,47.3,31.2,0.6596,Standard,0.7485,15.2,45.3,26.1,0.4185,0.2587,1
Ocean,Europe,Europe,11349.0,397.0,138.8,0.3496,Urgent,0.8321,18.1,45.1,10.8,0.1176,0.5971,1
Rail,Europe,Europe,2990.7,106.3,54.4,0.5118,Standard,0.9096,22.3,34.8,53.5,0.1243,0.5309,1
Road,East_Asia,East_Asia,150.0,16.8,11.8,0.7024,High,0.8607,57.4,84.4,27.5,0.0875,0.8813,1
Ocean,East_Asia,Middle_East,14276.4,514.7,219.1,0.4257,Standard,0.9418,49.9,42.8,9.5,0.3179,0.8922,1
Ocean,East_Asia,Oceania,14352.3,531.0,404.7,0.7621,Standard,0.6615,24.9,36.3,7.3,0.2341,0.7451,1
Ocean,East_Asia,Europe,9964.1,370.7,224.2,0.6048,Standard,0.8973,31.3,38.5,12.3,0.5531,0.6261,1
Ocean,Europe,Oceania,10835.0,416.9,202.9,0.4867,Standard,0.9742,19.0,19.1,15.2,0.4948,0.5557,1
Road,North_America,North_America,150.0,10.9,2.7,0.2477,High,0.6297,45.2,33.4,16.2,0.1693,0.6023,1
Rail,South_Asia,South_Asia,5543.5,140.1,108.7,0.7759,Standard,0.7683,30.3,32.5,21.5,0.0875,0.4871,1
Road,Europe,North_America,1401.2,30.3,9.1,0.3003,High,0.5886,16.9,10.2,85.0,0.4097,0.7694,1
Air,Middle_East,Latin_America,5057.5,30.4,12.0,0.3947,Standard,0.7504,7.0,30.2,39.1,0.0756,0.7138,1
Ocean,South_Asia,Oceania,10907.0,421.7,386.0,0.9153,Standard,0.8444,27.3,70.6,44.3,0.2378,0.7972,1
Air,Latin_America,East_Asia,3700.3,28.0,5.1,0.1821,Standard,0.8316,28.4,100.0,33.5,0.7356,0.2259,1
Ocean,South_Asia,Europe,11317.9,412.5,170.4,0.4131,Standard,0.8617,32.2,55.9,36.1,0.6265,0.2714,1
Air,Middle_East,North_America,10254.4,41.7,23.1,0.554,Standard,0.8319,14.1,16.3,10.0,0.3203,0.6272,1
Ocean,East_Asia,North_America,7249.5,297.0,254.4,0.8566,High,0.9586,78.9,77.1,15.7,0.381,0.6746,1
Ocean,Europe,Oceania,10271.4,383.4,59.8,0.156,Standard,0.8093,27.4,67.0,20.7,0.0948,0.9092,1
Air,Middle_East,North_America,1216.9,33.3,24.9,0.7477,Urgent,0.99,14.8,17.0,29.3,0.3476,0.0919,0
Ocean,Europe,Europe,11472.7,398.3,279.7,0.7022,Standard,0.795,20.9,29.8,15.3,0.2134,0.5469,1
Road,Europe,Europe,1397.2,29.0,22.1,0.7621,Standard,0.975,19.0,15.6,32.3,0.1354,0.357,0
Air,East_Asia,Middle_East,7542.9,44.9,16.3,0.363,High,0.99,24.6,6.2,41.7,0.4664,0.5449,1
Ocean,East_Asia,North_America,15547.0,568.1,354.8,0.6245,Standard,0.8761,27.2,100.0,14.6,0.2302,0.856,1
Road,Europe,Europe,277.8,9.5,5.8,0.6105,High,0.8489,37.3,36.9,9.5,0.1234,0.2065,1
Ocean,Europe,Oceania,9117.6,342.5,194.7,0.5685,Standard,0.9064,12.5,82.0,7.0,0.3618,0.9017,1
Ocean,South_Asia,Europe,9104.9,343.0,89.6,0.2612,High,0.8939,45.6,32.5,63.9,0.4794,0.4226,1
Road,Europe,Europe,680.1,23.3,12.0,0.515,Standard,0.99,22.3,85.7,21.1,0.1378,0.5703,1
Rail,Europe,North_America,2035.8,80.3,6.0,0.0747,Standard,0.9089,17.1,38.2,13.4,0.6747,0.8499,1
Ocean,Europe,Latin_America,16213.4,564.7,488.6,0.8652,Standard,0.9622,46.1,87.3,21.5,0.5628,0.6146,1
Ocean,Europe,Middle_East,11340.0,427.2,373.8,0.875,High,0.99,25.2,10.1,27.7,0.3144,0.7746,1
Ocean,East_Asia,Latin_America,8066.0,300.2,28.8,0.0959,High,0.8752,30.4,11.7,31.1,0.5885,0.4394,1
Ocean,South_Asia,Middle_East,10734.5,419.4,405.2,0.9661,High,0.9826,39.8,34.1,6.2,0.3463,0.7661,1
Ocean,South_Asia,Europe,14629.7,549.1,397.7,0.7243,Standard,0.9845,54.6,24.9,22.7,0.8851,0.7369,1
Ocean,South_Asia,Oceania,9859.9,382.6,373.8,0.977,Standard,0.779,63.7,18.9,29.6,0.3643,0.9788,1
Ocean,East_Asia,North_America,11285.9,399.4,29.7,0.0744,Standard,0.7431,45.6,34.9,43.9,0.5207,0.1516,1
Rail,Europe,Europe,4778.3,108.8,34.0,0.3125,High,0.99,30.4,18.9,1.1,0.2237,0.1125,0
Air,Middle_East,Latin_America,6913.6,26.6,25.7,0.9662,High,0.9445,80.1,31.9,5.2,0.2499,0.8276,1
Road,North_America,North_America,1715.0,32.9,4.1,0.1246,Standard,0.7995,21.0,54.7,26.3,0.0965,0.3816,1
Air,South_Asia,Middle_East,4193.9,18.4,11.8,0.6413,Standard,0.6414,15.8,22.8,57.5,0.3956,0.8646,1
Road,East_Asia,East_Asia,1175.0,28.1,20.3,0.7224,High,0.8797,13.6,55.6,36.4,0.0889,0.7445,1
Air,Europe,Middle_East,3103.5,17.5,2.9,0.1657,Urgent,0.7331,57.6,26.2,5.4,0.3836,0.885,1
Air,Middle_East,Oceania,3428.6,33.2,24.0,0.7229,High,0.9187,49.1,21.3,3.7,0.4353,0.1263,1
Rail,North_America,North_America,3632.9,97.5,57.2,0.5867,Standard,0.8065,49.0,48.3,13.7,0.1882,0.8662,1
Ocean,South_Asia,Latin_America,7843.8,333.3,263.7,0.7912,High,0.8303,57.9,17.3,26.9,0.7746,0.4574,1
Ocean,Europe,Latin_America,12442.2,458.9,394.9,0.8605,Standard,0.9542,45.7,23.3,17.7,0.5935,0.7158,1
Rail,South_Asia,North_America,3065.4,107.3,77.6,0.7232,Standard,0.8064,14.3,72.9,10.3,0.306,0.4127,1
Air,Latin_America,North_America,4295.1,35.5,9.9,0.2789,High,0.7315,4.2,24.2,22.4,0.2669,0.137,1
Ocean,East_Asia,Middle_East,17131.1,611.6,412.9,0.6751,Standard,0.8938,69.4,27.7,50.0,0.6203,0.9207,1
Road,North_America,North_America,1773.3,35.9,8.9,0.2479,High,0.8752,21.7,31.9,34.0,0.1118,0.5687,1
Ocean,Southeast_Asia,Latin_America,12298.0,467.6,239.2,0.5115,Standard,0.7557,21.2,25.4,7.9,0.1357,0.3604,1
Rail,South_Asia,South_Asia,3412.8,84.4,64.8,0.7678,High,0.7842,14.5,13.8,5.7,0.1518,0.3689,0
Ocean,Southeast_Asia,Middle_East,12877.5,493.8,325.8,0.6598,Standard,0.9038,28.1,40.9,22.5,0.3997,0.6268,1
Air,South_Asia,Oceania,6491.2,23.5,9.8,0.417,Standard,0.7614,42.8,58.2,8.6,0.4934,0.6381,1
Ocean,Europe,Europe,3500.0,186.8,70.0,0.3747,Standard,0.6355,19.1,23.5,20.1,0.1017,0.0516,1
Rail,Europe,Europe,3014.2,103.8,101.4,0.9769,Standard,0.8976,68.2,12.0,35.0,0.1536,0.4455,1
Rail,East_Asia,North_America,3657.3,107.4,43.2,0.4022,Standard,0.7075,59.1,35.1,28.6,0.5005,0.9206,1
Air,Middle_East,Europe,5079.7,22.6,2.6,0.115,Standard,0.7213,54.9,7.5,18.1,0.5316,0.7367,1
Ocean,East_Asia,Oceania,15785.4,549.0,207.5,0.378,Standard,0.99,64.5,17.3,24.0,0.7866,0.0741,1
Rail,North_America,North_America,2238.1,62.7,18.4,0.2935,Urgent,0.878,36.0,77.7,52.6,0.0283,0.6941,1
Road,North_America,North_America,413.2,11.3,9.5,0.8407,High,0.99,23.9,18.3,59.6,0.0993,0.1633,0
Rail,South_Asia,South_Asia,2429.9,71.2,49.9,0.7008,Standard,0.9268,73.2,4.2,51.5,0.204,0.8245,1
Road,Europe,Latin_America,2460.5,41.9,38.8,0.926,Standard,0.8591,23.0,16.0,13.6,0.05,0.2367,0
Ocean,Southeast_Asia,Oceania,15412.3,559.0,240.7,0.4306,High,0.8954,76.1,25.2,10.0,0.4593,0.9152,1
Air,Europe,East_Asia,3674.2,25.9,18.4,0.7104,Standard,0.7829,16.0,24.4,69.2,0.7063,0.2977,1
Rail,North_America,North_America,4015.0,102.2,99.7,0.9755,Standard,0.841,19.6,13.6,9.6,0.02,0.6706,0
Rail,South_Asia,North_America,3349.1,105.1,93.8,0.8925,Urgent,0.6171,10.8,21.2,11.8,0.3468,0.7979,1
Road,Latin_America,Latin_America,232.4,11.2,5.9,0.5268,Standard,0.8096,35.7,26.1,68.7,0.1774,0.2186,1
Rail,Europe,Europe,1400.3,54.0,20.9,0.387,Urgent,0.8895,93.5,31.3,53.3,0.1892,0.8115,1
Ocean,Southeast_Asia,Middle_East,8711.8,356.0,128.0,0.3596,Standard,0.7461,41.3,10.9,44.7,0.5225,0.4564,1
Ocean,South_Asia,North_America,5670.8,234.9,74.7,0.318,Standard,0.8399,55.8,100.0,30.7,0.3044,0.8137,1
Air,East_Asia,Europe,3952.8,23.5,12.9,0.5489,Standard,0.9213,44.1,29.9,30.5,0.5198,0.4999,1
Road,North_America,North_America,599.2,14.5,1.6,0.1103,High,0.99,48.4,45.8,38.3,0.1028,0.6832,1
Road,Latin_America,Latin_America,641.2,15.8,7.5,0.4747,Standard,0.99,18.6,30.9,24.5,0.153,0.1308,0
Ocean,Southeast_Asia,Europe,4498.6,188.4,129.2,0.6858,Urgent,0.8688,74.3,36.9,67.8,0.79,0.8723,1
Ocean,South_Asia,Europe,9903.1,404.0,382.4,0.9465,High,0.9165,32.9,79.9,9.5,0.3255,0.8292,1
Air,Southeast_Asia,Middle_East,5891.3,41.1,6.9,0.1679,Standard,0.9669,72.3,34.0,11.9,0.3403,0.0699,1
Rail,East_Asia,East_Asia,4172.4,121.4,16.0,0.1318,High,0.942,27.3,34.4,39.1,0.0888,0.7423,1
Ocean,Southeast_Asia,Middle_East,10090.3,381.3,286.7,0.7519,High,0.8265,28.1,45.0,27.7,0.4874,0.4072,1
Ocean,East_Asia,Latin_America,10491.2,421.1,229.0,0.5438,Standard,0.99,48.1,37.6,61.4,0.3911,0.0587,1
Rail,South_Asia,South_Asia,4484.6,135.6,109.4,0.8068,Standard,0.99,52.1,12.8,17.8,0.1143,0.0993,0
Road,East_Asia,East_Asia,1187.0,32.7,20.7,0.633,Standard,0.7824,12.9,5.8,13.2,0.1339,0.3999,0
Ocean,South_Asia,Europe,11481.8,414.2,382.8,0.9242,Standard,0.6888,29.9,18.4,15.4,0.5169,0.3922,1
Ocean,Europe,North_America,18902.9,658.2,308.1,0.4681,High,0.787,26.3,28.6,18.7,0.6163,0.5088,1
Air,South_Asia,North_America,3485.1,35.6,14.5,0.4073,High,0.782,29.3,12.2,40.0,0.5202,0.8699,1
Road,Europe,Europe,1853.5,33.0,22.2,0.6727,Standard,0.9138,29.2,26.8,49.2,0.0641,0.7089,1
Rail,East_Asia,East_Asia,2061.4,81.7,13.6,0.1665,Standard,0.7029,59.8,32.2,41.0,0.2051,0.5013,1
Rail,Europe,Europe,4866.0,112.1,22.2,0.198,Standard,0.9502,15.6,13.0,28.7,0.2226,0.7197,0
Air,South_Asia,Europe,5292.4,36.6,29.4,0.8033,High,0.8695,25.2,23.9,51.7,0.7157,0.5471,1
Rail,East_Asia,Europe,5861.7,159.9,37.5,0.2345,Standard,0.8203,32.6,58.8,51.3,0.4105,0.4573,1
Rail,South_Asia,South_Asia,3736.8,101.9,6.8,0.0667,Standard,0.9274,55.8,7.5,6.3,0.02,0.757,1
Road,Latin_America,Latin_America,1153.9,30.4,17.0,0.5592,Standard,0.9474,26.4,7.4,14.8,0.1498,0.613,0
Rail,Europe,Europe,3072.8,77.2,75.3,0.9754,High,0.99,18.1,23.3,25.3,0.1398,0.8117,1
Road,East_Asia,East_Asia,1537.0,36.1,16.1,0.446,Urgent,0.8318,21.6,12.2,8.9,0.0764,0.7519,1
Ocean,South_Asia,North_America,10146.1,366.3,168.4,0.4597,Standard,0.8533,22.9,15.5,23.7,0.2824,0.677,1
Air,East_Asia,Europe,5788.3,35.6,21.4,0.6011,Standard,0.6665,24.2,12.0,15.2,0.4115,0.1931,1
Ocean,Southeast_Asia,Europe,11083.5,433.3,140.5,0.3243,High,0.6358,24.5,47.3,2.9,0.4532,0.5826,1
Ocean,East_Asia,Latin_America,12418.2,482.3,297.8,0.6175,Urgent,0.8953,27.1,56.1,32.5,0.2229,0.9117,1
Ocean,Europe,North_America,11844.5,456.3,38.1,0.0835,Standard,0.7722,53.6,65.3,68.0,0.7232,0.8561,1
Road,Latin_America,Latin_America,1004.6,19.7,1.5,0.0761,Urgent,0.7712,71.4,50.3,27.3,0.1456,0.6388,1
Air,South_Asia,Middle_East,2017.9,30.9,26.0,0.8414,Standard,0.99,25.1,17.2,17.1,0.6144,0.8032,1
Ocean,East_Asia,North_America,8289.6,312.6,209.0,0.6686,Standard,0.8822,39.3,16.6,26.7,0.4672,0.23,1
Road,Europe,Europe,1112.6,28.0,13.9,0.4964,Standard,0.9015,47.2,21.7,33.1,0.02,0.1866,1
Air,Europe,Middle_East,7536.4,44.6,10.8,0.2422,Standard,0.6738,41.8,29.4,32.8,0.3092,0.4126,1
Road,East_Asia,East_Asia,586.4,19.3,10.4,0.5389,High,0.7579,36.9,20.4,22.9,0.1171,0.108,0
Ocean,East_Asia,Latin_America,6814.5,261.9,74.2,0.2833,Standard,0.6501,29.0,10.1,19.8,0.6504,0.4179,1
Rail,North_America,Europe,4684.3,126.5,16.3,0.1289,Standard,0.6488,25.7,35.5,19.7,0.638,0.4053,1
Air,North_America,Latin_America,5057.0,34.8,21.1,0.6063,Standard,0.9253,28.8,40.5,25.5,0.682,0.1992,1
Road,Latin_America,Latin_America,505.3,20.3,4.6,0.2266,Standard,0.8343,33.2,27.3,11.8,0.1144,0.9163,1
Road,North_America,North_America,1990.5,33.4,27.2,0.8144,Standard,0.9515,20.6,12.9,26.4,0.2261,0.8062,1
Road,Europe,North_America,1481.3,35.4,13.2,0.3729,Urgent,0.7332,7.6,42.0,13.2,0.4859,0.4775,1
Rail,North_America,North_America,2950.7,94.8,10.0,0.1055,Standard,0.99,43.8,83.1,52.2,0.0356,0.3444,1
Road,Latin_America,Latin_America,1011.0,21.3,19.3,0.9061,Standard,0.6921,25.6,59.3,16.2,0.1444,0.4528,1
Rail,North_America,North_America,2500.2,98.0,71.7,0.7316,Standard,0.891,7.5,30.3,26.4,0.0516,0.8589,1
Rail,Europe,East_Asia,1686.1,59.9,50.7,0.8464,Standard,0.5803,48.5,37.7,4.0,0.1735,0.1062,1
Air,Southeast_Asia,East_Asia,8637.3,40.3,35.6,0.8834,High,0.8042,27.5,36.5,24.8,0.639,0.3177,1
Air,East_Asia,Oceania,6554.5,41.0,20.3,0.4951,Standard,0.845,84.0,53.6,29.2,0.49,0.2074,1
Ocean,South_Asia,Latin_America,6721.2,269.3,16.3,0.0605,Standard,0.99,16.0,46.6,27.9,0.1192,0.5342,1
Ocean,Europe,Oceania,12277.2,479.1,194.2,0.4053,High,0.899,29.7,22.3,5.6,0.4342,0.6645,1
Rail,East_Asia,East_Asia,5686.0,146.2,62.1,0.4248,Standard,0.99,17.1,13.3,18.8,0.0617,0.8387,0
Rail,South_Asia,South_Asia,1871.4,83.2,25.3,0.3041,Urgent,0.99,28.4,9.9,42.2,0.1142,0.3655,0
Air,Latin_America,Oceania,10010.3,31.4,7.3,0.2325,Standard,0.9294,49.5,23.9,13.5,0.2951,0.6949,1
Road,East_Asia,East_Asia,2588.3,46.7,29.9,0.6403,Standard,0.8483,42.3,14.6,8.6,0.1682,0.5098,1
Road,Europe,Europe,1342.8,27.2,25.1,0.9228,High,0.8534,40.7,42.8,8.3,0.0787,0.7083,1
Road,North_America,North_America,1255.2,30.5,6.6,0.2164,Urgent,0.6049,57.4,44.3,14.4,0.116,0.1718,1
Ocean,East_Asia,North_America,11796.5,428.7,44.3,0.1033,High,0.9663,48.8,72.7,20.9,0.3811,0.0919,1
Road,East_Asia,East_Asia,441.9,11.8,11.4,0.9661,Standard,0.714,38.9,11.3,9.3,0.1912,0.5754,1
Rail,East_Asia,North_America,3717.1,105.2,8.6,0.0817,Standard,0.9101,12.5,44.4,6.0,0.4859,0.1969,1
Ocean,Europe,North_America,20692.4,726.9,115.4,0.1588,Standard,0.99,14.9,19.7,23.0,0.5458,0.1656,1
Ocean,South_Asia,Middle_East,13131.1,447.5,124.7,0.2787,Urgent,0.7932,60.2,45.0,19.0,0.4395,0.0938,1
Air,South_Asia,Oceania,6290.6,38.7,9.5,0.2455,Standard,0.9657,21.1,32.0,9.5,0.2983,0.5385,1
Air,Europe,Oceania,7208.1,30.4,3.8,0.125,Standard,0.8284,40.8,16.6,46.8,0.3718,0.4327,1
Air,South_Asia,East_Asia,8689.4,42.1,24.3,0.5772,High,0.7014,34.9,43.2,6.9,0.4426,0.9433,1
Road,North_America,North_America,855.0,25.3,19.0,0.751,Standard,0.87,86.5,17.6,34.0,0.1136,0.6832,1
Air,East_Asia,Latin_America,15000.0,37.1,22.3,0.6011,Standard,0.7635,25.0,81.6,46.7,0.513,0.9462,1
Ocean,East_Asia,Oceania,10970.3,436.0,284.4,0.6523,Standard,0.9606,7.1,45.8,13.3,0.5886,0.5737,1
Rail,East_Asia,Europe,3049.8,101.5,52.5,0.5172,High,0.8998,36.1,24.6,2.4,0.05,0.905,0
Ocean,East_Asia,Middle_East,17025.3,620.6,413.5,0.6663,High,0.99,34.5,24.7,43.7,0.3506,0.5635,1
Air,North_America,East_Asia,6208.6,22.7,6.4,0.2819,Standard,0.7672,29.8,23.0,7.4,0.6198,0.5094,1
Road,Europe,Europe,1744.2,34.0,20.8,0.6118,Standard,0.8816,100.0,49.3,50.4,0.1499,0.2817,1
Road,Europe,Europe,892.8,28.2,6.8,0.2411,Urgent,0.7945,23.8,37.6,7.5,0.0739,0.6203,1
Rail,North_America,North_America,3029.4,78.0,53.2,0.6821,High,0.761,46.2,38.2,35.0,0.1507,0.2733,1
Road,Europe,Europe,1285.8,28.0,6.4,0.2286,High,0.8044,70.3,14.9,15.8,0.0281,0.0812,1
Road,North_America,North_America,2342.8,44.2,9.3,0.2104,Urgent,0.8648,49.7,30.0,12.0,0.1082,0.3053,1
Rail,Europe,North_America,2723.8,69.4,60.7,0.8746,Standard,0.6581,28.2,29.9,35.1,0.3998,0.8759,1
Road,East_Asia,North_America,2275.2,44.5,42.0,0.9438,Standard,0.8405,53.9,12.3,12.4,0.472,0.534,1
Air,Europe,Oceania,8817.4,31.3,1.7,0.0543,Urgent,0.9099,37.4,42.8,24.4,0.5482,0.3092,1
Ocean,East_Asia,Middle_East,8886.8,336.8,108.3,0.3216,Standard,0.7886,12.4,98.8,31.8,0.3479,0.3301,1
Ocean,Europe,Europe,9381.0,373.8,49.2,0.1316,Urgent,0.9085,69.6,15.4,32.7,0.1514,0.2192,1
Air,Middle_East,Oceania,6914.4,30.6,29.6,0.9673,Standard,0.99,58.0,45.2,100.0,0.5943,0.6629,1
Air,Southeast_Asia,Middle_East,9214.9,31.1,20.9,0.672,Standard,0.8614,22.1,18.4,19.4,0.3208,0.5712,1
Road,Europe,Europe,1492.1,35.2,8.0,0.2273,Standard,0.783,46.0,15.0,25.2,0.02,0.054,0
Ocean,East_Asia,Middle_East,10447.1,363.9,72.3,0.1987,Standard,0.9853,17.4,18.5,11.1,0.7302,0.8855,1
Ocean,Europe,North_America,14589.3,543.5,129.4,0.2381,High,0.7839,8.7,33.2,18.3,0.09,0.1915,1
Ocean,Europe,Oceania,13293.5,466.3,449.1,0.9631,High,0.8547,38.2,43.1,31.6,0.3316,0.9337,1
Air,South_Asia,Oceania,7038.6,28.3,3.6,0.1272,High,0.9094,14.5,52.7,33.0,0.5054,0.976,1
Rail,Europe,North_America,4178.9,117.9,87.1,0.7388,Urgent,0.8719,46.9,18.3,24.7,0.3248,0.115,0
Ocean,South_Asia,Latin_America,14280.9,499.8,212.7,0.4256,Standard,0.8723,61.2,38.7,32.8,0.706,0.4981,1
Air,East_Asia,Latin_America,8613.1,32.3,26.6,0.8235,Standard,0.9326,43.1,30.8,19.6,0.4042,0.6231,1
Ocean,East_Asia,Middle_East,13218.4,492.3,300.1,0.6096,Standard,0.9107,29.0,6.7,33.8,0.4966,0.6462,1
Road,North_America,North_America,752.2,26.1,6.9,0.2644,Standard,0.7918,25.7,33.2,25.6,0.0827,0.3132,1
Ocean,Southeast_Asia,Oceania,11457.5,448.9,97.7,0.2176,Standard,0.99,72.4,16.3,39.2,0.1483,0.9537,1
Ocean,South_Asia,Oceania,7996.4,289.6,163.4,0.5642,Urgent,0.9253,29.8,25.3,18.3,0.2551,0.6401,1
Road,Latin_America,Latin_America,1488.0,30.1,4.7,0.1561,High,0.9342,20.0,33.4,34.6,0.0608,0.749,1
Road,North_America,Latin_America,1837.8,36.2,9.3,0.2569,High,0.99,25.2,3.8,40.8,0.6649,0.1626,1
Ocean,Southeast_Asia,Latin_America,9574.7,347.3,62.2,0.1791,High,0.8466,7.2,28.3,30.5,0.5527,0.9796,1
Road,Latin_America,Europe,1011.1,26.0,5.3,0.2038,High,0.6582,25.6,26.6,25.0,0.4959,0.5973,1
Rail,South_Asia,South_Asia,4251.7,132.8,97.4,0.7334,Standard,0.9585,32.3,85.4,12.8,0.1727,0.9026,1
Ocean,Southeast_Asia,North_America,8977.0,353.7,123.2,0.3483,Standard,0.772,18.8,23.8,19.0,0.3908,0.9222,1
Road,East_Asia,North_America,444.2,16.3,12.9,0.7914,High,0.8192,40.7,66.9,27.1,0.2316,0.7042,1
Air,Europe,East_Asia,4108.3,33.4,12.2,0.3653,Standard,0.916,37.9,16.5,14.9,0.8629,0.0567,1
Air,Middle_East,North_America,6490.9,30.0,24.0,0.8,Standard,0.7223,20.9,65.5,20.5,0.4261,0.4048,1
Road,Latin_America,Latin_America,1995.3,36.1,34.1,0.9446,Standard,0.7608,26.9,26.9,15.5,0.1829,0.1272,1
Ocean,East_Asia,Europe,6152.3,238.4,122.5,0.5138,Urgent,0.9349,7.0,76.8,26.0,0.5466,0.2431,1
Road,East_Asia,East_Asia,413.5,11.3,9.3,0.823,Urgent,0.99,19.5,17.4,24.5,0.1057,0.886,0
Ocean,Europe,Europe,7223.7,305.7,154.6,0.5057,High,0.6517,21.0,21.0,26.2,0.2273,0.386,1
Road,Latin_America,Latin_America,977.6,26.3,10.2,0.3878,Standard,0.809,39.2,49.2,11.5,0.1013,0.2572,0
Ocean,Europe,Latin_America,12192.1,451.3,127.7,0.283,Standard,0.8782,46.6,48.9,42.0,0.2267,0.9241,1
Ocean,Europe,Oceania,15381.2,569.7,463.4,0.8134,Standard,0.6805,24.3,21.4,52.4,0.4355,0.8992,1
Ocean,East_Asia,Latin_America,10412.2,415.3,210.6,0.5071,Standard,0.8133,22.6,32.6,42.0,0.1674,0.1877,1
Ocean,Europe,Latin_America,11816.4,443.9,124.6,0.2807,High,0.7624,55.1,77.4,14.0,0.4875,0.6509,1
Rail,South_Asia,South_Asia,3506.8,108.7,34.9,0.3211,High,0.99,70.4,55.7,21.9,0.1281,0.1619,1
Rail,East_Asia,East_Asia,3257.7,97.3,75.8,0.779,Standard,0.6407,80.7,39.5,23.2,0.0402,0.3275,1
Rail,Europe,Europe,3940.5,100.6,51.4,0.5109,Standard,0.8077,26.1,24.3,18.7,0.1211,0.0738,0
Ocean,Europe,Oceania,17382.4,626.5,253.6,0.4048,High,0.7741,16.5,32.0,3.5,0.4044,0.5125,1
Ocean,East_Asia,Oceania,7373.6,297.5,222.9,0.7492,High,0.8639,23.3,26.1,17.7,0.4667,0.7617,1
Air,East_Asia,Oceania,9405.0,48.2,13.0,0.2697,Standard,0.9697,16.7,38.4,47.5,0.4094,0.5795,1
Rail,North_America,Europe,2483.5,89.5,52.4,0.5855,Standard,0.8744,64.3,15.3,23.9,0.4028,0.5464,1
Rail,Europe,North_America,6302.1,168.6,163.5,0.9698,Standard,0.6859,43.2,19.1,12.1,0.05,0.7677,1
Ocean,East_Asia,North_America,13303.3,461.8,202.7,0.4389,Standard,0.8699,12.8,36.5,22.7,0.2811,0.5897,1
Air,South_Asia,Middle_East,6070.8,28.2,4.4,0.156,Standard,0.5812,8.7,44.6,20.5,0.3277,0.5396,1
Ocean,South_Asia,Latin_America,11309.5,409.1,120.3,0.2941,Standard,0.8423,49.6,20.8,37.1,0.6432,0.7454,1
Rail,South_Asia,South_Asia,3256.2,77.8,29.3,0.3766,Standard,0.8134,29.0,23.0,15.4,0.2645,0.5226,1
Rail,South_Asia,North_America,3919.6,117.1,59.6,0.509,Standard,0.99,54.3,53.0,32.4,0.3686,0.7345,1
Rail,Europe,Europe,5590.6,131.4,64.3,0.4893,Urgent,0.9138,13.5,24.9,3.2,0.1548,0.7394,0
Road,East_Asia,North_America,1174.8,27.3,22.8,0.8352,Standard,0.763,26.8,53.4,8.7,0.3161,0.4625,1
Rail,North_America,North_America,3412.6,98.0,18.0,0.1837,High,0.9714,10.6,23.0,35.3,0.1292,0.5964,1
Ocean,Europe,Europe,15251.6,550.6,264.8,0.4809,Standard,0.7703,62.2,39.1,20.0,0.0854,0.209,1
Road,North_America,Europe,762.6,25.0,17.8,0.712,Standard,0.7454,23.9,20.7,29.4,0.535,0.3411,1
Air,Europe,East_Asia,4688.5,27.3,25.5,0.9341,Standard,0.9552,29.8,14.2,69.6,0.9176,0.5616,1
Ocean,Europe,Europe,10449.3,368.8,222.2,0.6025,High,0.6231,41.0,49.8,24.5,0.1436,0.7024,1
Ocean,Southeast_Asia,Latin_America,11537.7,440.4,275.9,0.6265,High,0.7098,66.9,24.2,51.9,0.2629,0.9088,1
Road,Latin_America,Latin_America,1943.1,43.3,41.2,0.9515,High,0.9179,26.3,44.2,11.0,0.1544,0.718,1
Road,Europe,Europe,945.7,18.1,17.3,0.9558,Standard,0.7363,70.5,22.3,1.1,0.3265,0.2031,1
Ocean,Southeast_Asia,Latin_America,13744.8,488.1,326.8,0.6695,High,0.9563,29.0,20.3,36.0,0.3964,0.836,1
Ocean,Southeast_Asia,North_America,8097.5,318.1,271.1,0.8522,Standard,0.6511,26.1,41.0,37.0,0.2738,0.3546,1
Ocean,Southeast_Asia,Oceania,10721.7,406.6,32.0,0.0787,Standard,0.7519,29.0,19.5,27.8,0.29,0.7235,1
Road,Latin_America,Latin_America,3282.7,58.5,3.7,0.0632,Standard,0.8796,20.5,55.8,49.2,0.1413,0.2042,1
Road,East_Asia,East_Asia,1366.8,27.5,2.1,0.0764,Standard,0.99,69.8,28.6,13.7,0.1904,0.2235,1
Air,Southeast_Asia,North_America,7415.7,45.4,19.5,0.4295,High,0.8995,46.7,22.1,12.8,0.2255,0.2855,1
Air,East_Asia,North_America,6546.3,21.2,18.9,0.8915,High,0.7115,21.6,5.4,84.7,0.6226,0.8269,1
Rail,East_Asia,East_Asia,6148.5,154.6,62.3,0.403,Standard,0.8765,18.3,10.1,19.1,0.094,0.4584,1
Air,East_Asia,Oceania,9802.6,38.3,14.6,0.3812,Standard,0.645,75.9,49.4,19.3,0.56,0.4687,1
Road,Latin_America,North_America,1605.4,35.7,9.7,0.2717,Standard,0.9238,28.8,46.6,45.3,0.2371,0.4961,1
Rail,North_America,North_America,500.0,22.6,9.1,0.4027,Standard,0.8342,27.9,11.0,37.6,0.0937,0.8035,1
Air,Latin_America,Middle_East,8702.7,31.2,1.9,0.0609,Standard,0.99,34.6,71.1,13.3,0.2084,0.4271,1
Air,South_Asia,Middle_East,13534.3,36.6,18.1,0.4945,Standard,0.99,80.8,19.0,10.7,0.6116,0.4194,1
Road,Latin_America,Latin_America,574.7,16.1,1.1,0.0683,Standard,0.9315,37.1,31.4,7.7,0.1524,0.6894,1
Air,South_Asia,North_America,10235.0,30.7,27.2,0.886,Standard,0.7934,35.7,24.0,40.5,0.3154,0.5721,1
Ocean,South_Asia,North_America,6521.8,277.2,206.0,0.7431,High,0.8352,28.8,34.4,51.3,0.4822,0.8457,1
Ocean,South_Asia,Oceania,13943.4,502.3,307.3,0.6118,Standard,0.99,5.0,40.2,57.5,0.1591,0.536,1
Rail,Europe,Europe,3914.2,117.4,95.1,0.8101,Standard,0.7513,37.5,43.0,7.5,0.0423,0.4382,1
Rail,Europe,North_America,4856.3,132.8,115.4,0.869,Standard,0.9541,32.8,28.2,36.0,0.4554,0.6326,1
Air,Middle_East,Oceania,6688.1,27.7,14.0,0.5054,Standard,0.7689,5.8,21.7,23.8,0.5958,0.4731,1
Rail,South_Asia,South_Asia,4804.4,123.6,102.0,0.8252,High,0.9108,16.5,10.4,43.3,0.2217,0.5869,1
Ocean,Europe,Latin_America,17284.5,581.6,289.2,0.4972,High,0.9739,34.7,38.4,25.3,0.1574,0.2334,1
Air,East_Asia,Latin_America,6589.9,43.2,5.4,0.125,High,0.7894,37.6,29.9,22.7,0.2394,0.565,1
Road,Europe,Latin_America,525.9,17.3,14.9,0.8613,Urgent,0.99,30.7,55.8,11.3,0.4164,0.3338,1
Rail,North_America,North_America,3349.8,95.2,87.6,0.9202,Urgent,0.8911,36.1,17.9,37.1,0.1874,0.5161,1
Road,Latin_America,Latin_America,2640.3,50.8,18.1,0.3563,Standard,0.8694,33.3,80.0,25.3,0.2186,0.7577,1
Air,East_Asia,Europe,5742.5,29.5,11.8,0.4,Standard,0.7038,46.3,26.5,22.6,0.3952,0.8412,1
Ocean,Southeast_Asia,North_America,7060.8,264.0,135.8,0.5144,High,0.99,17.4,40.5,35.6,0.4822,0.2249,1
Road,Europe,Europe,1034.5,27.7,3.8,0.1372,Standard,0.8987,54.7,20.4,8.4,0.0569,0.7808,1
Road,East_Asia,East_Asia,1188.6,22.4,15.5,0.692,Standard,0.9461,41.3,58.8,55.5,0.1856,0.777,1
Rail,North_America,North_America,2030.1,74.1,29.4,0.3968,Standard,0.9152,8.7,27.4,12.1,0.1018,0.9607,1
Air,Southeast_Asia,North_America,8211.5,42.2,7.2,0.1706,Standard,0.8926,32.4,15.8,21.8,0.5065,0.5236,1
Ocean,Europe,Oceania,17146.7,619.5,432.8,0.6986,Standard,0.6805,9.8,7.9,63.9,0.6631,0.6694,1
Ocean,Europe,Oceania,16059.6,545.1,216.8,0.3977,High,0.5947,25.8,32.1,13.4,0.1559,0.9703,1
Rail,South_Asia,South_Asia,3522.5,109.0,74.1,0.6798,Standard,0.99,69.9,12.6,15.9,0.1333,0.2181,1
Ocean,Southeast_Asia,Latin_America,12301.3,474.3,48.8,0.1029,Standard,0.9015,39.4,34.2,13.7,0.4496,0.4366,1
Ocean,Southeast_Asia,Europe,7971.9,336.6,106.8,0.3173,High,0.9303,43.5,19.7,17.1,0.4924,0.4699,1
Road,Latin_America,Latin_America,479.9,12.7,1.4,0.1102,Standard,0.99,56.2,36.3,14.0,0.0203,0.3179,0
Air,Southeast_Asia,Latin_America,3084.1,21.3,12.2,0.5728,High,0.6513,13.4,88.6,56.3,0.208,0.1618,1
Air,Southeast_Asia,Latin_America,6132.6,32.1,13.4,0.4174,Standard,0.99,22.3,13.0,28.1,0.05,0.7255,0
Rail,East_Asia,East_Asia,3865.7,109.5,72.0,0.6575,Standard,0.9612,35.5,32.5,31.4,0.1228,0.2591,1
Road,Europe,Europe,682.8,23.0,5.3,0.2304,Urgent,0.7738,60.4,3.8,15.2,0.1856,0.9344,1
Air,South_Asia,East_Asia,5541.1,22.9,10.5,0.4585,Standard,0.9138,13.3,52.7,29.5,0.2284,0.5651,1
Road,North_America,North_America,1851.3,35.7,29.7,0.8319,High,0.8224,15.1,42.9,10.6,0.1313,0.8935,1
Road,North_America,North_America,1377.1,25.0,11.4,0.456,Standard,0.7721,9.8,14.1,100.0,0.0608,0.5706,1
Ocean,Europe,Latin_America,11076.5,385.8,158.1,0.4098,Standard,0.714,35.5,12.5,4.5,0.6893,0.1942,1
Rail,South_Asia,South_Asia,2149.3,74.5,5.3,0.0711,Standard,0.9475,31.0,7.0,11.2,0.1601,0.4305,0
Ocean,South_Asia,Latin_America,11773.7,445.1,58.2,0.1308,Standard,0.7335,6.4,72.0,30.6,0.5422,0.7741,1
Ocean,South_Asia,Middle_East,15486.7,569.4,426.7,0.7494,Urgent,0.6845,41.4,15.2,45.9,0.4578,0.4711,1
Road,East_Asia,North_America,1578.5,30.2,3.3,0.1093,Standard,0.8847,44.1,56.5,68.7,0.7228,0.4653,1
Ocean,East_Asia,Oceania,14528.2,506.5,436.8,0.8624,High,0.7974,45.1,28.1,15.1,0.6439,0.6816,1
Ocean,South_Asia,Middle_East,8182.8,346.6,122.4,0.3531,Standard,0.8341,42.7,35.3,20.6,0.5989,0.7576,1
Ocean,South_Asia,North_America,10446.6,381.3,60.1,0.1576,High,0.7676,49.3,32.9,23.1,0.4112,0.9794,1
Rail,North_America,North_America,1785.0,51.7,43.7,0.8453,Standard,0.7653,22.3,59.8,38.6,0.089,0.2297,1
Road,Europe,North_America,2012.8,40.4,5.2,0.1287,High,0.9518,55.8,44.1,30.4,0.4976,0.8603,1
Rail,Europe,North_America,3769.6,91.8,57.2,0.6231,Standard,0.7389,52.5,21.2,9.3,0.5638,0.0783,1
Ocean,Southeast_Asia,Oceania,8763.6,314.4,91.4,0.2907,High,0.9431,30.7,57.9,35.8,0.5234,0.4173,1
Ocean,East_Asia,Middle_East,7180.4,281.6,255.2,0.9062,High,0.9411,30.6,14.0,68.3,0.4591,0.7327,1
Ocean,Europe,North_America,10725.6,408.7,387.1,0.9471,Urgent,0.702,36.5,78.6,98.8,0.3873,0.7548,1
Road,Europe,Europe,1883.9,35.1,28.4,0.8091,Standard,0.8494,21.3,42.2,43.1,0.1366,0.2422,1
Ocean,South_Asia,Middle_East,8377.3,319.8,46.4,0.1451,Standard,0.888,62.9,90.6,13.2,0.1454,0.1042,1
Road,Latin_America,Latin_America,846.7,22.0,4.0,0.1818,Standard,0.99,10.3,55.9,12.4,0.0689,0.6194,0
Rail,East_Asia,East_Asia,4665.0,125.4,105.8,0.8437,Standard,0.933,64.9,64.1,29.1,0.1748,0.6161,1
Rail,Europe,East_Asia,3756.5,94.5,21.4,0.2265,High,0.8963,55.2,22.8,15.3,0.1099,0.1928,0
Rail,South_Asia,South_Asia,5082.8,145.6,92.9,0.638,Standard,0.9035,17.9,17.0,44.9,0.2751,0.7521,1
Rail,South_Asia,South_Asia,2883.1,98.1,12.5,0.1274,High,0.9788,24.3,94.0,25.5,0.0352,0.3679,1
Ocean,Europe,Latin_America,9337.6,351.3,167.7,0.4774,Standard,0.7676,21.9,24.8,41.2,0.4779,0.0895,1
Air,Europe,East_Asia,6130.5,39.4,10.5,0.2665,High,0.7084,26.1,23.7,32.8,0.1807,0.9146,1
Road,North_America,North_America,928.4,23.2,5.2,0.2241,Standard,0.7701,22.8,27.3,80.6,0.1713,0.1537,1
Air,Europe,East_Asia,5223.8,30.3,15.3,0.505,Standard,0.8225,66.4,34.9,8.6,0.5048,0.5948,1
Ocean,East_Asia,Europe,10316.2,361.6,120.9,0.3343,Standard,0.99,22.1,23.8,38.8,0.4629,0.3017,1
Road,Europe,Europe,853.8,21.1,11.3,0.5355,High,0.8218,20.3,33.7,23.8,0.1209,0.2568,1
Ocean,South_Asia,Oceania,8756.4,345.5,270.9,0.7841,High,0.9092,11.0,50.3,44.5,0.7243,0.36,1
Road,Latin_America,Latin_America,522.0,16.5,15.7,0.9515,Standard,0.8364,24.1,52.3,23.4,0.1367,0.261,1
Road,Latin_America,Latin_America,329.8,11.4,1.7,0.1491,Standard,0.6658,27.2,21.2,33.9,0.2065,0.6444,1
Ocean,Southeast_Asia,Latin_America,8205.3,317.3,238.0,0.7501,High,0.8209,100.0,53.3,59.6,0.536,0.8996,1
Ocean,Southeast_Asia,Europe,8427.4,335.7,279.8,0.8335,Standard,0.689,9.2,41.3,49.9,0.2843,0.6333,1
Ocean,South_Asia,Latin_America,9105.3,357.6,207.6,0.5805,Standard,0.8871,39.6,16.7,18.7,0.5353,0.2389,1
Ocean,Southeast_Asia,North_America,12881.7,455.5,245.7,0.5394,High,0.99,12.0,17.0,100.0,0.05,0.3085,1
Road,East_Asia,East_Asia,1986.9,40.9,18.7,0.4572,Standard,0.937,23.6,75.2,12.8,0.118,0.6744,1
Road,East_Asia,East_Asia,763.2,22.6,14.9,0.6593,High,0.8032,4.5,30.4,34.7,0.1445,0.4622,1
Road,Latin_America,Europe,351.4,13.4,2.0,0.1493,Urgent,0.8555,20.4,27.4,13.7,0.447,0.955,1
Ocean,East_Asia,Middle_East,13570.2,461.2,283.6,0.6149,Standard,0.9713,17.9,45.5,11.9,0.0757,0.9572,1
Air,Latin_America,North_America,7741.1,32.4,14.1,0.4352,Standard,0.9706,36.1,34.2,44.9,0.1907,0.9783,1
Road,Europe,Europe,441.5,20.0,16.6,0.83,Standard,0.9128,29.4,51.1,18.7,0.0711,0.5472,1
Ocean,Europe,Europe,9418.6,361.7,285.7,0.7899,Standard,0.8302,30.1,53.4,16.2,0.1596,0.5082,1
Road,North_America,North_America,1437.2,27.3,15.7,0.5751,Standard,0.7925,33.5,32.1,20.9,0.1076,0.8864,1
Ocean,Europe,North_America,10788.3,394.4,386.1,0.979,Standard,0.99,26.0,39.5,16.8,0.3089,0.9277,1
Air,North_America,Middle_East,7864.0,34.7,4.6,0.1326,High,0.99,20.0,53.8,29.2,0.3914,0.2427,1
Ocean,South_Asia,North_America,9603.7,371.7,175.0,0.4708,Standard,0.6201,8.2,29.2,30.0,0.3517,0.133,1
Rail,East_Asia,North_America,4510.0,106.5,58.3,0.5474,Standard,0.9233,85.8,27.2,12.2,0.6671,0.2789,1
Rail,East_Asia,North_America,4209.7,120.1,73.7,0.6137,Urgent,0.747,50.4,13.8,9.0,0.3726,0.8444,1
Ocean,Southeast_Asia,Latin_America,14763.3,519.9,259.9,0.4999,Standard,0.7375,30.7,37.2,7.3,0.7006,0.4383,1
Road,Europe,Latin_America,2068.0,35.8,26.2,0.7318,Standard,0.8402,10.3,91.0,19.6,0.5903,0.8248,1
Ocean,Southeast_Asia,Middle_East,10871.9,435.7,412.9,0.9477,High,0.6632,34.1,58.6,12.0,0.7358,0.1748,1
Road,Europe,Europe,1806.1,35.2,29.0,0.8239,High,0.9402,33.6,58.2,27.4,0.2452,0.8856,1
Air,Europe,North_America,7152.0,41.9,25.4,0.6062,High,0.7591,52.8,32.3,37.4,0.6583,0.1928,1
Ocean,Southeast_Asia,Europe,8512.3,310.4,38.7,0.1247,Standard,0.7381,65.5,45.0,47.6,0.5929,0.7398,1
Ocean,East_Asia,Oceania,10626.0,404.9,250.3,0.6182,Urgent,0.8976,32.8,40.0,15.0,0.6545,0.1571,1
Road,Latin_America,Latin_America,1678.5,38.5,26.4,0.6857,Standard,0.7368,44.0,43.4,35.7,0.1373,0.3498,1
Air,South_Asia,East_Asia,6189.2,28.3,24.6,0.8693,High,0.7579,18.3,45.0,36.1,0.6822,0.4163,1
Road,North_America,Europe,1511.6,37.4,10.9,0.2914,High,0.9157,35.2,45.5,20.9,0.1316,0.5971,1
Ocean,Southeast_Asia,Latin_America,3732.4,176.7,130.6,0.7391,High,0.873,31.0,42.7,11.5,0.2398,0.266,1
Air,South_Asia,East_Asia,5504.5,35.2,6.0,0.1705,High,0.99,12.4,46.9,10.5,0.98,0.8986,1
Air,Middle_East,East_Asia,3928.9,37.2,34.2,0.9194,Standard,0.9362,22.7,46.5,53.1,0.5474,0.916,1
Ocean,East_Asia,Europe,7399.2,307.1,34.9,0.1136,Standard,0.6864,60.7,30.7,21.3,0.2996,0.8782,1
Ocean,South_Asia,Oceania,13615.6,506.6,102.4,0.2021,Standard,0.7139,30.0,67.1,8.5,0.3014,0.7699,1
Rail,North_America,North_America,2624.5,68.3,56.8,0.8316,High,0.6311,22.2,68.9,12.7,0.1419,0.2605,1
Rail,Europe,Europe,2210.9,57.3,22.6,0.3944,Standard,0.9454,40.1,34.3,30.1,0.0388,0.3792,1
Ocean,East_Asia,Europe,15490.8,547.9,314.6,0.5742,Standard,0.7992,50.5,46.8,19.0,0.3418,0.4861,1
Ocean,East_Asia,North_America,9815.8,383.3,65.1,0.1698,High,0.8337,4.9,16.9,46.3,0.3511,0.2839,1
Road,Latin_America,North_America,1692.8,33.7,27.9,0.8279,High,0.9296,34.6,15.5,9.4,0.1879,0.4575,0
Road,Latin_America,Latin_America,687.7,22.5,20.7,0.92,Urgent,0.9349,41.3,23.0,35.3,0.0591,0.2,1
Air,North_America,Oceania,1250.5,18.6,13.3,0.7151,Standard,0.81,29.8,24.6,25.3,0.4902,0.2482,1
Ocean,Europe,Europe,10808.3,399.7,158.7,0.397,Standard,0.99,31.6,17.9,15.1,0.2015,0.3922,1
Ocean,East_Asia,North_America,7334.4,298.6,60.6,0.2029,Standard,0.7929,59.4,25.4,12.3,0.6371,0.6051,1
Ocean,East_Asia,Middle_East,7433.2,272.5,109.9,0.4033,Standard,0.8089,14.6,50.0,5.3,0.3638,0.4151,1
Ocean,East_Asia,North_America,15760.2,583.3,174.2,0.2986,Standard,0.8063,35.6,67.9,20.2,0.5315,0.0916,1
Ocean,Europe,Latin_America,8008.9,299.3,271.6,0.9075,Standard,0.8351,26.4,36.3,34.0,0.2443,0.8754,1
Ocean,Southeast_Asia,Oceania,11847.4,440.2,136.2,0.3094,High,0.99,51.6,54.8,31.2,0.3891,0.2787,1
Air,Middle_East,Latin_America,8176.0,36.7,11.9,0.3243,Standard,0.9469,60.0,43.9,40.6,0.3112,0.8339,1
Ocean,Europe,Europe,13923.7,522.8,63.3,0.1211,Standard,0.6268,53.0,6.3,29.9,0.1859,0.4137,1
Ocean,East_Asia,Middle_East,9368.7,337.2,122.6,0.3636,Standard,0.6965,48.9,16.6,10.6,0.1853,0.3911,1
Ocean,Southeast_Asia,Europe,9557.0,354.1,208.0,0.5874,Standard,0.9268,67.1,32.0,27.5,0.3952,0.5777,1
Ocean,Southeast_Asia,Oceania,10497.0,406.2,222.7,0.5483,High,0.771,33.6,5.9,23.9,0.4599,0.2901,1
Road,North_America,North_America,1745.8,34.4,21.6,0.6279,Standard,0.7908,30.0,31.3,9.3,0.1427,0.0654,0
Air,North_America,Europe,5342.6,38.7,21.9,0.5659,Urgent,0.807,47.7,18.2,57.0,0.6907,0.0808,1
Road,East_Asia,East_Asia,1919.8,34.0,32.6,0.9588,High,0.6706,37.2,7.5,25.4,0.02,0.888,1
Road,North_America,North_America,1405.2,36.0,14.8,0.4111,High,0.9824,62.5,33.4,24.4,0.02,0.4576,1
Rail,South_Asia,East_Asia,3641.0,119.4,44.3,0.371,Standard,0.9337,55.4,28.4,11.1,0.2344,0.3653,1
Ocean,Europe,Oceania,11438.8,431.0,228.6,0.5304,High,0.8979,44.2,23.2,29.3,0.4457,0.1771,1
Air,East_Asia,Europe,5922.8,41.4,7.7,0.186,High,0.961,32.7,26.2,6.5,0.306,0.8955,1
Rail,Europe,East_Asia,1142.9,40.4,9.6,0.2376,Standard,0.8787,15.5,13.8,21.9,0.2712,0.5396,1
Ocean,East_Asia,North_America,16042.9,547.9,170.8,0.3117,Standard,0.6633,27.6,28.2,28.1,0.1847,0.3451,1
Air,South_Asia,North_America,9792.3,41.7,35.9,0.8609,Standard,0.8132,28.9,62.6,35.1,0.05,0.4558,1
Road,Latin_America,North_America,807.3,21.7,7.3,0.3364,High,0.99,51.6,27.5,15.8,0.3055,0.3617,1
Road,Latin_America,Latin_America,752.7,19.3,5.4,0.2798,High,0.99,54.7,32.3,46.8,0.1598,0.2173,1
Ocean,East_Asia,Europe,14480.8,529.6,150.6,0.2844,High,0.7931,41.4,53.1,69.2,0.4301,0.5456,1
Ocean,Southeast_Asia,Europe,13868.3,504.6,220.0,0.436,Urgent,0.8057,24.7,27.2,13.5,0.3235,0.4332,1
Ocean,Southeast_Asia,Latin_America,11940.8,442.5,184.0,0.4158,Standard,0.7482,42.5,21.7,26.3,0.1331,0.3849,1
Air,Europe,Oceania,6288.3,40.3,20.2,0.5012,Standard,0.6703,35.7,41.2,26.2,0.4504,0.1255,1
Road,Europe,Europe,1060.1,26.5,12.6,0.4755,High,0.99,39.9,22.8,35.0,0.0654,0.2894,1
Ocean,East_Asia,Middle_East,8506.7,338.4,27.5,0.0813,Standard,0.9539,33.1,17.5,2.9,0.279,0.6543,1
Ocean,Southeast_Asia,Oceania,10707.9,377.1,271.3,0.7194,Standard,0.99,45.4,19.2,24.0,0.5167,0.9541,1
Ocean,South_Asia,Middle_East,14196.3,533.2,215.8,0.4047,High,0.8895,31.9,66.1,38.8,0.3832,0.4211,1
Air,Europe,Oceania,2617.1,18.2,7.7,0.4231,Standard,0.8036,6.1,22.6,33.6,0.4516,0.6744,1
Air,Middle_East,Latin_America,7574.9,30.0,14.2,0.4733,Standard,0.9347,74.3,11.2,15.8,0.3239,0.4904,1
Rail,North_America,North_America,1808.2,71.8,11.7,0.163,Standard,0.7488,34.8,12.1,17.9,0.1379,0.6821,1
Rail,South_Asia,South_Asia,4888.6,125.4,76.8,0.6124,Urgent,0.7911,44.7,48.7,15.2,0.1708,0.2216,1
Air,East_Asia,North_America,3790.7,27.5,2.3,0.0836,Standard,0.823,14.0,16.4,32.1,0.5214,0.9432,1
Ocean,Southeast_Asia,Latin_America,10886.1,420.2,48.0,0.1142,Standard,0.8393,51.9,39.5,35.7,0.378,0.1861,1
Ocean,South_Asia,Oceania,10114.0,398.1,90.8,0.2281,Standard,0.99,38.8,40.8,26.4,0.5097,0.4891,1
Road,Latin_America,North_America,187.1,11.6,10.6,0.9138,Standard,0.99,35.5,38.2,22.5,0.437,0.18,1
Air,Southeast_Asia,Oceania,8593.6,43.8,14.9,0.3402,Standard,0.8634,67.9,43.5,12.0,0.5803,0.287,1
Air,North_America,Oceania,12914.2,38.4,14.6,0.3802,High,0.7907,21.0,16.5,22.8,0.5208,0.0981,1
Road,Latin_America,Europe,1616.8,27.3,18.6,0.6813,Standard,0.8168,42.9,14.8,13.8,0.2876,0.497,1
Air,South_Asia,East_Asia,7696.1,46.1,13.3,0.2885,High,0.8991,45.0,32.3,11.3,0.7276,0.2491,1
Ocean,South_Asia,Oceania,4825.9,224.0,179.1,0.7996,High,0.9632,51.1,10.1,8.2,0.2847,0.4718,1
Ocean,Europe,North_America,13265.4,493.2,246.2,0.4992,High,0.7345,61.9,37.3,39.2,0.4976,0.1068,1
Road,North_America,North_America,1725.0,36.8,9.2,0.25,Standard,0.8392,55.1,23.5,5.0,0.1992,0.9542,1
Air,East_Asia,North_America,6249.1,33.4,15.9,0.476,High,0.9787,32.4,18.2,22.5,0.5226,0.6608,1
Ocean,East_Asia,Europe,15296.4,529.0,213.2,0.403,Standard,0.7023,23.0,19.0,57.7,0.3198,0.6953,1
Ocean,Europe,Middle_East,3500.0,187.1,100.5,0.5371,Standard,0.7739,43.6,27.9,28.3,0.4394,0.8779,1
Air,Southeast_Asia,Oceania,5206.8,26.5,21.9,0.8264,High,0.9293,19.7,11.4,10.1,0.6183,0.1531,1
Ocean,Europe,Europe,12284.4,475.3,384.6,0.8092,Standard,0.9247,26.5,56.8,29.1,0.1596,0.3269,1
Road,North_America,North_America,1474.1,32.0,27.0,0.8438,Urgent,0.8406,36.0,10.2,9.7,0.1607,0.0779,0
Road,Latin_America,Latin_America,1231.5,23.1,9.7,0.4199,Standard,0.99,22.8,57.8,54.1,0.1962,0.5073,1
Air,Middle_East,North_America,8792.3,31.9,14.0,0.4389,High,0.6756,50.3,34.0,27.9,0.2667,0.789,1
Road,North_America,North_America,1418.3,25.6,8.5,0.332,Standard,0.7525,38.2,11.5,37.5,0.0367,0.6193,1
Road,Europe,North_America,1668.7,28.9,10.9,0.3772,Standard,0.9413,29.9,39.5,28.1,0.05,0.761,1
Ocean,East_Asia,Europe,9933.8,380.0,344.8,0.9074,High,0.8295,46.8,20.8,8.7,0.4142,0.3727,1
Ocean,East_Asia,Middle_East,9562.8,386.6,223.6,0.5784,Urgent,0.9684,22.9,42.2,21.4,0.1262,0.1431,1
Road,East_Asia,Europe,1454.9,31.1,26.0,0.836,High,0.99,30.9,16.1,11.6,0.3759,0.164,0
Ocean,Southeast_Asia,Oceania,8223.3,304.8,29.8,0.0978,Standard,0.9786,59.1,65.9,38.7,0.3072,0.2731,1
Road,East_Asia,Europe,1194.0,28.2,25.1,0.8901,High,0.7421,67.0,18.9,23.7,0.1999,0.7101,1
Ocean,Europe,Europe,13913.5,517.3,450.8,0.8714,High,0.8213,31.7,25.5,55.8,0.1245,0.4792,1
Rail,Europe,Europe,1723.9,52.2,48.9,0.9368,Urgent,0.5954,28.1,16.8,4.6,0.0512,0.5858,1
Ocean,East_Asia,Europe,10573.8,412.9,252.0,0.6103,Standard,0.6271,25.0,43.8,22.0,0.369,0.4194,1
Rail,South_Asia,South_Asia,1149.6,67.0,37.4,0.5582,High,0.8659,34.2,4.6,58.1,0.0946,0.9021,1
Ocean,East_Asia,Oceania,11096.4,419.8,172.9,0.4119,Standard,0.904,24.4,40.5,16.0,0.2837,0.471,1
Air,South_Asia,Middle_East,4229.8,26.9,16.2,0.6022,High,0.8109,5.5,60.9,54.0,0.6086,0.0971,1
Rail,North_America,Europe,5499.2,133.5,41.0,0.3071,Standard,0.8589,7.6,33.1,18.1,0.3359,0.601,1
Ocean,South_Asia,Middle_East,19218.8,691.5,502.5,0.7267,Standard,0.7574,65.0,18.9,35.9,0.2917,0.5326,1
Ocean,Europe,Middle_East,12838.1,440.6,51.2,0.1162,Standard,0.7717,22.3,18.0,18.1,0.1732,0.9176,1
Air,Southeast_Asia,Oceania,4828.3,40.4,3.4,0.0842,Standard,0.6722,21.0,49.9,44.1,0.6128,0.5926,1
Rail,North_America,North_America,4025.9,113.2,71.3,0.6299,Urgent,0.774,44.3,56.1,56.4,0.1254,0.23,1
Road,North_America,North_America,288.1,19.3,1.6,0.0829,High,0.9629,58.7,24.1,17.9,0.1688,0.4725,1
Air,North_America,Oceania,7420.5,34.7,5.0,0.1441,Standard,0.99,100.0,35.6,27.5,0.4284,0.6429,1
Road,North_America,North_America,803.8,19.7,7.6,0.3858,Urgent,0.908,39.6,28.5,12.3,0.02,0.9069,1
Rail,South_Asia,East_Asia,2919.9,83.2,68.5,0.8233,Standard,0.9319,3.7,19.0,45.7,0.2327,0.8771,1
Ocean,South_Asia,Oceania,17693.4,609.7,468.4,0.7682,Standard,0.981,13.3,24.6,30.1,0.1741,0.8618,1
Rail,North_America,North_America,6589.4,176.5,140.0,0.7932,Standard,0.7259,36.5,72.7,12.3,0.0915,0.2263,1
Air,South_Asia,East_Asia,7622.8,42.8,38.0,0.8879,Standard,0.9119,53.0,24.5,66.4,0.3079,0.5953,1
Ocean,East_Asia,Latin_America,15416.8,548.2,306.0,0.5582,Standard,0.6401,19.0,8.0,9.8,0.587,0.9325,1
Air,Middle_East,Latin_America,8891.7,41.7,30.4,0.729,Standard,0.9785,13.3,29.9,52.8,0.3374,0.5002,1
Ocean,Europe,Latin_America,7858.1,301.6,275.6,0.9138,Standard,0.9271,55.0,79.9,7.2,0.3753,0.3439,1
Air,Southeast_Asia,Oceania,7298.5,36.8,33.5,0.9103,High,0.7456,35.3,33.3,36.4,0.1367,0.9135,1
Air,East_Asia,Oceania,5133.0,32.7,18.0,0.5505,Urgent,0.8785,20.3,11.5,32.0,0.6484,0.3814,1
Road,Latin_America,North_America,970.1,26.7,23.0,0.8614,Standard,0.8734,6.7,12.1,18.9,0.3339,0.7326,0
Ocean,East_Asia,Latin_America,14555.5,521.7,36.1,0.0692,Standard,0.6886,10.3,9.5,10.7,0.5388,0.3097,1
Air,Southeast_Asia,Oceania,7870.3,29.6,1.9,0.0642,High,0.9254,13.7,25.7,27.2,0.6773,0.1111,1
Air,Southeast_Asia,Europe,7308.0,28.2,3.1,0.1099,Standard,0.7267,48.0,24.2,41.4,0.4231,0.7023,1
Road,Europe,Europe,839.7,25.0,21.3,0.852,Standard,0.9544,9.0,81.0,33.6,0.1374,0.7928,1
Ocean,South_Asia,Middle_East,10387.7,373.7,123.5,0.3305,Standard,0.8829,38.4,50.2,41.4,0.1736,0.3457,1
Road,North_America,North_America,1712.4,29.7,9.4,0.3165,Standard,0.8126,23.2,81.9,26.8,0.1306,0.2515,1
Ocean,Southeast_Asia,Europe,15195.0,520.8,445.8,0.856,High,0.927,12.3,35.3,31.5,0.6008,0.8546,1
Ocean,South_Asia,Latin_America,14476.3,525.8,487.0,0.9262,High,0.7578,15.4,100.0,80.0,0.2902,0.7706,1
Ocean,South_Asia,North_America,13268.0,501.0,388.4,0.7752,Standard,0.99,49.7,48.8,34.5,0.2418,0.6337,1
Rail,East_Asia,East_Asia,4002.4,122.6,102.3,0.8344,High,0.687,40.9,14.6,16.4,0.0377,0.1223,1
Air,Europe,Middle_East,11353.3,50.1,9.5,0.1896,Standard,0.5773,98.1,12.2,51.8,0.259,0.695,1
Ocean,East_Asia,Latin_America,16054.2,563.8,538.1,0.9544,High,0.8725,31.3,5.2,8.5,0.7265,0.2591,1
Rail,East_Asia,Europe,2658.2,95.0,52.9,0.5568,Standard,0.8299,10.2,40.7,20.6,0.1434,0.2463,0
Ocean,South_Asia,Latin_America,10855.7,410.9,261.4,0.6362,Standard,0.9558,22.2,50.5,2.9,0.5742,0.1826,1
Road,North_America,Europe,2129.4,41.2,23.9,0.5801,Standard,0.9533,36.3,28.6,31.8,0.3232,0.6117,1
Rail,North_America,North_America,2620.7,91.2,27.5,0.3015,Standard,0.8842,68.1,38.6,15.4,0.0222,0.7359,1
Ocean,East_Asia,North_America,11852.2,433.5,213.6,0.4927,Standard,0.6135,18.0,31.8,17.4,0.2722,0.1995,1
Ocean,East_Asia,Europe,10272.9,396.6,139.5,0.3517,Standard,0.9041,46.1,20.5,18.3,0.1077,0.5193,1
Air,Middle_East,North_America,9576.9,30.8,23.7,0.7695,Urgent,0.9549,48.3,47.9,1.1,0.4337,0.1006,1
Road,North_America,North_America,737.8,23.5,10.8,0.4596,Standard,0.8528,15.4,66.2,40.0,0.1872,0.4931,1
Air,Middle_East,Oceania,5450.8,31.8,10.0,0.3145,Urgent,0.8734,5.0,56.1,69.8,0.3948,0.4458,1
Ocean,East_Asia,Europe,14266.4,524.7,388.0,0.7395,Urgent,0.9134,22.5,75.1,17.4,0.6274,0.8799,1
Ocean,Southeast_Asia,Oceania,14260.0,482.0,245.3,0.5089,Standard,0.8847,15.4,45.7,15.7,0.1527,0.0903,1
Air,Middle_East,East_Asia,3665.3,17.0,2.1,0.1235,Standard,0.8396,83.2,63.4,30.2,0.1541,0.7351,1
Ocean,Southeast_Asia,Oceania,13336.5,494.4,182.6,0.3693,High,0.8218,51.1,81.2,9.5,0.392,0.6506,1
Air,South_Asia,Oceania,7018.7,44.4,30.3,0.6824,Standard,0.7648,38.3,14.9,59.1,0.4772,0.3926,1
Ocean,Europe,Europe,16802.8,606.8,269.5,0.4441,Standard,0.99,23.7,39.2,25.8,0.0852,0.436,1
Rail,South_Asia,South_Asia,3663.3,104.0,60.5,0.5817,High,0.9128,36.3,66.3,39.5,0.1457,0.465,1
Rail,Europe,North_America,4847.8,140.7,88.9,0.6318,High,0.9459,7.8,11.6,30.8,0.0645,0.3757,0
Road,East_Asia,North_America,1834.7,32.4,2.8,0.0864,Standard,0.707,43.3,72.3,35.8,0.3833,0.7485,1
Ocean,East_Asia,Oceania,9095.0,320.8,210.8,0.6571,Standard,0.8956,19.7,11.1,14.0,0.3512,0.4228,0
Ocean,South_Asia,North_America,13231.1,490.0,261.7,0.5341,Standard,0.9184,23.0,14.3,25.4,0.6694,0.4134,1
Rail,North_America,North_America,6658.7,146.5,106.1,0.7242,High,0.6746,24.6,16.5,38.8,0.1163,0.2278,1
Air,South_Asia,Latin_America,11932.9,35.6,25.4,0.7135,Standard,0.8725,8.5,23.0,10.6,0.4553,0.3754,1
Road,Europe,Europe,1359.9,32.3,22.1,0.6842,High,0.8398,11.2,100.0,44.9,0.0262,0.5233,1
Ocean,Southeast_Asia,Middle_East,5861.9,248.1,148.3,0.5977,High,0.99,32.7,59.4,19.3,0.3761,0.5346,1
Road,North_America,North_America,332.6,10.4,4.0,0.3846,High,0.99,36.6,47.0,3.7,0.0588,0.2149,0
Ocean,Europe,North_America,8358.3,301.5,146.0,0.4842,Standard,0.8147,27.4,41.7,33.6,0.1379,0.065,1
Road,North_America,North_America,413.6,17.4,14.7,0.8448,High,0.7999,23.8,20.8,11.5,0.1087,0.9287,0
Ocean,Europe,Europe,12813.5,439.3,128.1,0.2916,Standard,0.7005,28.5,61.0,12.4,0.1198,0.6733,1
Air,East_Asia,Middle_East,7392.2,30.8,8.4,0.2727,Standard,0.5757,31.3,26.6,39.1,0.6574,0.8223,1
Road,Europe,Europe,2057.6,35.8,18.5,0.5168,High,0.99,26.2,90.9,14.2,0.0375,0.5759,1
Ocean,Southeast_Asia,Oceania,14605.4,513.3,436.7,0.8508,Standard,0.6962,63.2,23.1,8.7,0.3718,0.5177,1
Ocean,East_Asia,Europe,12832.6,438.9,283.9,0.6468,Standard,0.8988,35.4,42.4,14.6,0.8242,0.6598,1
Ocean,East_Asia,Latin_America,11143.4,409.0,223.9,0.5474,High,0.99,14.9,6.8,22.6,0.3295,0.8364,1
Ocean,South_Asia,Oceania,12229.2,478.1,42.1,0.0881,Standard,0.9376,34.8,10.3,52.9,0.0814,0.912,1
Ocean,Europe,Oceania,12907.4,447.6,357.9,0.7996,High,0.8398,93.2,33.2,58.7,0.4487,0.0569,1
Ocean,Southeast_Asia,Latin_America,8832.7,332.4,102.3,0.3078,Standard,0.8279,33.2,76.3,12.5,0.4532,0.4638,1
Ocean,Southeast_Asia,Middle_East,8387.2,345.2,134.3,0.389,Urgent,0.5453,42.5,68.3,32.3,0.5331,0.436,1
Air,Middle_East,Oceania,6040.8,30.3,5.9,0.1947,High,0.8255,59.6,36.5,23.8,0.3891,0.9374,1
Air,South_Asia,East_Asia,8225.8,35.7,24.2,0.6779,Standard,0.6427,16.0,20.0,49.9,0.3304,0.1529,1
Road,North_America,North_America,544.6,13.8,6.8,0.4928,Standard,0.99,40.7,23.7,34.2,0.2064,0.2701,1
Road,Europe,North_America,1298.5,25.9,7.5,0.2896,Standard,0.9893,26.8,41.1,14.7,0.3688,0.4299,1
Ocean,Southeast_Asia,Oceania,11023.1,405.7,238.3,0.5874,Standard,0.6003,34.1,44.8,15.5,0.1205,0.534,1
Air,North_America,Europe,12607.4,42.0,30.2,0.719,Standard,0.99,20.1,42.2,17.2,0.3028,0.367,1
Rail,North_America,North_America,3786.7,102.3,23.6,0.2307,Urgent,0.7361,20.1,30.3,28.6,0.0561,0.3362,1
Air,Europe,Latin_America,7103.0,32.3,19.0,0.5882,Standard,0.6606,62.0,34.5,18.5,0.3685,0.5716,1
Air,East_Asia,Middle_East,8337.6,26.2,19.8,0.7557,Standard,0.9788,33.2,65.7,12.8,0.6591,0.119,1
Air,East_Asia,Latin_America,5872.2,21.5,4.6,0.214,High,0.8612,12.9,84.1,56.8,0.2079,0.5841,1
Road,North_America,North_America,876.0,27.2,11.6,0.4265,Standard,0.7111,9.5,48.8,12.6,0.2333,0.6974,1
Air,North_America,East_Asia,2070.4,21.5,12.8,0.5953,Standard,0.6394,16.8,19.4,12.5,0.5815,0.7133,1
Road,East_Asia,East_Asia,1237.7,27.0,17.8,0.6593,Standard,0.99,19.9,100.0,39.1,0.096,0.2227,1
Ocean,East_Asia,Europe,14118.1,532.4,115.2,0.2164,Urgent,0.8825,8.2,54.2,14.8,0.5565,0.8182,1
Ocean,Southeast_Asia,North_America,10919.2,400.7,63.2,0.1577,Standard,0.7349,52.8,50.0,46.4,0.0744,0.7625,1
Ocean,South_Asia,North_America,13636.3,470.0,135.8,0.2889,Standard,0.5977,27.7,24.5,54.6,0.3761,0.9329,1
Rail,South_Asia,East_Asia,3770.5,116.7,15.8,0.1354,Urgent,0.6337,30.2,56.3,22.6,0.4541,0.2431,1
Road,East_Asia,Latin_America,1187.3,27.4,10.2,0.3723,High,0.8564,38.6,14.9,53.1,0.7322,0.1035,1
Ocean,Europe,Oceania,8835.5,362.0,193.4,0.5343,High,0.7451,23.7,58.7,10.1,0.5238,0.2177,1
Ocean,Southeast_Asia,Middle_East,9227.9,370.2,242.2,0.6542,High,0.99,25.2,21.7,10.0,0.6708,0.662,1
Rail,South_Asia,South_Asia,3943.7,113.9,37.7,0.331,High,0.8026,22.9,24.2,26.1,0.2203,0.2657,1
Rail,Europe,Europe,3379.1,112.9,62.2,0.5509,High,0.8433,57.7,28.1,38.7,0.0745,0.7194,1
Road,Europe,Europe,1175.0,30.3,24.9,0.8218,Standard,0.6181,13.7,22.6,49.1,0.1542,0.9289,1
Road,Latin_America,Latin_America,2341.9,37.7,22.1,0.5862,High,0.8577,76.1,50.0,17.6,0.1117,0.1408,1
Road,North_America,North_America,1341.3,24.6,1.5,0.061,High,0.6798,4.3,15.1,30.3,0.0771,0.418,1
Ocean,Southeast_Asia,Oceania,14637.2,506.5,273.9,0.5408,Standard,0.8196,27.6,33.7,9.3,0.1462,0.1991,1
Ocean,East_Asia,Europe,15435.1,549.1,395.8,0.7208,Standard,0.99,36.8,24.5,37.9,0.5547,0.2909,1
Road,East_Asia,East_Asia,2265.6,45.7,16.3,0.3567,Standard,0.8133,25.4,49.6,7.7,0.1372,0.6004,1
Ocean,South_Asia,Middle_East,10656.1,392.5,299.2,0.7623,Standard,0.9837,40.4,42.9,11.4,0.4211,0.4392,1
Road,North_America,Latin_America,960.0,23.5,4.0,0.1702,High,0.8487,72.6,62.6,28.7,0.6329,0.2634,1
Road,Latin_America,North_America,1621.4,28.3,12.9,0.4558,High,0.8243,42.6,53.4,8.0,0.4154,0.4719,1
Ocean,Southeast_Asia,Europe,9802.6,385.1,358.6,0.9312,Standard,0.9019,52.6,11.6,29.5,0.3648,0.8372,1
Ocean,Europe,Middle_East,9969.2,355.1,33.0,0.0929,Standard,0.85,39.8,17.0,32.6,0.3875,0.9493,1
Ocean,South_Asia,Europe,8507.6,302.6,103.5,0.342,Urgent,0.99,38.3,18.2,74.8,0.2806,0.7867,1
Road,East_Asia,East_Asia,2738.8,43.4,21.4,0.4931,Standard,0.8793,100.0,9.7,26.0,0.0623,0.2627,1
Ocean,Southeast_Asia,Oceania,8225.2,312.3,188.9,0.6049,High,0.6867,44.6,85.8,18.0,0.1742,0.8366,1
Air,Latin_America,Europe,5937.7,21.7,2.2,0.1014,Standard,0.7278,7.1,53.1,15.1,0.3782,0.2403,1
Air,Europe,Middle_East,5354.2,25.0,5.4,0.216,Standard,0.99,23.9,46.2,12.3,0.1268,0.7571,1
Ocean,Europe,Oceania,5746.9,261.7,82.4,0.3149,Standard,0.8951,32.4,57.5,39.9,0.4784,0.4698,1
Ocean,Europe,North_America,9719.8,345.7,315.0,0.9112,Standard,0.99,79.5,37.5,21.4,0.6781,0.2469,1
Air,Southeast_Asia,Europe,5873.8,36.9,12.6,0.3415,Standard,0.7495,28.3,11.1,6.5,0.5679,0.1363,1
Road,North_America,North_America,925.2,23.7,8.5,0.3586,High,0.8568,26.0,23.7,28.1,0.0414,0.252,0
Ocean,East_Asia,North_America,9537.5,392.8,382.7,0.9743,Urgent,0.8912,22.4,41.2,39.3,0.6541,0.9005,1
Road,Latin_America,Latin_America,1400.1,29.7,18.1,0.6094,Standard,0.7774,38.6,12.2,28.3,0.1,0.5842,1
Air,Southeast_Asia,Latin_America,7049.0,32.5,21.5,0.6615,Standard,0.4555,37.5,41.7,30.6,0.2389,0.7341,1
Ocean,South_Asia,Middle_East,10660.5,402.8,354.8,0.8808,Standard,0.7354,11.7,72.1,18.6,0.05,0.2089,1
Air,Southeast_Asia,Europe,8325.1,43.1,6.0,0.1392,Standard,0.7062,23.1,37.7,4.7,0.581,0.7323,1
Rail,North_America,North_America,3376.2,81.3,32.7,0.4022,Standard,0.7989,17.6,29.3,28.6,0.02,0.9493,1
Ocean,East_Asia,North_America,8298.7,327.3,171.9,0.5252,Standard,0.8973,24.5,28.1,14.1,0.472,0.9777,1
Air,North_America,Latin_America,8280.4,41.0,25.9,0.6317,Standard,0.5441,1.8,39.8,49.4,0.2632,0.824,1
Ocean,East_Asia,Latin_America,11149.9,390.5,27.5,0.0704,High,0.6272,72.0,45.8,16.9,0.5932,0.6114,1
Road,North_America,North_America,681.7,20.0,7.2,0.36,Urgent,0.99,42.4,3.8,16.9,0.0445,0.9008,1
Rail,South_Asia,South_Asia,4841.9,111.7,17.4,0.1558,Urgent,0.9315,37.7,9.0,13.0,0.1092,0.9315,1
Air,Latin_America,Europe,7868.7,26.3,20.7,0.7871,Standard,0.8754,38.5,57.5,43.6,0.3879,0.8456,1
Rail,Europe,Europe,4419.4,129.0,75.9,0.5884,Standard,0.6848,100.0,53.5,9.4,0.1277,0.703,1
Ocean,East_Asia,Oceania,9820.3,379.6,348.9,0.9191,Standard,0.6989,22.7,19.8,41.4,0.5411,0.9588,1
Road,North_America,North_America,2284.9,43.2,23.9,0.5532,High,0.8115,36.6,13.4,31.6,0.1248,0.9523,1
Ocean,East_Asia,Latin_America,14145.7,503.0,328.3,0.6527,Standard,0.9127,100.0,32.3,63.9,0.535,0.3813,1
Ocean,Europe,Europe,6490.6,285.2,115.7,0.4057,High,0.99,20.7,50.6,58.2,0.1966,0.872,1
Rail,East_Asia,Europe,5981.8,145.7,80.0,0.5491,High,0.7883,18.9,5.4,19.6,0.3571,0.1245,0
Ocean,Southeast_Asia,Oceania,13177.5,477.8,99.6,0.2085,Standard,0.9121,57.3,43.4,32.9,0.7118,0.8456,1
Air,Middle_East,East_Asia,3582.6,31.4,24.7,0.7866,Standard,0.7788,63.8,36.3,23.1,0.4525,0.805,1
Rail,East_Asia,Europe,6298.2,138.1,48.8,0.3534,High,0.7861,22.7,45.3,25.4,0.1092,0.2439,1
Ocean,Europe,Oceania,9415.0,385.0,76.2,0.1979,Standard,0.99,29.6,34.3,22.1,0.3987,0.9084,1
Air,South_Asia,Middle_East,6917.4,31.2,22.0,0.7051,High,0.9819,56.3,48.9,31.6,0.5005,0.3016,1
Ocean,Southeast_Asia,Middle_East,8077.4,289.3,32.4,0.112,Standard,0.7559,26.3,21.2,21.1,0.5566,0.4631,1
Ocean,Europe,Latin_America,13794.5,484.5,405.8,0.8376,High,0.6338,28.9,24.7,34.0,0.3054,0.942,1
Ocean,East_Asia,Latin_America,14792.2,505.4,250.0,0.4947,Standard,0.5568,42.7,55.2,61.9,0.231,0.7218,1
Ocean,Southeast_Asia,North_America,10766.6,408.8,36.5,0.0893,Urgent,0.7805,15.7,37.9,48.2,0.3639,0.484,1
Ocean,East_Asia,Europe,12134.2,466.8,129.7,0.2778,Standard,0.8372,51.9,39.0,23.6,0.2588,0.7708,1
Road,North_America,Europe,587.7,22.7,20.3,0.8943,Standard,0.8047,62.0,52.8,11.0,0.1022,0.4973,1
Ocean,Europe,Latin_America,14910.7,522.7,426.3,0.8156,Standard,0.7665,49.9,21.3,38.7,0.2218,0.2603,1
Air,Europe,Latin_America,7909.6,31.2,24.8,0.7949,Standard,0.9017,39.3,64.1,40.7,0.6006,0.0592,1
Road,Latin_America,Latin_America,1113.9,25.5,2.2,0.0863,Standard,0.8878,24.0,42.7,32.3,0.1188,0.8954,1
Road,East_Asia,East_Asia,1064.6,20.7,3.2,0.1546,Standard,0.8208,11.0,28.0,16.9,0.1213,0.4008,0
Rail,South_Asia,South_Asia,2677.0,99.5,84.3,0.8472,High,0.4977,46.5,8.3,13.2,0.1324,0.251,1
Ocean,South_Asia,Europe,15034.4,524.3,113.1,0.2157,Standard,0.9756,37.2,17.0,19.1,0.6269,0.3251,1
Ocean,Southeast_Asia,Middle_East,15795.0,578.7,213.4,0.3688,Standard,0.799,39.4,20.0,8.3,0.3235,0.8805,1
Ocean,South_Asia,Europe,14925.7,560.0,467.1,0.8341,Standard,0.8494,70.7,13.2,39.5,0.9595,0.3762,1
Road,East_Asia,Europe,1785.4,29.8,22.8,0.7651,Urgent,0.9074,24.8,100.0,15.2,0.2184,0.3012,1
Ocean,South_Asia,Middle_East,12609.1,440.3,278.2,0.6318,High,0.8314,20.9,37.4,19.7,0.4566,0.4472,1
Road,East_Asia,East_Asia,2105.4,44.0,7.6,0.1727,High,0.7014,52.9,61.5,20.8,0.2141,0.3779,1
Rail,East_Asia,East_Asia,4229.0,124.4,71.2,0.5723,Standard,0.99,12.0,43.5,37.6,0.0786,0.7206,1
Road,Latin_America,Latin_America,2156.1,37.7,31.9,0.8462,High,0.7917,63.1,24.7,41.9,0.1633,0.6425,1
Ocean,East_Asia,Latin_America,11541.1,425.2,230.1,0.5412,Urgent,0.99,41.5,46.6,78.2,0.5214,0.1858,1
Rail,North_America,Europe,1265.0,57.8,54.1,0.936,Standard,0.812,24.6,28.2,36.6,0.8404,0.7342,1
Road,Latin_America,North_America,1652.9,34.2,12.3,0.3596,High,0.9269,22.0,61.6,13.3,0.6491,0.7161,1
Ocean,Southeast_Asia,Middle_East,11963.6,418.9,304.3,0.7264,Urgent,0.976,7.8,38.4,20.8,0.3187,0.7101,1
Air,Southeast_Asia,Oceania,9214.2,41.8,28.5,0.6818,Standard,0.8943,60.6,17.6,46.8,0.1729,0.1939,1
Road,Latin_America,Latin_America,476.7,11.2,1.2,0.1071,Standard,0.807,69.5,34.0,6.6,0.1757,0.4271,1
Rail,North_America,Europe,3677.8,118.7,28.1,0.2367,Standard,0.99,32.2,54.4,12.4,0.3783,0.6604,1
Air,North_America,Oceania,9411.2,38.0,10.3,0.2711,High,0.7016,66.7,48.9,21.9,0.5741,0.5635,1
Air,East_Asia,Europe,7813.7,38.8,36.5,0.9407,Standard,0.99,13.6,49.3,37.1,0.32,0.4452,1
Road,North_America,North_America,1471.0,27.7,10.4,0.3755,Standard,0.9627,45.3,26.7,21.2,0.1067,0.9672,1
Road,East_Asia,East_Asia,602.3,14.4,9.1,0.6319,High,0.8125,64.4,24.6,16.2,0.2217,0.5852,1
Air,North_America,Europe,5692.0,41.6,23.5,0.5649,Standard,0.9355,18.8,25.6,28.2,0.2361,0.0605,1
Ocean,Europe,Oceania,9646.6,347.6,205.2,0.5903,Urgent,0.9617,28.2,32.5,18.0,0.2121,0.2282,1
Road,East_Asia,East_Asia,1290.9,30.4,17.6,0.5789,Standard,0.99,42.7,79.6,24.5,0.0501,0.5507,1
Ocean,South_Asia,Oceania,12661.7,439.0,383.7,0.874,Standard,0.8572,34.0,22.2,45.3,0.711,0.1062,1
Air,Southeast_Asia,Oceania,10424.0,42.7,18.3,0.4286,Urgent,0.7755,35.6,9.0,44.5,0.5472,0.9189,1
Rail,East_Asia,North_America,500.0,25.9,4.7,0.1815,Standard,0.7687,45.6,20.1,25.1,0.3003,0.0676,1
Air,Southeast_Asia,Latin_America,3808.9,17.3,5.2,0.3006,Standard,0.9343,29.1,41.4,6.3,0.4509,0.4282,1
Rail,Europe,Europe,2404.7,92.2,37.6,0.4078,Urgent,0.783,32.4,15.3,20.0,0.0768,0.8378,1
Road,North_America,North_America,1857.3,39.0,4.4,0.1128,Standard,0.8769,86.9,34.4,15.6,0.1286,0.1303,1
Road,Europe,Europe,1748.2,40.5,5.6,0.1383,Standard,0.8309,55.3,24.3,18.5,0.0988,0.2517,1
Rail,Europe,Europe,4410.9,101.4,93.0,0.9172,Standard,0.8011,50.3,30.0,79.5,0.0897,0.4553,1
Road,Europe,Europe,1800.0,34.8,3.5,0.1006,Standard,0.765,33.1,73.1,29.3,0.1731,0.3924,1
Road,Latin_America,Latin_America,872.6,19.4,1.8,0.0928,Standard,0.864,34.2,26.4,7.9,0.1602,0.0908,0
Air,Middle_East,East_Asia,2989.3,34.8,25.8,0.7414,High,0.8571,7.3,18.2,0.6,0.5274,0.3297,0
Ocean,Southeast_Asia,North_America,9768.3,366.9,303.7,0.8277,Standard,0.6896,42.4,23.5,12.5,0.1843,0.5769,1
Air,East_Asia,Middle_East,6361.2,29.8,23.5,0.7886,High,0.9661,21.8,31.6,7.6,0.4693,0.2082,0
Road,North_America,North_America,718.4,24.4,15.1,0.6189,High,0.8281,23.2,67.4,32.6,0.0998,0.6749,1
Road,Europe,Europe,1624.3,37.1,35.5,0.9569,High,0.7951,30.3,15.1,24.1,0.1066,0.6099,1
Ocean,East_Asia,Latin_America,14677.9,549.3,350.1,0.6374,Standard,0.9076,9.0,17.6,8.2,0.5352,0.921,1
Air,Middle_East,Europe,7280.5,43.3,3.4,0.0785,Standard,0.9618,12.3,15.2,13.7,0.3519,0.4844,0
Ocean,South_Asia,North_America,13848.9,520.3,34.0,0.0653,Standard,0.6936,31.1,13.4,36.0,0.3559,0.4048,1
Ocean,South_Asia,Middle_East,6394.6,266.9,186.9,0.7003,Urgent,0.8334,23.0,31.5,31.8,0.4996,0.6791,1
Road,Latin_America,Latin_America,1602.3,35.2,8.5,0.2415,High,0.6568,37.5,8.4,27.5,0.0469,0.3735,1
Ocean,Europe,Europe,10120.2,393.3,236.7,0.6018,High,0.8149,7.4,11.3,16.9,0.1435,0.7236,1
Ocean,South_Asia,Middle_East,16494.9,585.2,307.6,0.5256,Standard,0.99,29.4,24.2,27.1,0.5276,0.9104,1
Air,Southeast_Asia,East_Asia,8563.2,34.0,28.8,0.8471,High,0.6964,13.7,18.8,21.6,0.5105,0.3832,1
Road,North_America,North_America,394.2,15.1,9.5,0.6291,Urgent,0.9165,15.1,23.3,2.5,0.1667,0.1695,0
Ocean,Southeast_Asia,North_America,9945.0,371.4,58.1,0.1564,Urgent,0.7342,88.3,19.3,59.6,0.6472,0.82,1
Road,North_America,North_America,1161.4,21.2,11.2,0.5283,Standard,0.8795,55.9,44.9,16.4,0.0515,0.3649,1
Road,Europe,Europe,1513.8,25.8,20.0,0.7752,Standard,0.7734,27.4,75.4,20.5,0.1649,0.9543,1
Rail,East_Asia,East_Asia,1456.5,61.6,8.0,0.1299,Standard,0.8597,9.7,55.7,59.5,0.1792,0.9446,1
Air,South_Asia,Europe,4668.4,41.8,10.9,0.2608,Standard,0.868,29.5,19.1,6.9,0.4768,0.4205,1
Air,Europe,North_America,8398.0,40.6,23.8,0.5862,Standard,0.8437,25.0,41.2,4.4,0.147,0.6299,1
Road,East_Asia,East_Asia,150.0,16.6,5.5,0.3313,Standard,0.6247,17.2,40.6,12.3,0.0515,0.9178,1
Road,Latin_America,Latin_America,871.0,22.9,16.2,0.7074,Urgent,0.8525,34.0,75.3,40.5,0.02,0.4086,1
Air,Southeast_Asia,Latin_America,3519.8,37.2,5.6,0.1505,Standard,0.8542,32.9,39.3,18.2,0.3351,0.8629,1
Air,North_America,Middle_East,4101.2,32.3,16.5,0.5108,Standard,0.8232,23.3,15.1,24.1,0.3574,0.7249,1
Road,Latin_America,Latin_America,1433.6,28.4,2.8,0.0986,Standard,0.7364,35.3,19.5,47.4,0.1725,0.8554,1
Air,South_Asia,East_Asia,4347.9,18.4,15.7,0.8533,Standard,0.8871,5.6,33.7,34.2,0.4547,0.3432,1
Rail,East_Asia,North_America,2880.4,72.2,34.6,0.4792,Standard,0.8983,25.4,33.5,42.6,0.5178,0.61,1
Ocean,Southeast_Asia,Middle_East,11172.5,406.5,50.0,0.123,High,0.7578,23.4,51.0,0.9,0.3472,0.2042,1
Road,Europe,Europe,150.0,15.2,14.2,0.9342,High,0.8712,21.2,52.5,38.1,0.1869,0.5862,1
Air,South_Asia,Europe,4670.5,41.1,32.2,0.7835,Urgent,0.8453,50.9,59.6,20.4,0.4691,0.9161,1
Road,Europe,Europe,1798.9,31.6,4.5,0.1424,High,0.9311,100.0,20.6,39.9,0.1306,0.8489,1
Air,Middle_East,Europe,8047.0,34.1,3.0,0.088,Standard,0.7953,56.7,6.0,20.0,0.2282,0.3376,1
Air,East_Asia,Middle_East,7318.0,32.4,21.7,0.6698,Standard,0.8072,29.2,100.0,16.3,0.4094,0.0972,1
Rail,East_Asia,East_Asia,1804.3,65.7,10.2,0.1553,Standard,0.6675,38.9,52.0,19.8,0.1407,0.4488,1
Ocean,Europe,Latin_America,6639.8,266.9,188.3,0.7055,Urgent,0.9757,29.8,17.4,86.4,0.6457,0.8984,1
Air,Latin_America,North_America,3529.2,24.1,14.8,0.6141,Standard,0.9369,46.2,19.1,39.5,0.1192,0.8898,1
Ocean,Europe,Europe,13950.9,492.4,288.3,0.5855,High,0.6632,66.0,9.3,7.7,0.1414,0.6767,1
Ocean,Europe,Latin_America,14078.2,508.2,162.0,0.3188,High,0.99,19.0,7.0,30.1,0.3751,0.0718,1
Rail,Europe,Europe,3604.9,93.4,74.5,0.7976,Standard,0.8914,22.7,58.8,4.4,0.0625,0.6487,1
Road,Europe,Europe,878.5,18.0,10.6,0.5889,High,0.99,61.6,20.4,31.4,0.1325,0.2848,1
Ocean,East_Asia,Oceania,8470.6,313.2,302.5,0.9658,Standard,0.8085,24.2,45.2,20.3,0.4592,0.9552,1
Ocean,East_Asia,North_America,15733.6,530.4,66.8,0.1259,Standard,0.9503,24.9,40.1,40.7,0.617,0.8044,1
Ocean,South_Asia,Oceania,5372.5,238.5,209.8,0.8797,Standard,0.7819,70.7,32.3,22.4,0.2308,0.4228,1
Ocean,South_Asia,Oceania,9071.0,362.4,341.9,0.9434,Standard,0.843,34.6,34.2,11.7,0.203,0.5772,1
Road,North_America,Latin_America,1345.6,32.5,27.8,0.8554,High,0.99,66.0,45.9,47.1,0.4658,0.604,1
Ocean,East_Asia,North_America,9878.1,357.8,245.1,0.685,High,0.8144,68.4,16.9,30.6,0.3767,0.8962,1
Road,East_Asia,Latin_America,2049.3,38.9,4.0,0.1028,Standard,0.9438,20.9,49.7,58.4,0.3876,0.5922,1
Ocean,South_Asia,Europe,10884.5,431.2,106.9,0.2479,High,0.7489,61.7,39.1,19.6,0.4676,0.6723,1
Ocean,Southeast_Asia,Middle_East,14541.0,517.8,347.6,0.6713,Urgent,0.9747,25.3,46.5,54.3,0.382,0.1384,1
Road,Europe,Europe,1667.1,35.4,6.2,0.1751,Standard,0.8363,37.5,37.1,33.5,0.1334,0.3191,1
Air,South_Asia,North_America,7369.3,41.8,33.0,0.7895,Standard,0.9891,51.5,77.1,42.2,0.0722,0.1584,1
Road,Europe,Europe,662.8,17.3,5.7,0.3295,High,0.5976,7.8,58.8,61.1,0.1526,0.2123,1
Ocean,East_Asia,Oceania,8361.9,305.7,140.9,0.4609,Urgent,0.99,37.5,17.8,10.6,0.3614,0.2452,0
Rail,Europe,East_Asia,4588.2,113.0,103.1,0.9124,High,0.7285,18.0,42.7,23.9,0.5783,0.3302,1
Ocean,Europe,Latin_America,9745.1,368.4,233.0,0.6325,Urgent,0.8735,51.5,15.6,35.4,0.3965,0.8508,1
Ocean,Southeast_Asia,Oceania,4446.9,175.8,119.8,0.6815,High,0.7001,36.0,17.7,32.1,0.4267,0.664,1
Ocean,South_Asia,North_America,13547.2,483.9,31.4,0.0649,Standard,0.99,24.6,16.0,50.5,0.5316,0.1587,1
Rail,South_Asia,South_Asia,6343.8,144.9,132.9,0.9172,High,0.7285,18.7,25.3,21.9,0.0586,0.6184,1
Air,North_America,Oceania,9105.8,41.9,39.5,0.9427,Standard,0.9216,46.0,25.3,19.9,0.2083,0.4864,1
Air,North_America,Oceania,5613.3,28.2,7.0,0.2482,High,0.99,54.8,24.6,41.0,0.572,0.4087,1
Ocean,South_Asia,Europe,10961.0,397.4,295.7,0.7441,Standard,0.9842,37.6,42.4,47.0,0.2702,0.2515,1
Road,Europe,Europe,1642.3,37.2,19.4,0.5215,Standard,0.9262,38.9,40.9,8.8,0.1749,0.8585,1
Air,North_America,Oceania,5488.7,35.1,7.1,0.2023,Urgent,0.8942,65.7,32.8,4.4,0.349,0.2792,1
Road,North_America,North_America,1410.8,33.8,14.4,0.426,High,0.8647,31.6,8.3,14.0,0.0805,0.7296,0
Air,Southeast_Asia,Latin_America,5846.2,33.4,14.0,0.4192,High,0.99,10.5,34.5,24.9,0.2718,0.9166,1
Ocean,Europe,Oceania,10600.8,387.2,171.5,0.4429,Urgent,0.5767,13.5,22.6,23.4,0.267,0.6965,1
Air,Southeast_Asia,Oceania,8115.2,34.4,3.0,0.0872,Standard,0.9282,52.3,32.7,72.9,0.3394,0.1966,1
Ocean,South_Asia,North_America,12023.5,445.2,304.9,0.6849,Standard,0.8207,2.1,5.1,18.3,0.2613,0.1145,0
Road,North_America,North_America,1342.6,27.1,2.2,0.0812,High,0.8526,56.3,76.9,25.6,0.1377,0.4823,1
Ocean,South_Asia,Latin_America,10682.5,386.2,251.8,0.652,High,0.8497,29.9,53.1,6.8,0.7012,0.4879,1
Ocean,Southeast_Asia,Europe,18342.8,632.7,416.1,0.6577,High,0.9074,43.0,54.6,13.3,0.4504,0.2834,1
Road,North_America,North_America,590.2,20.4,17.6,0.8627,High,0.8883,67.7,31.5,28.3,0.1896,0.1067,1
Ocean,East_Asia,North_America,8815.1,363.2,102.2,0.2814,Standard,0.9128,32.8,23.5,68.5,0.98,0.8275,1
Rail,North_America,East_Asia,500.0,45.7,39.2,0.8578,Standard,0.9101,14.2,33.0,60.4,0.5897,0.9114,1
Air,Latin_America,North_America,7215.6,44.6,5.3,0.1188,High,0.8762,36.5,29.1,19.1,0.3617,0.2036,1
Ocean,East_Asia,Latin_America,15685.3,540.9,105.2,0.1945,Standard,0.8441,35.3,14.0,22.0,0.4643,0.5512,1
Ocean,Europe,Europe,7405.9,275.4,183.5,0.6663,Standard,0.99,22.7,100.0,36.6,0.1758,0.619,1
Ocean,Southeast_Asia,Oceania,8683.5,347.2,127.9,0.3684,High,0.8587,44.9,13.9,34.3,0.3247,0.6242,1
Road,East_Asia,East_Asia,627.2,18.6,6.0,0.3226,Standard,0.8154,22.4,24.4,17.0,0.02,0.7215,0
Air,Southeast_Asia,North_America,8004.3,41.0,25.2,0.6146,High,0.8477,20.7,32.9,68.2,0.3345,0.617,1
Road,East_Asia,North_America,277.4,18.4,4.1,0.2228,Standard,0.6308,20.2,8.3,45.6,0.5779,0.7239,1
Ocean,Europe,North_America,9400.0,361.1,154.9,0.429,Standard,0.9089,53.5,12.7,20.3,0.05,0.6338,1
Ocean,East_Asia,Oceania,11657.0,453.9,443.2,0.9764,Standard,0.5467,77.6,19.7,28.3,0.5201,0.4873,1
Ocean,Europe,Oceania,9127.2,362.4,258.5,0.7133,High,0.7991,16.1,22.9,36.6,0.4667,0.439,1
Ocean,Europe,Europe,8580.6,318.8,237.9,0.7462,High,0.8393,83.6,19.1,14.6,0.2087,0.8406,1
Ocean,East_Asia,Europe,13108.0,460.6,167.7,0.3641,High,0.99,36.7,64.2,29.7,0.3631,0.2619,1
Road,East_Asia,Europe,1643.7,27.5,10.9,0.3964,Urgent,0.8547,13.4,51.0,53.1,0.5785,0.66,1
Air,Southeast_Asia,Middle_East,2706.8,28.1,22.9,0.8149,Urgent,0.7885,50.5,59.7,27.9,0.2605,0.972,1
Rail,South_Asia,South_Asia,3317.1,102.2,76.5,0.7485,High,0.8771,27.3,51.8,51.6,0.2351,0.2534,1
Ocean,East_Asia,North_America,5192.2,241.9,183.9,0.7602,Standard,0.9544,30.1,19.1,7.7,0.4332,0.9699,1
Road,North_America,North_America,877.6,21.0,13.5,0.6429,Standard,0.976,39.3,44.5,47.7,0.0813,0.6977,1
Rail,North_America,Europe,4148.6,126.5,49.4,0.3905,Standard,0.99,23.2,100.0,71.3,0.3502,0.7514,1
Ocean,East_Asia,Oceania,6326.1,284.2,134.6,0.4736,Standard,0.99,38.0,28.5,23.4,0.7277,0.3623,1
Road,Latin_America,Latin_America,772.6,17.9,8.4,0.4693,Standard,0.8544,23.8,36.6,31.7,0.1334,0.505,1
Road,Europe,Europe,1829.4,39.9,22.7,0.5689,High,0.8922,11.8,57.5,14.1,0.04,0.8937,1
Rail,North_America,North_America,3406.5,82.6,9.0,0.109,Standard,0.8176,56.3,87.1,14.4,0.1286,0.6943,1
Ocean,East_Asia,Europe,12436.1,470.6,168.0,0.357,High,0.6972,42.5,68.3,39.1,0.575,0.9699,1
Road,Europe,Europe,1855.7,38.1,36.5,0.958,Standard,0.99,15.2,10.5,12.5,0.1817,0.7843,0
Ocean,East_Asia,Europe,10891.0,409.5,269.6,0.6584,High,0.9312,73.2,12.0,50.3,0.391,0.5252,1
Ocean,East_Asia,Oceania,9063.2,372.0,51.9,0.1395,Standard,0.6496,35.2,37.7,10.1,0.3767,0.658,1
Ocean,East_Asia,Europe,8670.7,310.7,91.8,0.2955,High,0.99,44.2,28.4,6.3,0.6703,0.8562,1
Ocean,South_Asia,Europe,10632.1,392.5,38.9,0.0991,Standard,0.7736,18.5,85.7,41.2,0.3291,0.9014,1
Road,East_Asia,East_Asia,1603.7,33.3,21.2,0.6366,Standard,0.7292,54.7,40.9,39.0,0.0249,0.556,1
Ocean,Europe,Middle_East,13951.7,499.6,94.8,0.1898,High,0.9262,21.7,98.9,14.6,0.2037,0.9322,1
Road,Europe,Europe,825.0,24.4,12.3,0.5041,High,0.7688,41.1,33.3,11.2,0.1602,0.6777,1
Ocean,Europe,Oceania,6399.1,266.5,236.8,0.8886,Standard,0.806,35.7,44.2,37.5,0.5713,0.1787,1
Rail,South_Asia,South_Asia,3781.0,103.4,5.4,0.0522,Urgent,0.7643,16.7,36.1,16.1,0.1615,0.7548,1
Ocean,Europe,Middle_East,9782.1,396.1,200.0,0.5049,Standard,0.7982,13.4,24.8,43.8,0.1398,0.9446,1
Rail,Europe,Europe,3434.6,102.3,33.6,0.3284,Standard,0.8603,6.9,28.1,36.3,0.1787,0.7231,1
Rail,Europe,Europe,3627.9,118.7,114.1,0.9612,Standard,0.9672,21.1,28.8,63.2,0.1778,0.5102,1
Road,Latin_America,Latin_America,883.5,21.5,11.0,0.5116,Urgent,0.9618,43.2,18.2,6.6,0.1509,0.8806,1
Ocean,East_Asia,North_America,10383.8,388.8,22.5,0.0579,High,0.7829,56.3,45.3,36.0,0.341,0.9359,1
Air,Middle_East,North_America,8376.8,31.9,25.0,0.7837,Standard,0.9887,67.8,10.8,11.1,0.108,0.8614,1
Rail,North_America,Europe,701.9,52.1,14.4,0.2764,Standard,0.9508,12.5,43.5,41.4,0.568,0.7985,1
Ocean,Southeast_Asia,Middle_East,9989.1,367.5,346.8,0.9437,Standard,0.8003,32.2,74.0,13.1,0.6029,0.834,1
Ocean,East_Asia,North_America,9263.8,368.1,200.4,0.5444,High,0.8374,36.4,55.1,38.6,0.434,0.6411,1
Ocean,East_Asia,Oceania,7363.5,268.0,225.8,0.8425,High,0.7362,52.0,27.8,17.7,0.1546,0.2687,1
Rail,Europe,Europe,2699.6,99.1,62.2,0.6276,Standard,0.7711,18.8,42.9,32.4,0.082,0.2079,1
Ocean,Europe,Europe,8147.7,298.9,136.7,0.4573,Urgent,0.9041,19.0,10.3,32.9,0.118,0.7877,1
Rail,Europe,Europe,5613.3,128.0,120.7,0.943,High,0.8622,42.8,62.1,51.3,0.1527,0.0803,1
Ocean,East_Asia,Middle_East,14104.0,504.8,164.5,0.3259,Standard,0.8008,28.1,42.1,25.2,0.8195,0.7447,1
Road,Europe,Latin_America,344.3,16.3,9.3,0.5706,Standard,0.9332,31.2,44.2,5.2,0.05,0.7853,1
Air,South_Asia,Middle_East,5799.8,27.2,2.7,0.0993,Standard,0.99,36.9,59.4,6.6,0.2526,0.6315,1
Ocean,East_Asia,North_America,11150.2,444.4,326.8,0.7354,Standard,0.879,56.9,42.0,20.7,0.6623,0.606,1
Rail,East_Asia,East_Asia,2711.6,95.7,21.5,0.2247,Standard,0.9163,27.7,100.0,28.6,0.0885,0.5848,1
Air,North_America,Oceania,2172.9,23.2,16.2,0.6983,Urgent,0.9369,44.3,11.6,10.5,0.4415,0.132,0
Air,Southeast_Asia,North_America,11576.8,50.0,16.0,0.32,High,0.7269,14.1,29.3,32.5,0.5143,0.9403,1
Road,Latin_America,Latin_America,1795.5,39.8,38.2,0.9598,Standard,0.8594,88.7,9.3,30.9,0.0594,0.4572,1
Ocean,Southeast_Asia,Latin_America,14985.1,512.1,437.6,0.8545,High,0.8924,23.3,51.2,8.9,0.3821,0.4652,1
Ocean,Southeast_Asia,Europe,14745.3,513.7,89.3,0.1738,Standard,0.702,20.8,15.6,24.9,0.2557,0.6772,1
Road,Latin_America,Latin_America,690.7,14.5,3.3,0.2276,Standard,0.7633,56.1,60.2,11.7,0.0647,0.7847,1
Air,North_America,Latin_America,5974.5,41.0,36.7,0.8951,Standard,0.6921,30.3,32.3,7.9,0.3485,0.8631,1
Ocean,South_Asia,Europe,11811.0,407.7,224.9,0.5516,High,0.9618,42.2,41.6,3.9,0.7464,0.4259,1
Rail,North_America,North_America,4276.0,117.4,13.7,0.1167,High,0.99,21.6,37.8,20.0,0.1107,0.2779,0
Road,Europe,Europe,1000.0,20.7,2.2,0.1063,Standard,0.7409,28.3,45.5,27.3,0.1286,0.3131,1
Rail,Europe,Europe,2349.5,68.8,59.2,0.8605,Urgent,0.8342,51.6,35.2,43.3,0.142,0.8045,1
Ocean,Europe,Middle_East,3500.0,193.5,10.5,0.0543,Standard,0.794,40.3,7.0,22.9,0.731,0.0946,1
Ocean,Europe,Europe,7731.7,282.6,201.6,0.7134,Standard,0.7988,13.5,29.9,7.1,0.1795,0.4822,1
Road,Latin_America,Latin_America,1994.1,36.5,5.9,0.1616,Standard,0.9053,22.3,12.0,45.6,0.1343,0.5811,1
Ocean,South_Asia,Europe,8153.5,312.7,275.1,0.8798,Standard,0.8713,23.0,48.1,11.1,0.7931,0.7096,1
Ocean,Europe,Middle_East,14139.9,491.5,305.0,0.6205,Standard,0.7202,18.3,78.0,26.1,0.5855,0.6295,1
Road,North_America,North_America,286.0,19.7,11.0,0.5584,Standard,0.8599,7.7,32.7,46.1,0.2167,0.2122,1
Ocean,East_Asia,Middle_East,10088.5,364.8,344.4,0.9441,Urgent,0.6843,23.4,18.2,33.9,0.4187,0.1309,1
Road,North_America,Europe,652.3,16.8,14.3,0.8512,Standard,0.9279,46.7,74.2,12.8,0.2733,0.7785,1
Rail,Europe,Europe,3885.6,103.7,59.9,0.5776,High,0.8509,39.1,71.8,31.8,0.0966,0.8965,1
Road,East_Asia,North_America,1556.2,34.9,32.3,0.9255,Standard,0.882,100.0,63.6,15.9,0.366,0.1022,1
Air,Europe,East_Asia,5382.9,28.4,4.1,0.1444,Urgent,0.9763,38.0,12.7,77.4,0.796,0.1738,1
Ocean,South_Asia,North_America,12970.9,499.1,57.8,0.1158,High,0.99,60.1,21.2,37.1,0.05,0.2745,1
Ocean,East_Asia,Middle_East,15165.5,541.8,226.7,0.4184,Standard,0.9757,38.3,16.3,25.3,0.7597,0.917,1
Ocean,South_Asia,Middle_East,9436.3,356.2,292.9,0.8223,Urgent,0.9144,80.6,22.1,11.2,0.3583,0.4733,1
Rail,South_Asia,South_Asia,1036.7,52.8,9.0,0.1705,High,0.7472,15.2,3.7,31.8,0.123,0.0714,0
Road,North_America,North_America,150.0,16.2,3.1,0.1914,Standard,0.6914,73.3,33.2,45.4,0.1951,0.2466,1
Ocean,Europe,Middle_East,9753.8,389.9,351.8,0.9023,Standard,0.9582,44.7,44.4,31.1,0.3141,0.5652,1
Road,East_Asia,East_Asia,2738.1,49.0,7.7,0.1571,Standard,0.7567,34.3,36.7,12.8,0.1688,0.72,1
Ocean,Europe,Oceania,10370.9,398.5,347.6,0.8723,Standard,0.9507,50.8,6.9,30.8,0.4723,0.9078,1
Road,Europe,North_America,1246.7,33.8,16.7,0.4941,High,0.9451,59.7,27.1,24.6,0.6131,0.0742,1
Ocean,East_Asia,Europe,6510.2,270.4,13.7,0.0507,Standard,0.913,13.1,48.4,23.2,0.4384,0.1293,1
Ocean,Europe,Oceania,14590.7,550.4,518.1,0.9413,Standard,0.6917,37.6,20.8,30.6,0.6869,0.8489,1
Ocean,South_Asia,Oceania,12577.1,437.1,326.7,0.7474,Standard,0.8231,62.6,16.7,18.0,0.5349,0.5826,1
Ocean,Southeast_Asia,Latin_America,7739.4,310.7,27.6,0.0888,Standard,0.7623,30.1,16.3,24.5,0.4688,0.2606,1
Ocean,Europe,Middle_East,14866.6,554.1,127.2,0.2296,High,0.933,27.0,48.4,25.1,0.4913,0.3883,1
Road,Latin_America,Latin_America,1707.9,37.7,31.7,0.8408,Standard,0.9786,95.7,49.2,33.7,0.02,0.1586,1
Ocean,Southeast_Asia,Latin_America,12096.2,459.3,149.3,0.3251,Standard,0.9504,26.8,41.5,63.0,0.5224,0.9074,1
Road,North_America,North_America,261.9,9.7,8.1,0.8351,Standard,0.6987,41.4,19.9,53.9,0.1528,0.1586,1
Air,Middle_East,East_Asia,4829.5,39.1,9.0,0.2302,Standard,0.856,34.6,29.5,33.8,0.4181,0.599,1
Road,North_America,North_America,1404.8,28.7,7.6,0.2648,Standard,0.8402,5.2,53.7,31.4,0.2285,0.281,1
Rail,East_Asia,East_Asia,2693.8,86.6,10.7,0.1236,Standard,0.99,61.9,70.3,70.5,0.1327,0.6101,1
Road,East_Asia,Europe,1115.4,27.2,6.9,0.2537,Standard,0.8003,28.5,10.5,36.2,0.0642,0.6502,1
Rail,North_America,North_America,2760.0,68.0,59.9,0.8809,Standard,0.8577,37.1,40.8,21.4,0.0941,0.6604,1
Air,East_Asia,Middle_East,7572.3,39.2,8.2,0.2092,Standard,0.8128,24.6,25.6,18.6,0.5642,0.0728,1
Road,East_Asia,East_Asia,1421.7,35.6,20.7,0.5815,Standard,0.7573,22.2,62.6,44.7,0.02,0.8504,1
Rail,North_America,East_Asia,5833.1,132.5,93.3,0.7042,Standard,0.6945,18.7,14.9,15.2,0.3688,0.2434,1
Road,East_Asia,East_Asia,1231.4,31.5,5.5,0.1746,High,0.99,69.0,32.6,18.5,0.0584,0.7057,1
Rail,East_Asia,East_Asia,5162.1,133.0,75.3,0.5662,High,0.99,40.0,58.5,6.2,0.1176,0.9438,1
Rail,North_America,East_Asia,4347.2,101.4,81.9,0.8077,High,0.8147,84.8,29.0,20.3,0.0768,0.1051,1
Road,North_America,Europe,776.3,21.1,19.0,0.9005,High,0.721,37.9,20.6,25.5,0.5556,0.6108,1
Air,North_America,Oceania,2427.3,16.8,15.5,0.9226,High,0.99,48.1,26.7,26.6,0.2228,0.21,1
Rail,East_Asia,East_Asia,5872.1,139.3,30.1,0.2161,High,0.8928,55.6,8.1,8.1,0.1151,0.5191,1
Road,East_Asia,East_Asia,1103.5,21.3,8.9,0.4178,Standard,0.8375,25.0,29.5,34.7,0.02,0.8131,1
Air,Europe,North_America,7831.2,36.0,32.0,0.8889,Standard,0.5214,80.2,35.8,12.0,0.8346,0.4,1
Road,Latin_America,North_America,1737.0,39.6,12.8,0.3232,Standard,0.6904,25.7,42.9,13.3,0.1021,0.1952,1
Ocean,Southeast_Asia,Middle_East,8886.9,368.4,322.4,0.8751,Standard,0.8596,96.7,28.4,32.1,0.5543,0.8603,1
Air,Middle_East,North_America,5956.1,21.8,8.8,0.4037,Standard,0.7835,51.8,51.9,25.5,0.2703,0.264,1
Air,Europe,North_America,3558.8,40.7,34.9,0.8575,Standard,0.7151,35.6,44.8,15.7,0.5449,0.7656,1
Ocean,Southeast_Asia,Middle_East,13355.1,473.7,223.7,0.4722,Urgent,0.9089,40.0,46.5,21.6,0.5366,0.3143,1
Ocean,East_Asia,Middle_East,17896.3,630.9,143.4,0.2273,Standard,0.8092,31.9,46.2,10.3,0.6024,0.856,1
Air,North_America,Europe,3354.9,31.6,12.5,0.3956,Standard,0.99,15.1,20.0,24.6,0.4382,0.7824,1
Ocean,Southeast_Asia,Europe,16373.5,598.7,83.8,0.14,Standard,0.94,70.6,64.3,12.2,0.3876,0.0734,1
Rail,North_America,North_America,2435.4,88.2,31.8,0.3605,Standard,0.7628,56.0,65.7,5.1,0.1161,0.8393,1
Air,Europe,North_America,6557.3,28.6,25.6,0.8951,Standard,0.8631,31.1,29.4,14.0,0.2982,0.6683,1
Air,South_Asia,Latin_America,5401.3,29.2,4.0,0.137,Standard,0.9619,48.9,16.7,7.4,0.4876,0.7371,1
Rail,Europe,North_America,4730.7,126.4,56.5,0.447,Standard,0.99,89.5,8.7,15.1,0.2303,0.1158,1
Rail,East_Asia,East_Asia,5254.8,153.1,46.4,0.3031,Standard,0.8466,13.3,55.6,6.5,0.0788,0.8278,1
Air,Southeast_Asia,East_Asia,4337.9,33.3,11.6,0.3483,Standard,0.8007,61.5,67.2,18.1,0.1884,0.4658,1
Ocean,South_Asia,Oceania,15009.0,565.0,446.6,0.7904,Standard,0.8621,41.3,9.6,13.2,0.05,0.945,1
Road,Europe,Europe,1494.3,33.1,27.8,0.8399,Standard,0.8896,64.6,21.7,22.9,0.1767,0.8014,1
Ocean,Southeast_Asia,Oceania,9047.8,328.2,104.8,0.3193,Standard,0.9531,26.4,12.0,27.5,0.3066,0.5626,1
Rail,North_America,North_America,4975.9,139.0,86.0,0.6187,Standard,0.6639,23.7,21.9,48.1,0.1666,0.2559,1
Rail,North_America,North_America,4655.2,129.9,62.8,0.4834,High,0.9667,39.3,23.6,81.2,0.1517,0.0569,1
Air,Southeast_Asia,North_America,8650.3,42.5,26.6,0.6259,Standard,0.7022,26.5,30.4,7.7,0.322,0.1538,1
Road,East_Asia,East_Asia,442.7,16.9,15.0,0.8876,Standard,0.99,10.0,32.1,11.6,0.1753,0.0852,0
Ocean,South_Asia,Oceania,12743.1,455.1,144.6,0.3177,Standard,0.99,36.2,34.5,18.7,0.5681,0.1819,1
Rail,North_America,North_America,3123.3,80.3,57.8,0.7198,Urgent,0.921,51.1,39.7,48.6,0.1462,0.5993,1
Rail,North_America,North_America,4034.8,128.4,104.0,0.81,Standard,0.6757,27.5,76.7,21.0,0.2221,0.9184,1
Rail,East_Asia,East_Asia,1339.0,41.3,4.5,0.109,Standard,0.7418,17.2,7.5,45.1,0.1706,0.7019,1
Ocean,South_Asia,Oceania,12872.9,492.9,266.8,0.5413,Standard,0.8264,31.5,24.3,54.4,0.2384,0.2586,1
Air,Europe,East_Asia,9728.8,28.0,1.9,0.0679,High,0.8306,16.5,31.5,36.3,0.5101,0.8887,1
Ocean,South_Asia,Latin_America,18448.2,639.5,151.0,0.2361,High,0.8533,48.3,100.0,35.0,0.3118,0.3228,1
Rail,Europe,East_Asia,4464.5,124.3,21.5,0.173,Urgent,0.7436,63.7,16.4,23.7,0.7116,0.3637,1
Road,Europe,Europe,935.4,27.6,1.5,0.0543,Urgent,0.9015,8.4,14.1,35.0,0.1856,0.4649,1
Road,North_America,North_America,380.8,11.3,0.7,0.0619,Standard,0.986,15.7,41.0,16.4,0.0859,0.5674,1
Ocean,East_Asia,North_America,13214.8,504.7,452.8,0.8972,Standard,0.6358,46.6,15.5,6.0,0.5342,0.867,1
Road,East_Asia,North_America,2015.4,39.2,11.9,0.3036,High,0.9205,35.5,21.3,18.7,0.7143,0.6575,1
Road,North_America,North_America,622.5,21.1,17.4,0.8246,Standard,0.9266,30.5,60.5,30.0,0.1069,0.271,1
Ocean,Europe,North_America,10172.5,411.6,156.5,0.3802,Urgent,0.8923,10.6,32.5,9.2,0.5718,0.6374,1
Air,South_Asia,Latin_America,6318.3,41.5,9.9,0.2386,Standard,0.8241,38.6,95.3,7.3,0.4835,0.9297,1
Road,East_Asia,East_Asia,1256.1,33.0,3.1,0.0939,Standard,0.99,34.3,25.2,10.0,0.2209,0.6119,1
Rail,Europe,Europe,3404.5,109.9,83.3,0.758,High,0.99,35.3,23.0,25.0,0.1394,0.5295,1
Road,East_Asia,East_Asia,864.8,24.3,15.8,0.6502,Standard,0.9676,51.3,12.4,15.9,0.1323,0.1371,0
Ocean,East_Asia,Middle_East,8774.1,348.6,158.6,0.455,Standard,0.8068,53.7,49.7,40.6,0.6437,0.1596,1
Road,Latin_America,Latin_America,371.8,19.3,6.6,0.342,High,0.8072,26.3,22.5,35.6,0.0958,0.5661,1
Ocean,East_Asia,North_America,7944.1,319.1,278.4,0.8725,Standard,0.8145,72.7,77.3,64.8,0.6925,0.6011,1
Ocean,South_Asia,Latin_America,8766.4,368.9,320.8,0.8696,High,0.99,28.1,23.0,51.2,0.4072,0.8086,1
Air,South_Asia,Oceania,5505.3,22.4,5.6,0.25,Standard,0.7305,48.3,16.7,17.5,0.2875,0.2743,1
Air,East_Asia,Oceania,5736.6,38.2,33.5,0.877,Standard,0.8217,30.3,39.9,24.6,0.05,0.9346,1
Road,North_America,North_America,893.3,23.2,6.8,0.2931,Standard,0.8085,24.9,46.1,17.7,0.1902,0.3065,1
Ocean,South_Asia,Europe,10309.5,383.4,151.3,0.3946,High,0.7949,35.4,99.5,29.3,0.6445,0.5501,1
Road,Europe,Europe,949.9,18.8,6.7,0.3564,Standard,0.7461,39.6,57.6,31.4,0.1162,0.6914,1
Rail,East_Asia,East_Asia,2541.3,86.8,20.5,0.2362,High,0.8263,51.6,37.2,23.2,0.0942,0.3369,1
Ocean,South_Asia,Middle_East,10594.8,403.3,178.4,0.4424,High,0.9477,27.3,90.5,22.9,0.4829,0.9071,1
Road,North_America,North_America,1636.9,29.3,26.0,0.8874,High,0.9679,16.7,78.0,14.8,0.0412,0.8462,1
Ocean,South_Asia,Europe,11808.1,454.7,248.4,0.5463,Standard,0.9609,38.9,16.4,45.8,0.5025,0.8253,1
Ocean,Europe,Middle_East,6775.7,278.3,249.9,0.898,Standard,0.6866,41.4,10.8,4.5,0.6447,0.68,1
Ocean,Europe,Oceania,8283.5,299.1,53.0,0.1772,High,0.9233,85.5,39.6,5.1,0.6153,0.9638,1
Road,East_Asia,East_Asia,434.2,22.2,3.8,0.1712,Standard,0.8264,16.6,38.4,10.6,0.1549,0.5719,1
Ocean,Europe,Oceania,5125.0,240.2,36.4,0.1515,Urgent,0.7829,29.3,50.6,4.1,0.366,0.366,1
Rail,Europe,Europe,3899.0,96.6,37.9,0.3923,Standard,0.832,49.7,49.3,47.3,0.0656,0.3598,1
Air,Europe,Oceania,1639.5,33.3,10.1,0.3033,Urgent,0.7215,21.9,28.8,21.8,0.4759,0.519,1
Air,North_America,Middle_East,6041.3,33.1,20.3,0.6133,Standard,0.6423,42.6,19.3,22.7,0.4766,0.845,1
Rail,Europe,Europe,2291.4,59.2,7.9,0.1334,High,0.9639,37.5,44.9,51.4,0.02,0.6568,1
Road,Latin_America,Europe,821.6,26.3,20.8,0.7909,High,0.8574,42.7,10.3,29.4,0.5055,0.2644,0
Ocean,Europe,Oceania,11966.3,442.5,432.6,0.9776,High,0.8958,9.0,66.4,41.7,0.4957,0.6001,1
Ocean,Europe,North_America,17049.6,577.2,531.9,0.9215,Standard,0.8098,37.5,51.8,20.9,0.1978,0.7977,1
Air,East_Asia,Middle_East,6230.8,34.1,23.5,0.6891,Standard,0.8555,35.2,64.8,19.6,0.2978,0.457,1
Air,North_America,Middle_East,8016.7,42.6,33.9,0.7958,Standard,0.99,15.3,32.2,55.2,0.2063,0.834,1
Ocean,Southeast_Asia,Latin_America,11391.9,395.6,99.3,0.251,Standard,0.6356,5.5,8.5,7.5,0.2502,0.7338,1
Ocean,Europe,Oceania,12512.5,462.8,127.6,0.2757,Urgent,0.6949,6.9,22.4,18.1,0.4027,0.4105,1
Ocean,East_Asia,Latin_America,11298.9,414.6,35.7,0.0861,Standard,0.99,70.0,23.6,20.8,0.4069,0.0743,1
Ocean,East_Asia,Middle_East,9066.5,360.4,209.8,0.5821,Standard,0.6929,79.4,29.5,20.3,0.4016,0.092,1
Road,North_America,North_America,620.0,21.2,7.1,0.3349,Urgent,0.7681,28.3,19.5,9.3,0.1146,0.2243,1
Rail,Europe,North_America,4959.5,129.6,121.4,0.9367,Standard,0.9377,31.6,49.1,32.9,0.3235,0.4295,1
Ocean,East_Asia,North_America,12312.6,479.6,424.8,0.8857,Urgent,0.9025,68.3,48.4,23.7,0.2029,0.3411,1
Ocean,Europe,Europe,12380.6,478.9,334.0,0.6974,Standard,0.99,44.4,21.6,29.3,0.1786,0.7171,1
Rail,Europe,North_America,629.3,42.4,3.3,0.0778,Standard,0.8614,36.0,100.0,54.7,0.4406,0.4539,1
Road,North_America,North_America,1031.7,29.5,22.6,0.7661,Standard,0.7779,7.6,17.6,49.3,0.1197,0.5753,1
Ocean,Southeast_Asia,Oceania,12600.3,440.3,283.4,0.6437,Standard,0.9486,39.7,51.6,20.9,0.2661,0.3537,1
Road,East_Asia,East_Asia,1887.3,39.4,16.7,0.4239,Urgent,0.8454,21.3,65.5,1.3,0.2192,0.2178,1
Rail,South_Asia,South_Asia,3667.5,92.0,68.4,0.7435,High,0.9829,32.6,12.5,48.8,0.1745,0.4401,1
Ocean,East_Asia,Oceania,15854.5,589.2,138.5,0.2351,Standard,0.99,47.4,63.5,39.5,0.388,0.4044,1
Road,East_Asia,East_Asia,150.0,8.1,6.8,0.8395,Standard,0.8144,10.3,25.7,36.8,0.1998,0.0741,0
Road,East_Asia,East_Asia,1339.0,31.5,16.8,0.5333,Standard,0.811,53.0,9.8,44.2,0.1297,0.3892,1
Air,Middle_East,Latin_America,9286.3,27.9,2.7,0.0968,Urgent,0.6537,48.3,63.7,36.6,0.4283,0.6677,1
Road,East_Asia,East_Asia,1354.7,24.2,20.8,0.8595,Standard,0.6779,56.7,32.4,25.9,0.133,0.192,1
Road,East_Asia,North_America,1825.0,40.6,34.2,0.8424,Urgent,0.8826,15.1,19.8,25.0,0.2608,0.6688,1
Rail,East_Asia,East_Asia,2770.4,101.0,75.6,0.7485,Standard,0.8483,79.7,7.8,49.9,0.1778,0.6392,1
Rail,South_Asia,North_America,4078.4,114.0,55.5,0.4868,High,0.8418,32.2,54.1,13.7,0.368,0.3484,1
Rail,South_Asia,Europe,3397.4,96.0,14.7,0.1531,High,0.7999,73.0,57.1,2.3,0.3132,0.8634,1
Road,Latin_America,Latin_America,1123.4,25.8,21.2,0.8217,High,0.8815,31.9,35.7,40.2,0.115,0.9742,1
Ocean,East_Asia,Oceania,12013.9,430.1,47.8,0.1111,Standard,0.9197,22.9,26.2,46.0,0.3835,0.551,1
Air,Middle_East,Latin_America,6763.3,44.2,29.3,0.6629,Standard,0.9518,25.1,86.4,8.6,0.4476,0.1827,1
Ocean,Southeast_Asia,Middle_East,13795.1,494.0,77.6,0.1571,Urgent,0.6524,22.6,47.0,6.5,0.4281,0.2537,1
Air,Southeast_Asia,East_Asia,1312.1,36.5,12.8,0.3507,High,0.8513,27.8,13.5,16.1,0.479,0.5371,1
Road,North_America,North_America,1653.8,35.1,9.8,0.2792,High,0.8021,36.7,50.9,26.7,0.217,0.9012,1
Rail,North_America,North_America,4610.2,133.8,19.6,0.1465,High,0.8723,20.1,20.6,36.7,0.141,0.7539,1
Road,North_America,North_America,1906.3,40.1,19.5,0.4863,Standard,0.7279,43.8,17.1,29.3,0.1303,0.8332,1
Air,East_Asia,Latin_America,5327.5,38.2,21.3,0.5576,Standard,0.6627,47.7,53.6,67.8,0.4939,0.7003,1
Ocean,South_Asia,North_America,11059.3,407.3,237.3,0.5826,Standard,0.849,26.4,45.5,38.3,0.5733,0.2722,1
Air,Europe,East_Asia,12119.5,39.1,23.1,0.5908,High,0.9316,55.5,77.0,31.6,0.6329,0.3531,1
Ocean,Europe,Middle_East,13911.6,494.1,205.1,0.4151,Standard,0.8279,27.4,17.9,55.1,0.1932,0.3413,1
Air,Latin_America,Middle_East,7263.3,41.7,37.9,0.9089,Standard,0.7237,36.7,32.8,12.8,0.313,0.6955,1
Road,Europe,Europe,150.0,13.8,7.8,0.5652,High,0.99,76.3,20.9,18.7,0.1548,0.865,1
Road,North_America,Europe,768.6,23.6,19.7,0.8347,High,0.925,51.9,15.6,45.7,0.4962,0.5012,1
Road,East_Asia,Latin_America,2674.0,48.5,19.2,0.3959,Standard,0.7455,41.0,27.1,27.7,0.2239,0.6964,1
Road,Europe,Latin_America,2553.6,51.8,34.9,0.6737,Standard,0.8286,6.7,40.4,21.2,0.3053,0.5536,1
Air,South_Asia,North_America,8286.3,28.4,5.7,0.2007,Standard,0.8667,55.0,48.1,9.7,0.2514,0.388,1
Rail,Europe,Europe,3068.2,91.5,38.8,0.424,Standard,0.9774,32.8,39.8,26.4,0.1539,0.477,0
Ocean,Europe,Europe,5999.9,259.7,64.3,0.2476,Standard,0.8399,44.4,54.5,48.3,0.1292,0.1639,1
Rail,East_Asia,North_America,2850.5,103.4,51.7,0.5,Standard,0.8901,8.8,26.9,75.3,0.2419,0.7454,1
Ocean,Southeast_Asia,Latin_America,15030.1,564.4,93.9,0.1664,Standard,0.8255,44.7,18.5,31.0,0.5022,0.3413,1
Ocean,Europe,Middle_East,18626.1,628.6,593.4,0.944,Urgent,0.6661,61.7,31.6,27.4,0.253,0.6796,1
Ocean,South_Asia,Middle_East,9998.7,366.6,103.2,0.2815,Standard,0.815,13.5,37.1,52.8,0.296,0.126,1
Road,Latin_America,Latin_America,1304.2,29.6,20.2,0.6824,High,0.9815,11.0,8.1,40.0,0.1072,0.1971,0
Air,Southeast_Asia,Europe,7638.5,23.8,3.1,0.1303,High,0.8587,15.8,46.7,26.9,0.6437,0.113,1
Air,South_Asia,Oceania,8078.4,28.3,13.8,0.4876,Standard,0.8668,94.6,3.9,26.6,0.2364,0.1963,1
Road,Latin_America,Latin_America,601.3,16.8,10.5,0.625,Standard,0.99,9.2,17.1,9.5,0.02,0.9626,0
Ocean,South_Asia,Middle_East,11643.7,407.2,128.5,0.3156,High,0.9116,42.5,62.3,19.0,0.5659,0.8232,1
Ocean,South_Asia,Latin_America,11619.1,420.7,369.0,0.8771,Standard,0.9782,40.8,51.3,44.0,0.3459,0.0927,1
Air,Latin_America,Middle_East,6402.7,27.6,16.6,0.6014,High,0.932,5.0,25.6,29.4,0.565,0.3025,1
Ocean,East_Asia,Middle_East,14148.1,527.8,217.8,0.4127,Standard,0.7173,43.8,22.8,51.0,0.4187,0.3569,1
Ocean,South_Asia,Latin_America,5470.0,256.3,135.2,0.5275,Urgent,0.9435,30.1,19.6,47.3,0.4087,0.8256,1
Rail,Europe,Europe,1095.5,64.7,58.9,0.9104,Standard,0.7826,55.6,31.7,15.7,0.2325,0.7298,1
Ocean,South_Asia,Latin_America,8913.8,358.9,315.5,0.8791,Urgent,0.7075,6.8,31.6,31.2,0.607,0.5928,1
Air,Southeast_Asia,Middle_East,5320.4,21.8,3.5,0.1606,Standard,0.9791,62.7,93.5,47.2,0.2617,0.7402,1
Rail,South_Asia,South_Asia,2703.5,68.3,7.8,0.1142,High,0.8989,41.4,18.9,32.4,0.0372,0.6758,1
Ocean,Europe,North_America,10976.5,432.2,100.7,0.233,Standard,0.9277,45.4,37.0,20.9,0.5123,0.6505,1
Ocean,South_Asia,Middle_East,14030.5,529.1,351.6,0.6645,Urgent,0.99,42.7,46.3,10.8,0.545,0.1783,1
Ocean,East_Asia,Oceania,8615.5,347.1,285.4,0.8222,Standard,0.866,11.4,8.2,9.6,0.5829,0.741,1
Ocean,Europe,Latin_America,8972.1,325.7,122.8,0.377,High,0.99,32.3,34.0,24.1,0.2927,0.5906,1
Ocean,South_Asia,Latin_America,12727.8,437.8,237.6,0.5427,High,0.8055,4.4,25.4,17.8,0.2814,0.4997,1
Rail,East_Asia,Europe,877.3,41.3,9.8,0.2373,High,0.7929,59.6,50.7,9.4,0.3069,0.7117,1
Rail,Europe,Europe,2636.1,96.4,61.5,0.638,Standard,0.8884,93.5,25.2,21.0,0.1046,0.6126,1
Ocean,East_Asia,North_America,11031.6,410.3,354.1,0.863,Urgent,0.6976,31.4,56.3,28.3,0.6324,0.4271,1
Rail,East_Asia,East_Asia,5004.7,128.0,53.4,0.4172,Standard,0.99,20.6,8.5,35.8,0.02,0.2525,1
Road,Europe,Europe,1636.9,37.5,22.9,0.6107,Urgent,0.9461,53.4,28.1,18.6,0.2027,0.5554,1
Road,East_Asia,North_America,1151.9,23.0,4.1,0.1783,Standard,0.733,81.1,60.5,40.1,0.1055,0.2927,1
Rail,Europe,North_America,4848.9,119.5,96.3,0.8059,Urgent,0.6805,18.0,25.1,11.8,0.2554,0.1933,1
Rail,Europe,Europe,1923.0,66.1,40.6,0.6142,Standard,0.7426,52.1,100.0,31.6,0.1349,0.1507,1
Rail,South_Asia,South_Asia,3151.2,75.9,54.4,0.7167,Standard,0.7804,21.2,12.3,10.9,0.0784,0.5763,1
Ocean,Europe,Middle_East,11660.9,450.6,190.2,0.4221,Urgent,0.7579,37.4,28.4,28.8,0.2728,0.1298,1
Road,East_Asia,East_Asia,904.9,28.4,4.7,0.1655,High,0.8794,24.7,35.5,30.2,0.207,0.8783,1
Ocean,Southeast_Asia,Europe,9269.1,339.0,41.1,0.1212,High,0.6757,19.4,33.9,54.3,0.3478,0.9277,1
Ocean,South_Asia,North_America,13430.9,465.2,384.0,0.8255,High,0.7707,44.1,70.3,38.6,0.4793,0.1495,1
Ocean,East_Asia,Middle_East,11719.6,439.8,412.2,0.9372,Standard,0.7367,24.1,37.2,17.6,0.05,0.8811,1
Ocean,South_Asia,Middle_East,11645.4,445.0,395.1,0.8879,High,0.7505,55.4,32.2,73.4,0.5437,0.7103,1
Air,Southeast_Asia,Europe,6483.1,30.9,13.1,0.4239,Standard,0.678,100.0,38.7,13.2,0.3556,0.5531,1
Road,Latin_America,Latin_America,1487.3,37.2,7.4,0.1989,Standard,0.8802,48.5,41.0,20.6,0.1261,0.8847,1
Rail,East_Asia,East_Asia,4439.4,109.7,78.1,0.7119,Standard,0.8936,53.6,36.3,27.4,0.141,0.7117,1
Road,Europe,Europe,233.9,8.4,5.6,0.6667,Standard,0.7544,61.8,48.5,33.9,0.1273,0.3949,1
Road,North_America,North_America,410.8,20.8,11.0,0.5288,Standard,0.8659,22.6,12.8,7.7,0.02,0.7684,0
Ocean,East_Asia,North_America,13873.3,506.9,454.4,0.8964,High,0.8651,26.2,44.2,10.5,0.4255,0.6599,1
Rail,East_Asia,East_Asia,2843.4,77.3,39.1,0.5058,High,0.8636,30.1,74.7,80.7,0.1498,0.5313,1
Air,North_America,East_Asia,6512.8,31.5,3.5,0.1111,Standard,0.7007,38.2,66.0,25.7,0.417,0.1062,1
Rail,Europe,North_America,2952.2,84.8,82.8,0.9764,Standard,0.8704,4.9,50.6,16.6,0.5669,0.472,1
Ocean,East_Asia,North_America,7073.7,304.5,142.6,0.4683,Standard,0.8657,11.7,16.7,1.8,0.3435,0.4705,1
Ocean,South_Asia,Oceania,12234.4,438.3,189.7,0.4328,Standard,0.5522,35.4,71.0,19.7,0.5978,0.4791,1
Ocean,East_Asia,Latin_America,8703.5,344.3,141.9,0.4121,High,0.673,44.7,47.4,4.7,0.2923,0.5334,1
Ocean,Europe,Middle_East,7204.1,300.2,104.0,0.3464,Standard,0.7507,34.0,3.9,66.7,0.2456,0.7226,1
Ocean,Southeast_Asia,Oceania,13139.4,497.0,470.2,0.9461,Standard,0.99,34.8,15.6,37.1,0.6472,0.647,1
Rail,North_America,North_America,4091.0,114.1,46.6,0.4084,High,0.9358,49.2,32.6,18.3,0.0979,0.899,1
Ocean,South_Asia,Middle_East,8876.5,330.0,222.9,0.6755,High,0.8424,21.1,28.4,20.8,0.2839,0.1876,1
Ocean,East_Asia,North_America,14914.2,541.1,244.2,0.4513,Standard,0.8817,78.2,62.4,29.4,0.2978,0.5638,1
Rail,North_America,North_America,1893.8,60.1,50.3,0.8369,Standard,0.99,13.3,17.5,42.6,0.1648,0.9112,1
Rail,Europe,Europe,3560.3,118.5,8.4,0.0709,High,0.6411,24.1,67.3,28.3,0.0286,0.6814,1
Road,Europe,Europe,1496.8,32.0,11.9,0.3719,Standard,0.7266,49.4,51.9,7.4,0.1614,0.6379,1
Ocean,Southeast_Asia,Middle_East,11446.8,428.8,262.5,0.6122,Urgent,0.9024,37.1,16.9,34.4,0.3715,0.8181,1
Air,Middle_East,Oceania,6766.4,21.2,16.3,0.7689,Standard,0.7878,34.3,38.1,25.0,0.2741,0.7201,1
Road,Europe,North_America,669.4,21.8,1.7,0.078,Standard,0.6374,32.5,26.1,12.7,0.1386,0.354,1
Ocean,East_Asia,Oceania,7794.1,328.5,249.6,0.7598,Urgent,0.6838,57.2,24.2,17.7,0.6016,0.3721,1
Ocean,South_Asia,Europe,9759.7,381.3,112.5,0.295,Standard,0.99,30.7,28.6,20.3,0.8638,0.5499,1
Rail,East_Asia,East_Asia,3306.4,92.6,31.8,0.3434,Standard,0.8705,53.1,42.7,22.8,0.1291,0.2597,1
Air,North_America,East_Asia,6231.5,37.7,28.0,0.7427,Standard,0.8576,56.8,31.6,10.4,0.3998,0.3981,1
Ocean,Southeast_Asia,Europe,12279.6,471.0,122.7,0.2605,Standard,0.99,28.8,35.4,4.8,0.2915,0.1473,1
Air,North_America,Europe,6013.2,32.9,4.7,0.1429,Standard,0.7505,15.0,10.6,14.3,0.1028,0.9174,1
Ocean,South_Asia,Europe,9261.6,381.8,81.5,0.2135,Standard,0.7751,35.0,79.6,40.1,0.5894,0.2149,1
Ocean,Europe,Latin_America,12937.2,447.9,342.1,0.7638,Standard,0.9336,35.6,46.3,21.7,0.2165,0.5487,1
Ocean,East_Asia,North_America,16375.3,566.1,270.2,0.4773,Standard,0.8942,22.6,21.2,41.7,0.5386,0.1864,1
Air,Southeast_Asia,North_America,9821.1,27.2,18.7,0.6875,Standard,0.7085,22.2,5.7,31.5,0.5421,0.5357,1
Ocean,Southeast_Asia,North_America,13408.5,505.7,426.2,0.8428,Standard,0.8927,10.8,24.0,48.7,0.363,0.6007,1
Road,Latin_America,Latin_America,1936.5,38.1,9.4,0.2467,Urgent,0.9006,24.3,33.4,6.3,0.0683,0.4213,0
Road,Europe,Europe,1287.3,28.0,6.8,0.2429,Standard,0.8247,29.2,22.3,10.3,0.0524,0.6548,0
Road,Latin_America,Latin_America,891.6,22.3,15.6,0.6996,Standard,0.7878,25.3,11.9,32.7,0.21,0.2197,1
Ocean,Europe,Oceania,12731.7,475.3,68.8,0.1448,Standard,0.8284,26.2,51.9,20.9,0.6369,0.5195,1
Road,Europe,Europe,807.1,20.1,18.3,0.9104,High,0.8691,33.4,32.0,16.4,0.1411,0.4698,1
Rail,North_America,North_America,4051.5,96.2,26.0,0.2703,Standard,0.838,54.8,25.1,16.3,0.1442,0.9792,1
Rail,East_Asia,North_America,2129.0,57.6,30.8,0.5347,Standard,0.8255,19.4,19.6,24.1,0.6387,0.4619,1
Rail,Europe,Europe,2821.8,91.8,30.3,0.3301,Standard,0.9074,36.9,29.6,31.7,0.1618,0.423,1
Rail,North_America,East_Asia,2944.9,95.2,28.4,0.2983,Urgent,0.6523,78.0,42.6,25.8,0.5777,0.7963,1
Ocean,Europe,Oceania,10634.5,386.0,164.5,0.4262,Standard,0.8572,48.8,39.6,20.3,0.3746,0.7208,1
Ocean,Europe,Latin_America,5598.3,217.6,151.4,0.6958,Urgent,0.8637,17.6,41.1,28.1,0.4219,0.0747,1
Road,Europe,Europe,1362.4,26.7,18.2,0.6816,Standard,0.6952,27.8,40.3,3.4,0.0668,0.4848,1
Road,East_Asia,East_Asia,1729.9,30.7,21.4,0.6971,Standard,0.836,24.9,22.6,32.2,0.0923,0.7358,1
Ocean,South_Asia,North_America,7343.1,276.0,50.1,0.1815,Standard,0.8426,19.3,40.9,44.4,0.2916,0.5063,1
Road,North_America,North_America,583.9,18.7,6.1,0.3262,High,0.9717,52.4,41.2,40.5,0.0486,0.5287,1
Air,Europe,Middle_East,4593.2,34.7,22.9,0.6599,Standard,0.6622,34.8,6.4,6.9,0.412,0.7013,1
Road,East_Asia,East_Asia,1114.0,22.6,18.8,0.8319,Standard,0.6815,40.5,12.5,26.4,0.113,0.7467,1
Rail,North_America,North_America,1973.7,84.6,43.5,0.5142,High,0.8842,23.7,24.4,26.0,0.1137,0.4158,1
Air,East_Asia,Middle_East,7468.7,26.3,7.9,0.3004,Urgent,0.8925,24.6,40.0,15.6,0.4588,0.764,1
Air,Middle_East,Oceania,5024.4,34.0,28.5,0.8382,Standard,0.8741,13.6,15.6,13.3,0.3398,0.5848,1
Road,Europe,Europe,1120.6,30.1,15.4,0.5116,Standard,0.8798,55.7,63.4,12.5,0.131,0.6612,1
Ocean,South_Asia,North_America,16228.5,552.3,508.5,0.9207,High,0.8708,100.0,28.9,13.6,0.5052,0.1683,1
Air,Southeast_Asia,Europe,10040.5,34.0,32.5,0.9559,Urgent,0.8753,28.6,24.3,21.0,0.5614,0.1488,1
Road,East_Asia,East_Asia,1681.8,38.7,5.0,0.1292,High,0.989,17.4,61.9,24.3,0.1841,0.1616,1
Ocean,East_Asia,Latin_America,13610.8,510.6,119.7,0.2344,High,0.8467,68.8,36.2,36.2,0.4539,0.9711,1
Ocean,East_Asia,Oceania,4264.3,187.6,43.2,0.2303,Urgent,0.7704,15.1,56.9,57.4,0.6089,0.4056,1
Ocean,Europe,Oceania,7274.4,283.0,261.2,0.923,Standard,0.9625,5.5,44.9,61.8,0.1842,0.3725,1
Air,Middle_East,East_Asia,7125.6,24.8,17.0,0.6855,Standard,0.8984,21.5,19.4,19.6,0.5792,0.4639,1
Road,Europe,Europe,150.0,14.3,6.0,0.4196,Standard,0.9507,43.6,26.8,5.5,0.1465,0.6188,0
Ocean,South_Asia,Latin_America,11030.8,408.2,192.3,0.4711,Standard,0.9468,23.2,34.8,7.0,0.1676,0.5611,1
Air,East_Asia,Oceania,4267.8,30.5,7.2,0.2361,Standard,0.9202,35.6,9.9,45.6,0.3772,0.3358,1
Ocean,Europe,Europe,12841.7,462.2,50.8,0.1099,Standard,0.9345,88.1,51.5,16.5,0.1025,0.4626,1
Road,North_America,North_America,806.2,21.5,7.6,0.3535,High,0.99,31.8,49.0,33.9,0.1436,0.0613,1
Rail,East_Asia,East_Asia,5884.2,139.7,88.5,0.6335,Standard,0.8775,38.0,48.6,26.2,0.0872,0.3773,1
Rail,Europe,Europe,1860.7,68.3,34.8,0.5095,Standard,0.9425,50.6,22.9,9.2,0.0507,0.4145,0
Ocean,South_Asia,Middle_East,13501.9,462.2,407.6,0.8819,Standard,0.8284,38.4,27.4,16.1,0.3602,0.6395,1
Ocean,Southeast_Asia,Latin_America,9447.2,349.9,307.8,0.8797,Standard,0.817,29.1,29.6,41.0,0.3203,0.2343,1
Ocean,East_Asia,North_America,5156.4,221.5,105.3,0.4754,Standard,0.9776,16.9,72.8,44.6,0.2002,0.4698,1
Ocean,South_Asia,North_America,13313.0,463.4,205.4,0.4432,Standard,0.9041,22.3,40.8,35.9,0.6929,0.6334,1
Rail,North_America,North_America,4878.7,129.4,58.9,0.4552,Standard,0.8987,50.0,13.7,11.4,0.1303,0.2419,0
Road,Europe,Europe,919.9,21.9,12.1,0.5525,Standard,0.7993,16.3,74.9,25.2,0.174,0.7952,1
Ocean,South_Asia,Oceania,14479.0,510.0,170.4,0.3341,Standard,0.9256,53.3,19.7,11.9,0.173,0.9432,1
Ocean,Europe,Latin_America,18883.6,667.7,208.8,0.3127,Urgent,0.7876,12.1,40.8,33.8,0.4224,0.4144,1
Ocean,Europe,Latin_America,3500.0,163.1,86.4,0.5297,Standard,0.897,24.4,35.7,28.4,0.341,0.5331,1
Air,North_America,Europe,6413.4,21.2,7.9,0.3726,Standard,0.8272,78.0,44.5,46.2,0.3166,0.9207,1
Air,Europe,Latin_America,8047.2,35.2,24.2,0.6875,Standard,0.8689,52.1,13.4,37.9,0.3727,0.1847,1
Road,Europe,Europe,589.5,17.0,4.3,0.2529,Urgent,0.7532,21.8,30.0,24.4,0.1615,0.7987,1
Ocean,Southeast_Asia,North_America,3500.0,149.1,65.6,0.44,High,0.8574,60.5,9.2,61.5,0.1709,0.5994,1
Rail,Europe,Europe,6223.9,164.8,71.5,0.4339,High,0.872,13.5,40.3,20.1,0.1665,0.1067,0
Air,North_America,Oceania,6499.3,23.6,20.5,0.8686,High,0.7014,43.7,37.3,13.5,0.5563,0.7931,1
Rail,Europe,Europe,1190.9,41.4,39.1,0.9444,Standard,0.9486,4.4,34.4,20.2,0.0826,0.7678,0
Rail,South_Asia,East_Asia,1864.7,72.6,24.3,0.3347,Standard,0.9421,27.2,51.6,35.0,0.5167,0.4247,1
Air,Latin_America,North_America,5965.7,43.0,4.8,0.1116,Standard,0.4756,29.2,53.0,12.6,0.6168,0.3941,1
Road,North_America,North_America,579.0,13.6,12.4,0.9118,Urgent,0.8344,26.7,87.7,45.0,0.1303,0.685,1
Ocean,Europe,Oceania,10319.7,392.2,186.9,0.4765,Standard,0.6435,20.0,19.7,41.0,0.6549,0.8869,1
Air,East_Asia,North_America,2211.7,23.1,15.0,0.6494,Standard,0.7271,11.4,19.6,3.6,0.444,0.1578,1
Air,Europe,Oceania,2911.6,33.3,25.4,0.7628,Standard,0.691,43.1,42.1,21.4,0.613,0.485,1
Road,North_America,North_America,2544.4,49.7,19.3,0.3883,Standard,0.7646,14.7,26.1,32.1,0.2005,0.1207,0
Road,Latin_America,Europe,1124.1,23.3,5.6,0.2403,Standard,0.848,48.1,24.2,26.6,0.2881,0.066,1
Road,Europe,Europe,1361.1,28.3,15.4,0.5442,Standard,0.9586,51.1,32.7,27.6,0.132,0.9289,1
Rail,South_Asia,South_Asia,1454.7,59.8,16.4,0.2742,Standard,0.846,39.3,42.4,25.6,0.0499,0.0618,1
Ocean,East_Asia,Middle_East,8577.7,354.9,146.8,0.4136,Standard,0.9104,26.8,42.4,7.2,0.3196,0.9667,1
Air,North_America,Middle_East,10862.3,31.2,5.3,0.1699,Standard,0.599,26.6,5.7,20.6,0.5033,0.7508,1
Rail,Europe,East_Asia,5079.4,145.2,65.1,0.4483,Standard,0.9377,26.3,22.2,10.4,0.3534,0.796,1
Ocean,South_Asia,Europe,8896.8,331.0,224.3,0.6776,High,0.9128,42.9,27.1,15.2,0.4098,0.6072,1
Road,North_America,North_America,1491.1,34.9,9.0,0.2579,High,0.9047,53.7,94.1,25.3,0.0966,0.63,1
Road,Europe,Europe,450.9,12.9,1.0,0.0775,High,0.7261,12.0,36.5,30.2,0.1678,0.9244,1
Air,Europe,North_America,6290.6,35.2,20.6,0.5852,Standard,0.99,38.3,28.1,26.4,0.3582,0.9144,1
Air,Latin_America,Europe,9127.9,34.3,9.0,0.2624,High,0.99,30.8,33.4,54.1,0.5192,0.0593,1
Ocean,Southeast_Asia,Latin_America,3500.0,158.3,137.1,0.8661,Standard,0.99,20.4,34.0,41.2,0.2414,0.9175,1
Ocean,East_Asia,Oceania,13455.8,465.3,392.4,0.8433,High,0.8366,23.3,23.5,9.2,0.2814,0.5559,1
Rail,South_Asia,South_Asia,3429.9,90.6,70.1,0.7737,Standard,0.6203,21.5,54.1,19.6,0.15,0.4062,1
Road,North_America,Europe,1218.1,31.4,9.5,0.3025,High,0.8863,37.9,27.8,17.1,0.5736,0.6294,1
Ocean,South_Asia,Europe,12643.2,448.0,355.6,0.7938,Standard,0.881,31.4,19.4,23.1,0.2329,0.1854,1
Air,South_Asia,North_America,8032.1,41.9,7.2,0.1718,High,0.8249,44.4,7.3,22.3,0.3852,0.0782,1
Road,North_America,North_America,1098.9,30.3,9.5,0.3135,Standard,0.6683,12.9,100.0,21.5,0.0459,0.5716,1
Ocean,Southeast_Asia,Oceania,9042.5,352.0,174.0,0.4943,Urgent,0.7228,48.1,19.5,47.2,0.271,0.0613,1
Ocean,Southeast_Asia,Europe,13178.0,505.9,268.5,0.5307,Standard,0.8994,30.1,6.2,19.2,0.8176,0.8004,1
Road,North_America,North_America,594.4,13.5,6.4,0.4741,High,0.8427,43.3,72.2,29.7,0.1228,0.4438,1
Rail,Europe,North_America,3349.5,79.7,66.9,0.8394,Standard,0.6948,8.7,72.9,9.9,0.1354,0.1996,1
Rail,North_America,North_America,4709.8,125.7,115.4,0.9181,Standard,0.9388,28.9,14.2,42.4,0.0709,0.5345,1
Road,North_America,North_America,1390.2,27.6,23.1,0.837,Standard,0.8616,15.2,32.4,35.6,0.0862,0.3243,0
Rail,Europe,East_Asia,4138.9,113.8,50.4,0.4429,Urgent,0.99,34.0,10.8,30.3,0.1077,0.5214,1
Ocean,Europe,Oceania,10339.7,417.4,111.0,0.2659,High,0.9736,5.8,17.6,4.9,0.4046,0.374,0
Air,North_America,Middle_East,10125.8,44.7,6.6,0.1477,High,0.99,31.9,35.0,44.1,0.2213,0.3698,1
Road,East_Asia,East_Asia,1677.6,33.1,29.0,0.8761,High,0.9897,26.0,56.3,19.4,0.2694,0.8731,1
Ocean,Europe,Middle_East,7614.3,300.7,267.1,0.8883,Standard,0.9689,18.4,75.4,50.8,0.3352,0.2849,1
Road,Europe,North_America,906.2,28.3,18.8,0.6643,Urgent,0.875,56.9,27.8,26.8,0.3837,0.2423,1
Ocean,East_Asia,Oceania,12705.6,455.7,315.8,0.693,Standard,0.99,36.6,41.1,36.6,0.4197,0.3632,1
Ocean,Southeast_Asia,Europe,9110.0,363.1,45.3,0.1248,Standard,0.8836,42.9,71.2,25.4,0.4891,0.5333,1
Road,North_America,North_America,1276.9,30.8,8.7,0.2825,Standard,0.8494,84.9,67.2,20.3,0.1525,0.5341,1
Road,North_America,North_America,380.7,12.0,1.4,0.1167,High,0.7751,6.7,14.4,7.4,0.1081,0.6025,0
Ocean,East_Asia,Oceania,9186.6,378.2,117.9,0.3117,Standard,0.9341,70.0,74.8,53.2,0.0819,0.4407,1
Ocean,East_Asia,Oceania,5761.4,242.8,101.4,0.4176,Standard,0.8651,20.4,82.0,28.6,0.8281,0.8715,1
Road,East_Asia,East_Asia,1804.5,31.4,3.2,0.1019,Standard,0.7346,11.7,42.2,13.0,0.117,0.2389,1
Ocean,Europe,North_America,11160.4,419.3,328.0,0.7823,Standard,0.7889,22.0,15.1,26.1,0.5313,0.2763,1
Road,Latin_America,Europe,776.1,21.6,10.0,0.463,High,0.6912,27.9,49.3,22.3,0.2168,0.6974,1
Air,East_Asia,Latin_America,7190.1,31.3,11.8,0.377,High,0.8258,34.1,57.4,31.3,0.609,0.1522,1
Road,North_America,North_America,1367.0,32.0,25.1,0.7844,Standard,0.7294,26.9,72.0,16.5,0.0985,0.8232,1
Road,Europe,Latin_America,1566.2,31.6,10.8,0.3418,Standard,0.7586,46.7,14.7,17.8,0.396,0.9146,1
Ocean,South_Asia,Oceania,13911.3,470.9,362.6,0.77,High,0.8171,56.3,48.8,7.2,0.4583,0.247,1
Rail,North_America,Europe,2190.2,81.0,33.1,0.4086,Standard,0.99,27.9,23.0,38.6,0.3163,0.5745,1
Ocean,Southeast_Asia,Latin_America,16351.1,576.2,350.5,0.6083,High,0.9072,64.8,21.0,17.8,0.8596,0.6816,1
Road,Europe,North_America,1580.9,28.7,16.2,0.5645,High,0.99,15.0,19.7,31.2,0.9111,0.5207,1
Air,South_Asia,Middle_East,8984.9,32.8,15.0,0.4573,Standard,0.8182,18.0,53.4,38.2,0.3362,0.7182,1
Ocean,South_Asia,Middle_East,9986.3,365.3,271.9,0.7443,High,0.836,52.6,33.3,35.3,0.4168,0.2782,1
Rail,East_Asia,East_Asia,4243.8,113.1,93.0,0.8223,Standard,0.5916,24.4,47.9,49.0,0.0669,0.4418,1
Road,Latin_America,Latin_America,2683.1,44.2,15.8,0.3575,Standard,0.6027,41.2,63.6,22.5,0.0775,0.0579,1
Ocean,Europe,Latin_America,8767.1,340.5,259.2,0.7612,Urgent,0.9659,92.7,41.7,23.8,0.5191,0.6746,1
Ocean,Southeast_Asia,North_America,7988.6,316.4,112.0,0.354,Standard,0.68,30.2,83.6,34.0,0.4518,0.5587,1
Road,Europe,Europe,1766.9,29.4,10.8,0.3673,Standard,0.9865,42.2,16.1,32.5,0.1677,0.4912,0
Ocean,Europe,Europe,7218.1,267.8,207.9,0.7763,High,0.7538,40.1,28.7,33.8,0.1603,0.5853,1
Ocean,South_Asia,North_America,10367.1,407.6,187.2,0.4593,High,0.99,26.7,23.4,14.9,0.3811,0.8147,1
Road,Europe,Europe,473.9,14.9,8.4,0.5638,Standard,0.9683,25.4,41.1,47.1,0.156,0.2684,1
Road,Europe,Europe,2605.6,51.4,41.3,0.8035,Standard,0.8298,64.0,35.8,35.6,0.1858,0.9231,1
Road,Europe,Europe,2259.5,38.9,17.4,0.4473,High,0.7776,54.8,42.2,54.2,0.0987,0.3754,1
Air,Latin_America,Oceania,10746.4,31.6,16.2,0.5127,Urgent,0.8104,65.5,25.7,20.2,0.1804,0.4989,1
Ocean,East_Asia,Latin_America,12789.4,449.8,247.4,0.55,Standard,0.8485,28.4,52.2,32.8,0.6174,0.8253,1
Ocean,East_Asia,Middle_East,14306.8,498.0,369.1,0.7412,Standard,0.8822,16.3,45.5,30.9,0.4861,0.854,1
Ocean,Southeast_Asia,Latin_America,15030.4,555.9,527.9,0.9496,Standard,0.7806,32.0,42.9,15.7,0.6739,0.3613,1
Air,Europe,Latin_America,7049.1,45.1,7.2,0.1596,Standard,0.99,32.0,18.8,28.9,0.4143,0.9061,1
Air,Southeast_Asia,Middle_East,6688.7,21.0,19.5,0.9286,Standard,0.7031,13.5,10.7,9.4,0.5384,0.8985,1
Ocean,South_Asia,Latin_America,9651.1,373.4,282.9,0.7576,Urgent,0.8868,28.2,11.3,14.1,0.5621,0.1121,1
Road,Latin_America,North_America,2120.4,42.8,22.7,0.5304,Standard,0.8378,10.0,12.1,11.2,0.3085,0.4689,0
Ocean,East_Asia,North_America,9558.8,392.5,70.5,0.1796,High,0.7343,39.4,51.2,10.2,0.5027,0.4363,1
Road,Latin_America,Latin_America,1230.7,31.6,7.8,0.2468,Standard,0.883,26.0,26.1,9.5,0.0366,0.8103,1
Rail,South_Asia,East_Asia,4980.1,125.8,100.1,0.7957,Standard,0.9036,10.1,39.9,32.9,0.6212,0.881,1
Ocean,East_Asia,Oceania,11671.8,449.8,319.9,0.7112,Standard,0.7282,34.3,25.3,30.7,0.1492,0.2046,1
Air,East_Asia,Oceania,5384.1,26.1,23.4,0.8966,High,0.5766,23.6,17.7,14.9,0.3135,0.5269,1
Ocean,Europe,North_America,9780.2,346.4,151.5,0.4374,Standard,0.9555,39.5,11.4,25.1,0.4231,0.5603,1
Air,Middle_East,Latin_America,5706.2,42.9,6.6,0.1538,Standard,0.6252,31.4,3.9,42.8,0.1725,0.8612,1
Air,North_America,Oceania,2717.0,24.4,6.3,0.2582,High,0.8862,56.6,33.8,22.3,0.2378,0.8001,1
Air,Middle_East,Oceania,7378.0,29.4,12.7,0.432,High,0.7735,15.1,22.5,6.7,0.6503,0.6557,1
Air,North_America,Latin_America,12718.0,43.6,37.6,0.8624,Urgent,0.7273,11.3,72.6,17.1,0.2618,0.2455,1
Road,North_America,North_America,1408.3,28.6,11.3,0.3951,Standard,0.9783,37.8,45.1,43.1,0.1435,0.2264,1
Ocean,Southeast_Asia,Middle_East,10050.7,370.2,59.0,0.1594,Urgent,0.8864,32.0,34.2,14.1,0.4508,0.4154,1
Air,South_Asia,Middle_East,7218.2,23.0,6.4,0.2783,Urgent,0.8906,34.0,35.9,27.0,0.3099,0.5692,1
Air,Latin_America,East_Asia,4279.9,35.1,20.2,0.5755,Standard,0.99,48.5,56.1,20.8,0.5474,0.8845,1
Rail,North_America,North_America,6677.9,155.6,13.6,0.0874,High,0.7376,10.4,26.8,49.5,0.2084,0.4367,1
Air,Middle_East,North_America,12965.9,52.6,29.6,0.5627,Standard,0.99,47.1,46.9,6.4,0.531,0.3061,1
Air,Europe,East_Asia,10757.8,42.2,23.3,0.5521,Standard,0.7876,37.6,19.5,7.9,0.4997,0.7914,1
Ocean,East_Asia,Europe,13998.3,483.1,214.3,0.4436,High,0.99,57.9,15.7,44.3,0.3597,0.4212,1
Air,Southeast_Asia,East_Asia,6731.4,40.5,24.6,0.6074,Standard,0.9005,34.5,18.0,27.6,0.3406,0.5216,1
Ocean,Europe,Europe,11682.5,423.6,91.6,0.2162,High,0.7618,17.2,30.0,9.2,0.1493,0.9671,1
Ocean,East_Asia,Latin_America,7891.5,319.0,278.6,0.8734,Urgent,0.8508,31.2,54.9,27.8,0.6984,0.6169,1
Rail,East_Asia,East_Asia,4562.3,138.5,71.7,0.5177,Standard,0.8762,5.5,16.1,31.7,0.1798,0.1666,0
Ocean,East_Asia,Europe,7676.9,290.5,283.4,0.9756,Urgent,0.99,14.7,35.0,43.9,0.6797,0.0895,1
Ocean,Southeast_Asia,Europe,14392.3,487.7,53.3,0.1093,Standard,0.6254,44.6,20.7,19.8,0.7733,0.2988,1
Road,Europe,Europe,770.9,15.3,7.2,0.4706,High,0.914,13.0,13.6,18.7,0.2068,0.183,0
Ocean,South_Asia,Middle_East,8424.6,336.5,278.6,0.8279,Standard,0.841,36.1,28.1,22.5,0.3571,0.8932,1
Ocean,South_Asia,North_America,9944.1,361.1,188.2,0.5212,Standard,0.7304,45.3,30.8,16.9,0.6088,0.6698,1
Road,North_America,North_America,1446.2,29.3,15.7,0.5358,Urgent,0.8991,20.0,66.7,23.3,0.0366,0.7078,1
Air,Latin_America,Middle_East,10624.2,28.2,4.1,0.1454,Urgent,0.5198,36.2,32.8,22.5,0.3948,0.4453,1
Ocean,East_Asia,Middle_East,15208.4,549.7,514.1,0.9352,Standard,0.9417,17.0,40.4,24.5,0.3355,0.3493,1
Road,Latin_America,Latin_America,633.9,21.2,16.9,0.7972,Urgent,0.9265,18.9,38.8,12.3,0.1642,0.3123,0
Air,North_America,Middle_East,2434.4,22.4,9.9,0.442,Standard,0.892,51.2,35.6,6.1,0.05,0.2242,0
Ocean,Southeast_Asia,Latin_America,11742.4,435.0,289.8,0.6662,Urgent,0.7866,68.8,91.7,12.7,0.2251,0.6931,1
Rail,South_Asia,South_Asia,4673.1,114.4,99.7,0.8715,Standard,0.9734,21.3,65.4,21.0,0.069,0.5943,1
Ocean,Europe,North_America,12636.0,459.6,384.5,0.8366,Standard,0.8734,27.2,36.5,43.5,0.3552,0.331,1
Ocean,East_Asia,Europe,12589.3,467.5,179.3,0.3835,Standard,0.7908,82.3,50.6,15.3,0.6781,0.3365,1
Rail,North_America,North_America,2685.8,77.6,18.7,0.241,Standard,0.99,32.0,78.0,23.2,0.2018,0.7796,1
Ocean,Europe,North_America,8615.5,317.9,177.4,0.558,High,0.99,39.3,49.2,16.1,0.5047,0.3023,1
Ocean,Europe,Europe,12050.7,418.1,370.3,0.8857,Standard,0.7501,42.9,50.6,10.4,0.1052,0.1641,1
Road,North_America,North_America,1110.0,28.0,14.3,0.5107,Standard,0.7499,32.8,7.3,34.4,0.1005,0.503,1
Road,East_Asia,East_Asia,1587.2,36.0,32.1,0.8917,Standard,0.8732,44.9,6.1,7.2,0.0661,0.0569,0
Road,North_America,North_America,1319.0,30.1,28.4,0.9435,Urgent,0.6882,37.4,34.3,4.9,0.1076,0.4766,1
Road,East_Asia,East_Asia,2162.8,39.7,16.7,0.4207,Standard,0.8378,46.8,19.1,36.2,0.1798,0.1548,1
Rail,South_Asia,South_Asia,3924.0,115.1,96.3,0.8367,Standard,0.9498,32.6,15.9,24.3,0.1161,0.5384,1
Road,East_Asia,East_Asia,150.0,13.9,8.4,0.6043,High,0.7737,53.8,22.4,24.4,0.0559,0.1033,1
Ocean,South_Asia,Europe,8975.1,336.3,72.6,0.2159,Standard,0.9032,33.6,29.3,35.8,0.3243,0.4558,1
Road,East_Asia,East_Asia,150.0,6.4,0.3,0.0469,Urgent,0.7661,24.9,36.9,21.2,0.0575,0.7855,1
Road,Europe,Europe,1297.2,34.0,12.1,0.3559,High,0.8486,39.7,14.0,49.5,0.1468,0.6348,1
Ocean,South_Asia,Europe,13090.5,486.7,40.3,0.0828,Urgent,0.8358,33.5,52.5,21.8,0.4755,0.2367,1
Ocean,Europe,Middle_East,9561.5,387.3,76.9,0.1986,Standard,0.7174,25.3,28.3,16.6,0.5901,0.7719,1
Rail,North_America,North_America,3277.7,82.6,25.9,0.3136,Standard,0.92,59.3,35.2,48.9,0.1482,0.9257,1
Ocean,Europe,Oceania,13680.5,463.9,69.7,0.1502,Standard,0.897,24.2,38.3,20.5,0.2382,0.8215,1
Road,Latin_America,North_America,1501.3,32.0,11.2,0.35,Standard,0.99,27.2,76.8,19.5,0.3982,0.2616,1
Road,Latin_America,Latin_America,874.1,22.2,19.7,0.8874,High,0.8796,17.7,37.0,19.5,0.1206,0.2589,0
Air,Latin_America,North_America,8038.7,32.3,4.1,0.1269,Standard,0.99,34.8,10.5,44.3,0.6741,0.1548,1
Road,North_America,Latin_America,1970.5,38.2,17.7,0.4634,High,0.99,51.9,20.8,25.5,0.4061,0.6362,1
Ocean,South_Asia,Latin_America,5756.0,215.9,186.9,0.8657,Standard,0.8241,18.8,8.8,38.9,0.4398,0.4906,1
Road,East_Asia,East_Asia,1349.3,29.0,11.2,0.3862,Standard,0.99,55.6,19.2,82.0,0.1308,0.4112,1
Air,North_America,Europe,5542.2,23.5,16.6,0.7064,Standard,0.6838,70.0,21.8,25.0,0.6906,0.2733,1
Rail,Europe,Europe,4781.2,124.3,95.9,0.7715,Urgent,0.8792,30.5,15.3,31.5,0.2265,0.8917,1
Ocean,Southeast_Asia,Oceania,11790.2,417.6,342.9,0.8211,Standard,0.6868,21.7,31.8,19.6,0.2312,0.7851,1
Ocean,East_Asia,North_America,4846.4,240.8,210.9,0.8758,High,0.99,11.1,19.6,32.3,0.3685,0.2212,0
Ocean,Europe,Oceania,8214.7,337.2,296.7,0.8799,Standard,0.5388,28.0,19.4,22.7,0.2316,0.7613,1
Road,North_America,North_America,952.6,26.3,12.0,0.4563,Urgent,0.7885,63.0,15.2,33.8,0.02,0.6912,1
Ocean,East_Asia,Middle_East,17034.1,612.3,249.6,0.4076,Urgent,0.7918,83.2,69.9,9.4,0.544,0.5459,1
Rail,East_Asia,East_Asia,3709.5,105.4,35.7,0.3387,Standard,0.99,37.7,31.3,29.5,0.0825,0.9307,1
Road,North_America,North_America,1260.6,30.9,27.8,0.8997,Standard,0.9588,39.1,32.9,33.1,0.0927,0.3869,1
Road,Europe,Europe,1003.5,28.3,19.7,0.6961,Standard,0.8598,23.2,50.3,20.3,0.0995,0.4281,1
Ocean,South_Asia,Latin_America,13066.2,465.2,234.6,0.5043,Standard,0.9525,39.9,26.6,16.5,0.8837,0.5402,1
Ocean,East_Asia,Europe,9916.6,405.6,183.1,0.4514,Standard,0.9279,31.7,10.6,19.2,0.3889,0.1303,1
Air,Europe,Latin_America,2635.2,23.3,16.0,0.6867,Standard,0.8294,41.2,26.5,60.5,0.5658,0.6285,1
Ocean,South_Asia,North_America,8485.6,352.8,334.8,0.949,Standard,0.8155,35.4,35.0,16.2,0.2766,0.811,1
Rail,Europe,Europe,5277.9,118.9,99.3,0.8352,Standard,0.953,62.6,46.3,10.9,0.1456,0.1434,1
Road,Latin_America,Latin_America,617.0,12.8,8.3,0.6484,Standard,0.8386,42.7,56.0,13.6,0.1164,0.969,1
Road,Latin_America,Latin_America,399.0,20.4,13.6,0.6667,Urgent,0.646,32.0,19.8,34.4,0.0875,0.2151,1
Air,East_Asia,Latin_America,4709.9,34.1,14.2,0.4164,Standard,0.689,35.5,13.2,20.6,0.4722,0.1655,1
Air,South_Asia,North_America,8246.4,38.9,14.8,0.3805,High,0.7149,12.1,23.9,49.3,0.3509,0.1866,1
Ocean,Southeast_Asia,North_America,9456.6,342.0,133.8,0.3912,High,0.8966,31.9,33.3,40.8,0.3698,0.9797,1
Air,North_America,East_Asia,5018.8,38.1,14.3,0.3753,Standard,0.99,6.2,39.5,10.8,0.855,0.5432,1
Ocean,South_Asia,North_America,13692.7,487.3,314.6,0.6456,Standard,0.99,17.9,100.0,48.8,0.608,0.4323,1
Road,North_America,North_America,827.6,16.3,12.8,0.7853,Standard,0.9235,52.4,31.0,19.4,0.141,0.8978,1
Ocean,South_Asia,Latin_America,13288.9,470.8,279.3,0.5932,Standard,0.8709,33.6,48.8,13.9,0.5048,0.8847,1
Air,Latin_America,North_America,7299.3,32.8,24.9,0.7591,Standard,0.99,21.1,12.8,86.2,0.1818,0.9246,1
Ocean,South_Asia,Europe,9459.9,368.6,273.3,0.7415,High,0.8845,22.8,22.3,8.7,0.5113,0.6526,1
Ocean,East_Asia,Middle_East,13928.1,504.5,191.3,0.3792,High,0.709,35.0,29.6,13.5,0.739,0.0922,1
Ocean,Europe,North_America,8595.7,338.5,203.5,0.6012,Standard,0.9014,29.1,13.6,19.3,0.5486,0.3573,1
Road,Europe,Europe,1562.5,34.2,20.2,0.5906,High,0.8065,38.7,24.4,34.1,0.0838,0.792,1
Ocean,Southeast_Asia,Europe,9396.7,338.5,124.5,0.3678,Standard,0.808,18.6,45.4,9.4,0.688,0.9445,1
Ocean,Europe,Oceania,12584.5,436.1,26.9,0.0617,High,0.99,37.7,31.1,18.3,0.5463,0.6144,1
Road,Latin_America,Latin_America,1263.7,26.5,20.2,0.7623,Urgent,0.8633,41.9,22.8,20.7,0.0605,0.6237,1
Road,Latin_America,Latin_America,774.7,25.5,21.4,0.8392,Standard,0.7848,13.7,22.6,19.7,0.1803,0.8127,1
Air,Latin_America,North_America,6065.8,42.9,31.4,0.7319,Standard,0.8404,59.9,23.9,15.5,0.259,0.1205,1
Ocean,East_Asia,North_America,12797.5,454.0,337.7,0.7438,High,0.9552,38.2,53.2,11.3,0.8309,0.4674,1
Road,Europe,Europe,701.5,17.8,10.9,0.6124,Standard,0.794,15.5,41.7,13.8,0.0716,0.8959,0
Air,East_Asia,Latin_America,3774.7,32.5,18.7,0.5754,Standard,0.7337,15.9,22.2,30.8,0.3478,0.1846,1
Air,Southeast_Asia,North_America,8365.9,39.4,25.1,0.6371,Standard,0.99,27.5,31.4,8.8,0.3592,0.5118,1
Road,Europe,Latin_America,150.0,6.4,1.6,0.25,Standard,0.7783,55.8,24.0,7.1,0.5464,0.077,1
Rail,Europe,East_Asia,2143.1,83.8,80.0,0.9547,Standard,0.7537,31.9,49.3,10.0,0.5272,0.173,1
Ocean,South_Asia,North_America,12206.7,424.0,385.3,0.9087,Standard,0.9468,21.4,22.4,22.8,0.3145,0.8001,1
Ocean,Europe,Middle_East,10181.0,399.8,376.8,0.9425,Urgent,0.809,38.9,31.3,20.4,0.4617,0.8319,1
Air,Middle_East,Europe,11838.3,33.4,15.1,0.4521,High,0.99,30.0,24.7,74.5,0.4844,0.8482,1
Road,East_Asia,East_Asia,1553.5,35.5,26.5,0.7465,Standard,0.99,48.1,35.6,21.9,0.1255,0.4712,1
Road,East_Asia,East_Asia,1553.5,34.6,19.4,0.5607,High,0.8876,98.4,26.1,17.0,0.1537,0.39,1
Air,Europe,Oceania,4968.5,29.8,12.8,0.4295,High,0.7628,25.5,18.2,37.1,0.7208,0.5269,1
Ocean,Southeast_Asia,Oceania,10408.4,369.9,165.2,0.4466,Standard,0.7785,47.0,55.5,9.2,0.4429,0.8224,1
Ocean,Southeast_Asia,Europe,14362.6,535.1,287.2,0.5367,High,0.5575,26.8,30.2,8.9,0.5087,0.4498,1
Ocean,Europe,North_America,7218.3,318.0,123.2,0.3874,High,0.9494,29.4,52.2,15.6,0.5259,0.262,1
Rail,Europe,Europe,2112.2,62.2,9.0,0.1447,Standard,0.741,9.8,24.7,49.1,0.106,0.4382,1
Air,Southeast_Asia,Middle_East,4385.8,24.8,2.1,0.0847,Standard,0.99,36.0,19.2,7.4,0.463,0.1354,1
Road,Latin_America,Latin_America,1614.1,28.7,22.0,0.7666,High,0.6826,52.5,62.2,14.4,0.128,0.2351,1
Road,North_America,North_America,1206.5,22.3,21.6,0.9686,Standard,0.7838,18.3,11.4,21.8,0.1496,0.1905,0
Ocean,Southeast_Asia,Latin_America,14324.3,512.4,26.8,0.0523,Urgent,0.9188,51.3,72.9,29.2,0.1657,0.5167,1
Road,Latin_America,North_America,1194.8,23.1,21.5,0.9307,Standard,0.99,37.5,25.9,24.5,0.4432,0.0515,1
Ocean,Southeast_Asia,Middle_East,13011.5,460.7,267.7,0.5811,Standard,0.7432,87.0,12.8,24.5,0.6799,0.8619,1
Rail,South_Asia,South_Asia,4368.1,131.0,59.7,0.4557,High,0.7073,40.9,16.4,42.2,0.1599,0.0637,1
Road,East_Asia,East_Asia,602.6,14.0,2.7,0.1929,Standard,0.7433,60.7,56.3,45.2,0.1393,0.8472,1
Ocean,Southeast_Asia,Oceania,10488.6,402.8,366.3,0.9094,Urgent,0.8983,37.8,23.2,35.4,0.5087,0.7297,1
Road,Latin_America,Latin_America,1104.6,31.4,12.9,0.4108,Standard,0.9099,63.4,13.0,17.6,0.163,0.6062,1
Rail,South_Asia,East_Asia,4774.4,108.6,74.5,0.686,Standard,0.7628,59.6,24.1,3.8,0.8033,0.4178,1
Ocean,Europe,North_America,7365.9,291.2,64.1,0.2201,Urgent,0.8754,12.8,31.3,22.4,0.2195,0.6519,1
Rail,South_Asia,South_Asia,4558.4,112.3,106.6,0.9492,High,0.9803,18.8,23.4,13.7,0.02,0.6036,1
Air,Europe,East_Asia,4094.4,24.8,13.9,0.5605,High,0.8723,10.0,70.1,10.9,0.6555,0.807,1
Ocean,East_Asia,Middle_East,12315.5,423.7,63.1,0.1489,Standard,0.8224,74.2,25.9,18.5,0.4985,0.8731,1
Ocean,Europe,Europe,6328.2,235.7,227.8,0.9665,High,0.6563,83.0,33.6,23.3,0.1573,0.9456,1
Road,North_America,North_America,1416.5,26.3,22.5,0.8555,Standard,0.99,59.7,57.5,44.1,0.1156,0.7828,1
Ocean,Europe,Latin_America,8253.5,353.3,85.5,0.242,High,0.9118,20.4,11.0,23.3,0.2704,0.5124,1
Rail,Europe,North_America,5886.4,133.5,121.5,0.9101,High,0.99,33.2,49.0,4.1,0.3075,0.1133,1
Road,Latin_America,Latin_America,2188.6,46.1,20.9,0.4534,High,0.7586,43.8,15.4,21.5,0.0641,0.1131,1
Air,Southeast_Asia,Oceania,5431.1,25.0,24.0,0.96,High,0.9346,14.1,39.9,23.2,0.6007,0.6147,1
Road,Latin_America,Latin_America,2114.9,35.7,3.9,0.1092,High,0.5446,80.9,30.5,12.8,0.0516,0.2109,1
Road,Europe,Europe,840.0,17.3,16.9,0.9769,High,0.8526,45.3,45.0,27.3,0.0217,0.4401,1
Road,Europe,Europe,2174.3,45.7,17.1,0.3742,Urgent,0.8158,17.6,18.4,15.6,0.1736,0.1503,0
Rail,East_Asia,East_Asia,2627.5,86.8,7.2,0.0829,High,0.9218,44.9,38.6,19.0,0.1619,0.2903,1
Road,North_America,North_America,150.0,16.9,12.9,0.7633,High,0.8597,60.9,53.5,9.4,0.2277,0.8938,1
Rail,North_America,East_Asia,1862.4,78.2,76.0,0.9719,Standard,0.8423,69.0,80.0,32.8,0.2534,0.5801,1
Ocean,South_Asia,Middle_East,11340.3,392.7,339.0,0.8633,Standard,0.9897,33.8,41.7,9.9,0.7259,0.788,1
Air,Southeast_Asia,North_America,8837.7,28.5,12.7,0.4456,High,0.816,16.3,47.9,50.9,0.3837,0.9374,1
Rail,East_Asia,Europe,7388.2,178.3,138.3,0.7757,Urgent,0.8034,32.6,48.5,53.9,0.3407,0.2193,1
Ocean,Southeast_Asia,North_America,11097.1,391.0,111.8,0.2859,Standard,0.8506,45.0,13.2,8.6,0.6383,0.7493,1
Ocean,Southeast_Asia,Latin_America,15285.5,573.2,548.0,0.956,High,0.8828,26.9,18.2,0.9,0.788,0.4111,1
Rail,North_America,North_America,3815.2,89.9,74.3,0.8265,Standard,0.7535,17.3,39.0,40.8,0.0907,0.6588,1
Ocean,Europe,Middle_East,8939.3,318.9,215.8,0.6767,Urgent,0.99,16.9,100.0,29.3,0.6249,0.5885,1
Road,Latin_America,Latin_America,1951.3,37.2,17.3,0.4651,Standard,0.7477,19.2,55.1,28.8,0.1583,0.813,1
Road,East_Asia,Europe,150.0,6.6,0.8,0.1212,High,0.7757,40.5,52.5,45.9,0.203,0.6668,1
Ocean,Southeast_Asia,North_America,16924.4,616.3,382.3,0.6203,Urgent,0.971,35.1,28.3,12.7,0.4428,0.0998,1
Rail,Europe,North_America,4265.4,116.8,75.0,0.6421,High,0.8383,60.4,41.8,43.0,0.5948,0.8661,1
Air,North_America,Latin_America,8118.8,44.7,31.5,0.7047,Standard,0.6851,22.0,34.6,14.0,0.6631,0.9035,1
Road,Europe,North_America,362.9,10.9,8.4,0.7706,Standard,0.8817,32.8,40.6,21.1,0.2805,0.0976,0
Ocean,Europe,Middle_East,11492.5,418.5,207.1,0.4949,Standard,0.99,85.4,46.5,34.6,0.1312,0.5401,1
Road,East_Asia,East_Asia,926.9,28.9,24.6,0.8512,High,0.9461,20.0,19.1,16.9,0.1759,0.1899,0
Air,Middle_East,Europe,10615.5,38.4,10.3,0.2682,Standard,0.8395,35.0,36.5,34.3,0.2917,0.1212,1
Ocean,South_Asia,Latin_America,17260.3,616.9,325.8,0.5281,Standard,0.9332,26.2,21.4,29.8,0.7271,0.626,1
Rail,South_Asia,South_Asia,4087.9,94.7,13.2,0.1394,Standard,0.9149,8.1,20.2,32.4,0.1427,0.9106,1
Road,East_Asia,Europe,1765.2,36.2,11.9,0.3287,Urgent,0.8597,100.0,65.1,14.0,0.5738,0.4138,1
Ocean,East_Asia,Latin_America,12727.1,444.8,419.9,0.944,Standard,0.9846,15.3,29.9,22.8,0.2814,0.5987,1
Ocean,South_Asia,Oceania,8521.8,319.4,179.1,0.5607,Standard,0.99,49.1,61.3,20.7,0.3919,0.2312,1
Air,East_Asia,Oceania,3409.4,25.6,7.3,0.2852,High,0.9835,18.8,70.0,4.6,0.4594,0.7601,1
Road,North_America,North_America,1000.9,18.8,4.9,0.2606,Standard,0.8529,27.0,32.5,10.2,0.0969,0.1531,0
Road,Europe,Europe,1871.6,37.9,26.1,0.6887,Standard,0.6477,23.0,78.5,31.2,0.092,0.8024,1
Road,Latin_America,North_America,1078.7,28.5,27.7,0.9719,High,0.7821,16.6,32.9,13.9,0.5819,0.9429,1
Road,Europe,North_America,1144.5,24.7,4.2,0.17,Standard,0.6183,39.9,52.9,35.7,0.3749,0.6912,1
Ocean,Europe,Oceania,14620.3,503.4,474.9,0.9434,Urgent,0.8123,11.1,96.8,51.9,0.5713,0.1808,1
Air,South_Asia,Europe,5986.3,25.9,11.6,0.4479,Standard,0.7571,39.5,36.9,23.1,0.3589,0.3806,1
Ocean,South_Asia,Latin_America,13079.6,463.5,361.8,0.7806,High,0.8313,46.6,27.8,19.4,0.1273,0.5029,1
Rail,Europe,North_America,3179.3,84.1,39.5,0.4697,Standard,0.8742,39.1,24.2,6.9,0.4113,0.4502,1
Ocean,Southeast_Asia,North_America,13091.8,450.7,228.6,0.5072,High,0.8563,38.4,45.5,31.8,0.5715,0.6887,1
Road,North_America,North_America,470.9,13.3,7.5,0.5639,Standard,0.99,8.8,27.8,24.1,0.2063,0.3761,0
Air,East_Asia,North_America,4157.2,23.8,20.8,0.8739,High,0.9674,19.6,90.7,32.0,0.8358,0.3088,1
Air,East_Asia,Latin_America,5726.7,37.6,23.7,0.6303,Standard,0.8463,35.4,92.1,16.6,0.4747,0.3069,1
Ocean,Europe,Europe,12504.3,475.1,117.0,0.2463,High,0.644,13.7,30.6,53.7,0.2001,0.4613,1
Road,Latin_America,Latin_America,2308.8,44.5,21.7,0.4876,Standard,0.7757,29.8,15.2,30.3,0.1496,0.6324,1
Rail,Europe,Europe,2644.3,86.0,7.6,0.0884,Standard,0.99,57.2,32.0,7.3,0.138,0.8902,1
Road,East_Asia,East_Asia,150.0,17.8,7.5,0.4213,Standard,0.8972,29.1,42.9,30.8,0.1815,0.3795,1
Rail,Europe,East_Asia,5543.9,157.4,151.5,0.9625,High,0.9294,40.3,62.3,15.4,0.4736,0.6117,1
Air,North_America,Middle_East,8199.7,27.4,19.3,0.7044,Standard,0.8489,40.1,26.0,37.6,0.4759,0.9653,1
Air,Southeast_Asia,Middle_East,1326.2,27.5,12.6,0.4582,Standard,0.8273,32.2,17.9,16.3,0.2188,0.1371,0
Air,Middle_East,Europe,7325.2,32.9,20.1,0.6109,High,0.8374,23.9,97.3,19.8,0.5041,0.9274,1
Rail,East_Asia,East_Asia,2869.1,102.6,81.1,0.7904,Standard,0.8077,57.8,32.1,13.4,0.0451,0.9552,1
Rail,East_Asia,East_Asia,3221.0,84.2,34.3,0.4074,Standard,0.8737,18.3,25.4,30.7,0.0748,0.1248,0
Ocean,East_Asia,Oceania,9747.7,367.5,108.6,0.2955,High,0.7164,63.2,12.6,34.9,0.5906,0.1831,1
Rail,Europe,East_Asia,2583.2,95.3,83.8,0.8793,Standard,0.7383,10.1,10.0,59.7,0.2702,0.1966,1
Road,East_Asia,East_Asia,2316.2,45.7,22.4,0.4902,Standard,0.99,50.3,38.6,38.3,0.0833,0.5521,1
Road,Latin_America,Latin_America,150.0,11.0,9.8,0.8909,High,0.8989,13.2,68.9,27.3,0.0426,0.8781,1
Rail,Europe,Europe,3552.3,84.3,73.0,0.866,Standard,0.99,88.4,88.2,33.5,0.1267,0.3223,1
Air,Latin_America,Oceania,11052.9,27.4,1.8,0.0657,High,0.8577,20.8,75.1,44.3,0.3868,0.9016,1
Road,North_America,North_America,150.0,14.9,1.0,0.0671,High,0.99,45.4,43.4,42.5,0.1266,0.7714,1
Rail,South_Asia,North_America,547.1,53.0,13.6,0.2566,Standard,0.7313,92.3,70.2,32.3,0.5498,0.2563,1
Ocean,Europe,Oceania,12801.7,479.9,403.4,0.8406,Standard,0.99,26.8,51.3,40.7,0.801,0.5371,1
Ocean,Europe,North_America,7878.5,312.9,204.7,0.6542,Standard,0.99,15.0,22.7,12.4,0.2072,0.7899,1
Road,Latin_America,Latin_America,1659.3,33.2,18.7,0.5633,High,0.8845,22.4,42.6,10.0,0.0782,0.5648,1
Air,North_America,East_Asia,3722.2,27.0,9.5,0.3519,Urgent,0.8592,19.6,33.7,23.5,0.3352,0.5962,1
Rail,Europe,Europe,2269.2,84.6,61.7,0.7293,Standard,0.8247,22.7,16.8,13.4,0.0859,0.6851,1
Road,Latin_America,Latin_America,1872.4,37.0,9.7,0.2622,Standard,0.9161,67.8,28.9,40.1,0.0872,0.8118,1
Ocean,East_Asia,North_America,12767.7,445.8,54.4,0.122,High,0.9228,13.5,30.8,35.6,0.0889,0.6392,1
Ocean,Europe,Europe,17005.1,590.4,406.5,0.6885,Standard,0.8311,15.4,14.6,6.5,0.1357,0.1093,1
Air,Europe,North_America,6268.4,37.6,18.5,0.492,Standard,0.6895,10.1,46.6,14.2,0.5271,0.7719,1
Air,Europe,East_Asia,1200.0,15.6,13.7,0.8782,Standard,0.8852,57.5,100.0,15.2,0.3551,0.0686,1
Ocean,East_Asia,Europe,12235.7,455.4,258.0,0.5665,Urgent,0.7886,12.9,83.4,28.8,0.556,0.8616,1
Ocean,South_Asia,Middle_East,6618.8,287.0,134.0,0.4669,Standard,0.737,64.7,24.2,23.3,0.6337,0.66,1
Road,North_America,North_America,1729.7,31.3,23.2,0.7412,Standard,0.6894,6.1,25.1,43.0,0.1,0.7458,1
Air,Southeast_Asia,Latin_America,7021.2,21.4,6.3,0.2944,Standard,0.9419,13.5,22.5,55.2,0.0997,0.7375,1
Air,East_Asia,Latin_America,8563.2,27.3,8.5,0.3114,Standard,0.99,37.5,54.4,27.0,0.7778,0.3002,1
Ocean,East_Asia,Middle_East,10861.5,433.7,22.8,0.0526,Standard,0.6549,19.3,13.5,24.9,0.7923,0.3111,1
Air,North_America,Latin_America,8122.1,45.0,24.4,0.5422,Standard,0.8033,42.2,23.5,39.6,0.3923,0.4466,1
Ocean,Southeast_Asia,Middle_East,11693.1,452.9,310.9,0.6865,Urgent,0.7561,36.8,35.0,12.6,0.5313,0.4826,1
Road,Europe,Europe,2024.2,42.8,20.3,0.4743,Standard,0.99,85.2,35.0,85.7,0.2395,0.8705,1
Road,East_Asia,East_Asia,987.8,26.4,2.9,0.1098,High,0.8885,5.1,13.6,33.8,0.0846,0.3351,1
Ocean,South_Asia,Europe,11388.8,401.4,238.9,0.5952,Standard,0.9167,6.8,68.4,17.3,0.4651,0.0564,1
Ocean,South_Asia,Europe,17334.0,634.5,82.3,0.1297,Standard,0.9376,11.3,34.4,16.5,0.31,0.5515,1
Air,Latin_America,Europe,7977.0,28.0,24.1,0.8607,Standard,0.6743,18.5,10.9,10.4,0.1144,0.2401,0
Air,Southeast_Asia,Middle_East,6291.4,24.9,9.3,0.3735,High,0.7764,23.4,11.2,17.8,0.4154,0.6434,1
Road,Europe,Europe,1847.5,40.3,38.4,0.9529,High,0.99,47.0,14.2,10.8,0.1922,0.7906,1
Air,Latin_America,North_America,8665.7,30.0,24.2,0.8067,High,0.9095,57.4,92.5,28.1,0.3964,0.4162,1
Rail,South_Asia,South_Asia,3559.3,102.1,8.3,0.0813,Urgent,0.8157,41.0,48.9,11.6,0.0718,0.5961,1
Ocean,Europe,Middle_East,10427.2,375.4,213.4,0.5685,High,0.9478,72.1,27.1,68.5,0.2009,0.111,1
Air,Middle_East,Latin_America,3310.2,21.0,12.5,0.5952,Standard,0.99,27.4,33.6,64.6,0.05,0.4705,1
Ocean,Southeast_Asia,Middle_East,6996.2,269.5,108.5,0.4026,Standard,0.8422,14.8,31.4,51.0,0.4958,0.5296,1
Air,North_America,Latin_America,6396.9,41.9,29.6,0.7064,Standard,0.99,14.4,58.4,32.1,0.05,0.2814,1
Road,North_America,Latin_America,1821.7,31.4,14.6,0.465,Standard,0.6977,40.4,74.3,20.3,0.7286,0.2153,1
Ocean,Europe,North_America,8533.4,316.4,255.2,0.8066,Standard,0.925,36.8,12.2,45.4,0.5353,0.4819,1
Ocean,Southeast_Asia,Latin_America,17503.4,634.8,496.9,0.7828,High,0.8676,37.0,29.8,17.4,0.511,0.2102,1
Road,North_America,North_America,1756.3,32.6,27.6,0.8466,Standard,0.7322,100.0,43.2,15.0,0.1044,0.4929,1
Ocean,Southeast_Asia,Oceania,9846.9,391.0,211.3,0.5404,Standard,0.6707,46.6,44.1,31.5,0.4622,0.9719,1
Ocean,East_Asia,Latin_America,7941.9,340.5,253.3,0.7439,High,0.8523,42.8,13.9,19.3,0.3233,0.4549,1
